refno,incident,service,uic_code,picture,short_sum,loss_inv,url,mgrs,grid,model,tail_no,date,unit
,,VF,,,,TRUE,https://www.vhpa.org/KIA/incident/48QYD937972.HTM,48QYD937972,YD937972,UH-1H,68-16431,,
0015,62100606.KIA,MC,,,Crashed due to mechanical failure while flying SAR for a 20-plane helilift southeast of Tam Ky.,TRUE,https://www.vhpa.org/KIA/incident/62100606KIA.HTM,49PBT470007,BT470007,UH-34D,145790,621006,HMM-163
,05976ACD,AR,,,,FALSE,https://www.vhpa.org/KIA/incident/05976ACD.HTM,49PBR554098,BR554098,CH-21C,56-02079,630321,81 TC CO
,63100810.KIA,MC,,,,TRUE,https://www.vhpa.org/KIA/incident/63100810KIA.HTM,48PYC839399,YC839399,UH-34D,148759,631008,HMM-361
0026,07838ACD,AR,,,,TRUE,https://www.vhpa.org/KIA/incident/07838ACD.HTM,48PWS910400,WS910400,CH-37B,55-00627,631212,61 TR CO
0028,64011813.KIA,AR,,https://www.vhpa.org/pictures/6201880.jpg,,TRUE,https://www.vhpa.org/KIA/incident/64011813KIA.HTM,48PXR700836,XR700836,UH-1B,62-01880,640118,UTT
,07954ACD,AR,WAX7AA,,Crashed 13 KM South of Gai Rai Village.,TRUE,https://www.vhpa.org/KIA/incident/07954ACD.HTM,48PWR515078,WR515078,UH-1B,62-01963,640315,114 AHC
,08619ACD,AR,WAX7AA,,"Shot down on take-off from Cao Lanh Air Field, 3 km south-southeast of Cao Lanh City.",TRUE,https://www.vhpa.org/KIA/incident/08619ACD.HTM,48PWS705532,WS705532,UH-1B,62-01919,640629,114 AHC
,08620ACD,AR,,,Crashed 6 KM North of Tien Phuoc.,FALSE,https://www.vhpa.org/KIA/incident/08620ACD.HTM,49PBT106197,BT106197,UH-1B,62-01879,640630,HHC/52 CAB
,0A005ACD,AR,WBSUAA,,This incident took place 14 KM South of Vinh Long Airfield.,TRUE,https://www.vhpa.org/KIA/incident/0A005ACD.HTM,48PXS055190,XS055190,UH-1B,63-08591,640701,57 MED DET
,,AA,,,,TRUE,https://www.vhpa.org/KIA/incident/64070848QUH280170.HTM,48QUH280170,UH280170,UH-34D,149392,640708,AIR AMERICA
,64081888.KIA,AA,,,Shot down and burned during SAR mission near the Plain of Jars.,TRUE,https://www.vhpa.org/KIA/incident/64081888KIA.HTM,48QUG490250,UG490250,UH-34D,145807,640818,AIR AMERICA LAOS
,0A666ACD,AR,,,,TRUE,https://www.vhpa.org/KIA/incident/0A666ACD.HTM,48PYS570950,YS570950,UH-1B,63-08598,641007,118 AML
,,AF,,,,TRUE,https://www.vhpa.org/KIA/incident/64110148PXT985128.HTM,48PXT985128,XT985128,CH-43,,641101,
,0B315ACD,AR,,,,TRUE,https://www.vhpa.org/KIA/incident/0B315ACD.HTM,48PYT050850,YT050850,UH-1B,63-08718,650115,571 TC DET
,65032828.KIA,MC,,,,TRUE,https://www.vhpa.org/KIA/incident/65032849PAT973578.HTM,49PAT973578,AT973578,UH-34D,148812,650328,HMM-163
,0B765ACD,AR,,,,TRUE,https://www.vhpa.org/KIA/incident/0B765ACD.HTM,49PAQ929568,AQ929568,UH-1B,63-08631,650405,145 AIRLIFT PLAT
,,AF,,,,TRUE,https://www.vhpa.org/KIA/incident/65060249QAT792914.HTM,49QAT792914,AT792914,HH-43F,63-9713,650602,38 ARRS
,65081888.KIA,AR,WAGTT0,,Crewmember was KIA while supporting Hotel 2/4's insertion into LZ BLUE at BS692921.,FALSE,https://www.vhpa.org/KIA/incident/65081888KIA.HTM,49PBS692921,BS692921,UH-1B,63-08711,650818,HHT/1/9 CAV 1 CAV
0152,65092013.KIA,AF,,,,TRUE,https://www.vhpa.org/KIA/incident/65092013KIA.HTM,48QWF775009,WF775009,HH-43F,62-04510,650920,38 ARRS
,0C972ACD,AR,WAGTC0,,Mid air with a U.S. Air Force A-1E during an air strike.,TRUE,https://www.vhpa.org/KIA/incident/0C972ACD.HTM,49PBR615648,BR615648,OH-13S,63-09151,651004,C/1/9 CAV 1 CAV
,651012AA.KIA,AA,,,,TRUE,https://www.vhpa.org/KIA/incident/651012AAKIA.HTM,48PXC675465,XC675465,UH-34D,H-32,651012,AIR AMERICA LAOS
0174,65101805.KIA,VF,,,Crashed in bad weather returning to Kham Duc. Had been the C&C and rescue ship for the first ever SHINING BRASS insertion.,TRUE,https://www.vhpa.org/KIA/incident/65101805KIA.HTM,48PYC895105,YC895105,CH-34,,651018,219 VNAF SQDN
,65110691.BAT,NA,,,,TRUE,https://www.vhpa.org/KIA/incident/65110691BAT.HTM,48QWH712723,WH712723,SH-3A,148993,651106,
0186,65110690.BAT,AF,,,,TRUE,https://www.vhpa.org/KIA/incident/65110690BAT.HTM,48QWH520906,WH520906,CH-3C,63-09685,651106,38 ARRS
0195,65112210.TXT,MC,,,,TRUE,https://www.vhpa.org/KIA/incident/65112210TXT.HTM,49PBT720060,BT720060,UH-34D,147180,651122,HMM-362
,,AR,WAG7AA,https://www.vhpa.org/pictures/6309107.jpg,,FALSE,https://www.vhpa.org/KIA/incident/65112549PBS820430.HTM,49PBS820430,BS820430,OH-13S,63-09107,651125,E/82 ARTY 1 CAV
0203,65120310.KIA,MC,,,,TRUE,https://www.vhpa.org/KIA/incident/65120310KIA.HTM,49PBT031273,BT031273,UH-34D,148762,651203,HMM-364
,,MC,,,,TRUE,https://www.vhpa.org/KIA/incident/65120649PBS762465.HTM,49PBS762465,BS762465,UH-1E,151272,651206,
0208,65120862.KIA,MC,,,,TRUE,https://www.vhpa.org/KIA/incident/65120862KIA.HTM,49PBT281411,BT281411,UH-34D,145768,651208,HMM-364
,65120909.KIA,MC,,,,TRUE,https://www.vhpa.org/KIA/incident/65120949PBT125315.HTM,49PBT125315,BT125315,UH-1E,151847,651209,VMO-2
,0D610ACD,AR,WAR5AA,,,TRUE,https://www.vhpa.org/KIA/incident/0D610ACD.HTM,49PCQ293325,CQ293325,UH-1B,63-08653,660112,197 AHC
,0D877ACD,AR,WAGTA0,,,TRUE,https://www.vhpa.org/KIA/incident/0D877ACD.HTM,49PBR791940,BR791940,OH-13S,63-09210,660219,A/1/9 CAV
,,AR,,,,TRUE,https://www.vhpa.org/KIA/incident/66030149PCQ065725.HTM,49PCQ065725,CQ065725,UH-1D,64-13780,660301,
0280,66032010.KIA,MC,,,,TRUE,https://www.vhpa.org/KIA/incident/66032010KIA.HTM,49QBT010895,BT010895,UH-34D,149351,660320,HMM-163
2036,66041555.KIA,NA,,,"UH-2B on test flight crashed on take-off from USS Kitty Hawk.  Body was not recovered, lost at sea.  Two crew members rescued.",TRUE,https://www.vhpa.org/KIA/incident/66041555KIA.HTM,48QZE080610,ZE080610,UH-2B,150162,660415,HC-1
,,AR,,,,TRUE,https://www.vhpa.org/KIA/incident/66041948PZB890425.HTM,48PZB890425,ZB890425,UH-1B,62-02011,660419,
0327,0E650ACD,AR,,,,TRUE,https://www.vhpa.org/KIA/incident/0E650ACD.HTM,49PCP330930,CP330930,UH-1D,64-13602,660505,
,0E654ACD,AR,WAGTB0,,,TRUE,https://www.vhpa.org/KIA/incident/0E654ACD.HTM,49PBS855100,BS855100,UH-1D,63-12988,660506,B/1/9 CAV 1 CAV
,,AR,,,This destroyed UH-21 found at XT629450 while 2/18 Inf was doing a search and destroy mission along valley.,TRUE,,48PXT629450,XT629450,CH-21C,56-02143,660512,
,,MC,,,,TRUE,https://www.vhpa.org/KIA/incident/66061148QYD041681.HTM,48QYD041681,YD041681,CH-46A,151935,660611,HMM-265
,F192ACD,AR,WAGTB0,,Source indicate to the VHPA that this was the B/1/9th Cav LOH in which WO Smith and his observer died after being hit by ground fire.,TRUE,https://www.vhpa.org/KIA/incident/F192ACD.HTM,48PZA115303,ZA115303,OH-13S,63-09153,660613,B/1/9 CAV
,66062525.KIA,MC,,,,TRUE,https://www.vhpa.org/KIA/incident/66062548QYD569419.HTM,48QYD569419,YD569419,UH-34D,148053,660625,HMM-161
0383,66070333.KIA,VF,,,"While flying SOG RT Nevada from Kham Duc to Kontum, the tail boom folded inflight.",TRUE,https://www.vhpa.org/KIA/incident/66070333KIA.HTM,48PZB188874,ZB188874,CH-34,,660703,219 VNAF SQDN
0390,66070888.KIA,MC,,,,TRUE,https://www.vhpa.org/KIA/incident/66070888KIA.HTM,48QYD885148,YD885148,CH-46A,151947,660708,
,,AF,,,,TRUE,https://www.vhpa.org/KIA/incident/66070848PWS785146.HTM,48PWS785146,WS785146,HH-43B,59-1587,660708,
,,AR,,,,TRUE,https://www.vhpa.org/KIA/incident/66070848PZA189414.HTM,48PZA189414,ZA189414,UH-1B,64-13994,660708,
,,MC,,,,FALSE,https://www.vhpa.org/KIA/incident/66071548QYD038649.HTM,48QYD038649,YD038649,CH-46A,,660715,HMM-265
,,MC,,,,FALSE,https://www.vhpa.org/KIA/incident/66071548QYD038649.HTM,48QYD038649,YD038649,CH-46A,,660715,HMM-265
,,MC,,,,TRUE,https://www.vhpa.org/KIA/incident/66071548QYD038649.HTM,48QYD038649,YD038649,CH-46A,151930,660715,HMM-164
,,MC,,,,TRUE,https://www.vhpa.org/KIA/incident/66071548QYD038649.HTM,48QYD038649,YD038649,CH-46A,151936,660715,HMM-164
,66071515.KIA,MC,,https://www.vhpa.org/pictures/152500.jpg,,TRUE,https://www.vhpa.org/KIA/incident/66071515KIA.HTM,48QYD038649,YD038649,CH-46A,152500,660715,HMM-265
,,MC,,,,TRUE,https://www.vhpa.org/KIA/incident/66071548QYD038649.HTM,48QYD038649,YD038649,CH-46A,157961,660715,HMM-265
,F735ACD,AR,WAGYAA,,,TRUE,https://www.vhpa.org/KIA/incident/F735ACD.HTM,48PZA182955,ZA182955,UH-1D,64-13542,660720,15 MED 1 CAV
0401,66072010.KIA,AR,WC3FAA,,Hit by an RPG,TRUE,https://www.vhpa.org/KIA/incident/66072010KIA.HTM,48PXS668865,XS668865,UH-1B,64-14095,660720,68 AVN
,66072323.KIA,AR,WAAWB0,,,FALSE,https://www.vhpa.org/KIA/incident/66072323KIA.HTM,49PAR768365,AR768365,CH-47A,64-13121,660723,B/228 AVN
,F934ACD,AR,WC3EAA,,,TRUE,https://www.vhpa.org/KIA/incident/F934ACD.HTM,49PCQ200428,CQ200428,UH-1D,64-13772,660801,48 AVN
,66080808.KIA,MC,,,Sparrow Hawk reaction force for recon team 12 KM North of Ca Lu Airfield.,FALSE,https://www.vhpa.org/KIA/incident/66080848QXD984596.HTM,48QXD984596,XD984596,UH-34D,150264,660808,HMM-161
,,AF,,,,TRUE,https://www.vhpa.org/KIA/incident/66090148QTG826130.HTM,48QTG826130,TG826130,CH-3C,64-14227,660901,
,,AR,,,,TRUE,https://www.vhpa.org/KIA/incident/66090848PYU440060.HTM,48PYU440060,YU440060,UH-1C,66-00505,660908,
0472,66092510.TXT,MC,,,,TRUE,https://www.vhpa.org/KIA/incident/66092510TXT.HTM,48QYD031563,YD031563,UH-34D,148776,660925,HMM-161
0474,G509ACD,AR,WAX7AA,,,TRUE,https://www.vhpa.org/KIA/incident/G509ACD.HTM,48PXR735693,XR735693,UH-1B,64-13935,660926,114 AHC
,,AR,,,,TRUE,https://www.vhpa.org/KIA/incident/66100248PXR075615.HTM,48PXR075615,XR075615,UH-1B,63-08697,661002,
0485,66100610.KIA,MC,,,,TRUE,https://www.vhpa.org/KIA/incident/66100610KIA.HTM,48QYD885148,YD885148,CH-46A,151960,661006,HMM-265
,G957ACD,AR,WARJAA,,Hit power lines which crossed highway QL-15 1 KM Northeast of Long Binh Post.,TRUE,https://www.vhpa.org/KIA/incident/G957ACD.HTM,48PYT056085,YT056085,OH-13S,64-15416,661012,HHC 173 ABN
,,AF,,,,TRUE,https://www.vhpa.org/KIA/incident/66102048QWD868962.HTM,48QWD868962,WD868962,HH-3E,65-12778,661020,38 ARRS
,66102811.KIA,AF,,https://www.vhpa.org/pictures/Yes Ed Lemp,Hit by an RPG during a host mission to rescue US Army soldiers.,TRUE,https://www.vhpa.org/KIA/incident/66102811KIA.HTM,48PYA754546,YA754546,HH-43B,62-04511,661028,38 ARRS DET 9
,66103055.KIA,AR,WC7ZAA,,Shot down during resupply mission 7 km north-northwest of Plei Djereng Air Field (old).,TRUE,https://www.vhpa.org/KIA/incident/66103055KIA.HTM,48PYA832602,YA832602,UH-1D,64-13587,661030,155 AHC
,H123ACD,AR,WAYAAA,,,TRUE,https://www.vhpa.org/KIA/incident/H123ACD.HTM,48PYA585562,YA585562,UH-1B,63-08600,661111,119 AHC
,H124ACD,AR,WAX8AA,,,TRUE,https://www.vhpa.org/KIA/incident/H124ACD.HTM,48PYA585562,YA585562,UH-1B,63-08663,661111,117 AHC
,66111101.KIA,AR,,,Aircraft took hostile fire during emergency resupply mission.,FALSE,https://www.vhpa.org/KIA/incident/66111101.KIA,48PYA605514,YA605514,UH-1D,65-09711,661111,281 AHC
,H648ACD,AR,WC4YAA,,"The pilots were assigned to S-4, 52nd CAB and  borrowed this helicopter from the 170 AHC.",TRUE,https://www.vhpa.org/KIA/incident/H648ACD.HTM,48PYA857535,YA857535,UH-1D,65-09903,661111,170 AHC
,,AF,,,,TRUE,https://www.vhpa.org/KIA/incident/66112948QTG826148.HTM,48QTG826148,TG826148,CH-3C,64-14231,661129,38 ARRS
0537,66120210.TXT,AR,WFJFAA,,,TRUE,https://www.vhpa.org/KIA/incident/66120210TXT.HTM,48QXD633631,XD633631,UH-1D,65-10088,661202,281 AHC
1113,,MC,,,,TRUE,https://www.vhpa.org/KIA/incident/66120648QYD745000.HTM,48QYD745000,YD745000,UH-34D,143974,661206,
,H622ACD,AR,WC7ZAA,,,TRUE,https://www.vhpa.org/KIA/incident/H622ACD.HTM,48PYA663838,YA663838,UH-1D,65-09990,661220,155 AHC
2014,67011222.KIA,NA,,,,TRUE,https://www.vhpa.org/KIA/incident/67011222KIA.HTM,48QYF045370,YF045370,SH-3A,149909,670112,
,67011919.KIA,AR,WAJ1AA,,,FALSE,https://www.vhpa.org/KIA/incident/67011919KIA.HTM,48PZA172586,ZA172586,UH-1C,66-00545,670119,4 AVN 4 INF
,67012828.KIA,MC,,,Received multiple small arms hits and was forced to land.  CE died of wounds.,FALSE,https://www.vhpa.org/KIA/incident/67012828KIA.HTM,49PBS816394,BS816394,CH-46A,152566,670128,HMM-262
,67020202.KIA,AR,WBSZAA,,,TRUE,https://www.vhpa.org/KIA/incident/67020202KIA.HTM,48PXT967268,XT967268,UH-1D,65-12881,670202,283 MED DET
,670206121ACD,AR,WARTAA,,,TRUE,https://www.vhpa.org/KIA/incident/670206121ACD.HTM,48PXT862158,XT862158,UH-1D,64-13563,670206,71 AHC
0591,67020610.KIA,AF,,,,TRUE,https://www.vhpa.org/KIA/incident/67020610KIA.HTM,48QWE847643,WE847643,HH-3E,65-12779,670206,38 ARRS DET 5
,67021501.KIA,AR,,,Shot down from a hover in LZ.,TRUE,https://www.vhpa.org/KIA/incident/67021501KIA.HTM,48PWR456722,WR456722,UH-1D,65-09854,670215,336 AHC
0595,67021711.TXT,AR,WAKED0,,,TRUE,https://www.vhpa.org/KIA/incident/67021711TXT.HTM,48PYA568588,YA568588,OH-23G,64-15293,670217,D/1/10 CAV 4 INF
,67021717.KIA,AR,WAKED0,,Shot down in the Plei Trap Valley.,TRUE,https://www.vhpa.org/KIA/incident/67021717KIA.HTM,48PYA568558,YA568558,OH-23G,64-15313,670217,D/1/10 CAV 4 INF
0602,67022710.TXT,NA,,,,TRUE,https://www.vhpa.org/KIA/incident/67022710TXT.HTM,48QYE855130,YE855130,UH-2B,151317,670227,HC 1
0620,67031310.TXT,MC,,,,TRUE,https://www.vhpa.org/KIA/incident/67031310TXT.HTM,48QYD100525,YD100525,UH-34D,150574,670313,
,67031999.KIA,AR,WC3FAA,,"Hit mine while landing troops during operation Junction City at FSB Gold (Suoi Tre), 16 KM NE of Nui Ba Den Mountain.",TRUE,https://www.vhpa.org/KIA/incident/67031999KIA.HTM,48PXT385705,XT385705,UH-1D,64-13799,670319,68 AHC
,670320011ACD,AR,WBSUAA,,Crashed into the West side of Nui Ba Den during a night medivac in route to pick up an injured soldier.,TRUE,https://www.vhpa.org/KIA/incident/670320011ACD.HTM,48PXT262592,XT262592,UH-1D,65-10043,670320,57 MED DET
,,AR,WALZA0,,,FALSE,https://www.vhpa.org/KIA/incident/67032548PXT380980.HTM,48PXT380980,XT380980,UH-1D,65-10120,670325,A/25 AVN 25 INF
,67033120.KIA,AF,,,Hit by ground fire during resupply mission.,TRUE,https://www.vhpa.org/KIA/incident/67033120KIA.HTM,48PYB549190,YB549190,UH-1F,65-07932,670331,20 SOS
2021,67040510.KIA,MC,,,Two mines were command detonated in landing zone 4 km East-Southeast of Duc Pho causing a total of 12 KIAs.,TRUE,https://www.vhpa.org/KIA/incident/67040510KIA.HTM,49PBS753015,BS753015,UH-1E,151852,670405,
,670408041ACD,AR,WDFWA0,,,TRUE,https://www.vhpa.org/KIA/incident/670408041ACD.HTM,48PXT705860,XT705860,UH-1D,66-00766,670408,A/9 AVN 9 INF
,67041616.KIA,AR,WAGTB0,,,TRUE,https://www.vhpa.org/KIA/incident/67041616KIA.HTM,49PBS785495,BS785495,UH-1B,63-08736,670416,B/1/9 CAV
0657,67042710.KIA,MC,,,,TRUE,https://www.vhpa.org/KIA/incident/67042710KIA.HTM,49PCT700200,CT700200,UH-34D,148071,670427,HMM-263
0665,67050110.KIA,MC,,,Lost both engines during medevac mission to SANCTUARY. All but one of the crew and some of the medevacs survived.,TRUE,https://www.vhpa.org/KIA/incident/67050110KIA.HTM,49PBT750150,BT750150,CH-46A,150268,670501,HMM-165
,670501171ACD,AR,WGPQAA,,,TRUE,https://www.vhpa.org/KIA/incident/670501171ACD.HTM,48PYT086035,YT086035,UH-1D,64-13738,670501,335 AHC
,670501172ACD,AR,WGPQAA,,,FALSE,https://www.vhpa.org/KIA/incident/670501172ACD.HTM,48PYT086035,YT086035,UH-1D,66-01159,670501,335 AHC
,670502161ACD,AR,WARTAA,,,TRUE,https://www.vhpa.org/KIA/incident/670502161ACD.HTM,49PBS641951,BS641951,UH-1D,64-13715,670502,71 AHC
,,AF,,,,TRUE,https://www.vhpa.org/KIA/incident/67050849PAT860655.HTM,49PAT860655,AT860655,HH-43F,63-9715,670508,38 ARRS
,67051818.KIA,AR,WAGTB0,,Shot down at 1845 hours killing pilot and seriously wounding the observer.  The observer was lifted out by a Shark aircraft.,TRUE,https://www.vhpa.org/KIA/incident/67051818KIA.HTM,49PBS820430,BS820430,OH-13S,63-09107,670518,B/1/9 CAV
,670519112ACD,AR,WGPRAA,,,TRUE,https://www.vhpa.org/KIA/incident/670519112ACD.HTM,48PXR075615,XR075615,UH-1D,64-13521,670519,336 AHC
,670519061ACD,AR,WAX9AA,,,TRUE,https://www.vhpa.org/KIA/incident/670519061ACD.HTM,48PXS075485,XS075485,UH-1D,66-01037,670519,118 AHC
,670519111ACD,AR,WGPRAA,,,TRUE,https://www.vhpa.org/KIA/incident/670519111ACD.HTM,48PXR075615,XR075615,UH-1D,66-01154,670519,336 AHC
,,AF,,,,TRUE,https://www.vhpa.org/KIA/incident/67052148PYS114908.HTM,48PYS114908,YS114908,HH-43F,63-9711,670521,38 ARRS
0703,67052115.KIA,AR,WFJFAA,,,TRUE,https://www.vhpa.org/KIA/incident/67052115KIA.HTM,48QYC458874,YC458874,UH-1C,65-09480,670521,281 AHC
0708,67052310.KIA,NA,,,,TRUE,https://www.vhpa.org/KIA/incident/67052310KIA.HTM,48QYF108686,YF108686,SH-3A,148985,670523,HS-2 CVS-12
,670526051ACD,AR,WAAVC0,,,TRUE,https://www.vhpa.org/KIA/incident/670526051ACD.HTM,49PBR933896,BR933896,UH-1D,65-10089,670526,C/227 AVN
,,AR,,,,TRUE,https://www.vhpa.org/KIA/incident/67052749PCP025175.HTM,49PCP025175,CP025175,UH-1D,66-16163,670527,DIROF SUP TRAN
,670601051ACD,AR,,,,TRUE,https://www.vhpa.org/KIA/incident/670601051ACD.HTM,48PXT751016,XT751016,OH-23G,62-03793,670601,HHC/1 BDE 25 INF
0720,67060310.TXT,MC,,,This helicopter was shot down while attempting to extract part of a Nung Hatchet Force company on a SOG operation.,TRUE,https://www.vhpa.org/KIA/incident/67060310TXT.HTM,48QXD795050,XD795050,CH-46A,150955,670603,HMM-165
,,AR,WFELAA,,,TRUE,https://www.vhpa.org/KIA/incident/67060548PYS040090.HTM,48PYS040090,YS040090,UH-1D,66-01146,670605,162 AHC
0726,67060811.KIA,MC,,,,TRUE,https://www.vhpa.org/KIA/incident/67060811KIA.HTM,48QXD763476,XD763476,UH-1E,154763,670608,VMO-3
0734,67061120.KIA,MC,,,,TRUE,https://www.vhpa.org/KIA/incident/67061120KIA.HTM,48QYD048689,YD048689,CH-46A,150270,670611,HMM-265
0731,670611061ACD,AR,WAAVB0,,,TRUE,https://www.vhpa.org/KIA/incident/670611061ACD.HTM,49PCQ555705,CQ555705,UH-1D,63-12958,670611,B/227 AVN
0737,67061814.KIA,AR,WFBET0,,,TRUE,https://www.vhpa.org/KIA/incident/67061814KIA.HTM,49PBT275115,BT275115,OH-23G,64-15194,670618,HHC 196 LIB
0746,67063013.KIA,MC,,,,TRUE,https://www.vhpa.org/KIA/incident/67063013KIA.HTM,48QYC892958,YC892958,CH-46A,152501,670630,HMM-265
,670705081ACD,AR,WARTAA,,,TRUE,https://www.vhpa.org/KIA/incident/670705081ACD.HTM,49PBT401145,BT401145,UH-1D,64-13568,670705,71 AHC
,,AA,,,Over loaded aircraft crashed during take-off and was destroyed.,TRUE,https://www.vhpa.org/KIA/incident/67070748QTF6272.HTM,48QTF6272,TF6272,UH-34D,153697,670707,AIR AMERICA LAOS
0768,67071910.KIA,NA,,,,TRUE,https://www.vhpa.org/KIA/incident/67071910KIA.HTM,48QWH814646,WH814646,SH-3A,151538,670719,HS-2
,67071909.KIA,AR,WAJ1A0,,Hit by .30 cal fire. Crashed 4 KM East-Northeast of Phu Nhon on highway QL-14.,TRUE,https://www.vhpa.org/KIA/incident/67071909KIA.HTM,49PAR900002,AR900002,UH-1D,65-12891,670719,A/4 AVN 4 INF
,,AR,,,,TRUE,https://www.vhpa.org/KIA/incident/67072649PBS739562.HTM,49PBS739562,BS739562,OH-23G,63-12857,670726,3 BDE 25 INF
0777,67073010.KIA,MC,,,,TRUE,https://www.vhpa.org/KIA/incident/67073010KIA.HTM,48QYD092733,YD092733,CH-46A,151945,670730,HMM-164
,670731012ACD,AR,WDUUAA,,,TRUE,https://www.vhpa.org/KIA/incident/670731012ACD.HTM,49PCQ240350,CQ240350,UH-1C,66-00707,670731,188 AHC
,670731011ACD,AR,WDUUAA,,,TRUE,https://www.vhpa.org/KIA/incident/670731011ACD.HTM,49PCQ240350,CQ240350,UH-1C,66-00710,670731,188 AHC
,670731061ACD,AR,,,,TRUE,https://www.vhpa.org/KIA/incident/670731061ACD.HTM,48PZA113343,ZA113343,UH-1H,66-16529,670731,189 AHC 52 CAB
0784,67080310.KIA,MC,,,,TRUE,https://www.vhpa.org/KIA/incident/67080310KIA.HTM,48QYC545820,YC545820,CH-46A,151923,670803,HMM-164
,67080808.KIA,AA,,,Pilot began disorientated in overcast and flew into a cliff.,TRUE,https://www.vhpa.org/KIA/incident/67080808KIA.HTM,48PXC435045,XC435045,UH-34D,153130,670808,AIR AMERICA LAOS
,67080999.KIA,AR,WAGTC0,,,TRUE,https://www.vhpa.org/KIA/incident/67080999KIA.HTM,49PBS323493,BS323493,UH-1C,65-09422,670809,C/1/9 CAV
,,AF,,,,TRUE,https://www.vhpa.org/KIA/incident/67082348QUH835596.HTM,48QUH835596,UH835596,CH-3C,64-14236,670823,
0811,670824101ACD,AR,,,,TRUE,https://www.vhpa.org/KIA/incident/670824101ACD.HTM,48PZA087831,ZA087831,UH-1H,66-16526,670824,119 AHC 52 AVN
,67083111.KIA,MC,,,Disintegrated in the air due to aft plyon structural failure while moving the aircraft and a med-evac to LPH-10.,TRUE,https://www.vhpa.org/KIA/incident/67083111KIA.HTM,48QYD468553,YD468553,CH-46A,152569,670831,HMM-262
0824,67090113.KIA,NA,WEAWLF,,,TRUE,https://www.vhpa.org/KIA/incident/67090113KIA.HTM,48PXR430600,XR430600,UH-1B,63-08570,670901,HA(L)-3
,670902041ACD,AR,WCDXAA,,,TRUE,https://www.vhpa.org/KIA/incident/670902041ACD.HTM,48PYA881293,YA881293,UH-1D,66-16373,670902,2 SIG
,,AF,,,,TRUE,https://www.vhpa.org/KIA/incident/67092149PAR782884.HTM,49PAR782884,AR782884,UH-1F,65-07923,670921,20 SOS
,,AR,WDUVAA,,,TRUE,https://www.vhpa.org/KIA/incident/67092149PBS030173.HTM,49PBS030173,BS030173,UH-1H,66-16166,670921,189 AHC
,,NA,,,,TRUE,https://www.vhpa.org/KIA/incident/67100448QXJ992250.HTM,48QXJ992250,XJ992250,UH-2B,150153,671004,
,671019101ACD,AR,WC42AA,,,TRUE,https://www.vhpa.org/KIA/incident/671019101ACD.HTM,49PBS786393,BS786393,UH-1D,64-13555,671019,174 AHC
,,AF,,,,TRUE,https://www.vhpa.org/KIA/incident/67102748PYC283700.HTM,48PYC283700,YC283700,HH-3E,66-13283,671027,
0899,67110842.KIA,AR,WDUVAA,,,TRUE,https://www.vhpa.org/KIA/incident/67110842KIA.HTM,48PYB800300,YB800300,UH-1C,66-00695,671108,189 AVN
0902,67110801.TXT,AF,,,,TRUE,https://www.vhpa.org/KIA/incident/67110801TXT.HTM,48QYC012973,YC012973,HH-3E,66-13279,671108,37 ARRS
,67111090.KIA,AR,WAYAAA,,,TRUE,https://www.vhpa.org/KIA/incident/67111090KIA.HTM,48PYB896149,YB896149,UH-1C,66-00594,671110,119 AHC
,67111313.KIA,AR,WAGTB0,,,TRUE,https://www.vhpa.org/KIA/incident/67111313KIA.HTM,49PBT093311,BT093311,UH-1C,65-09505,671113,B/1/9 CAV
,67111411.KIA,AR,WAAVC0,,Main rotor shot off by AAA.,TRUE,https://www.vhpa.org/KIA/incident/67111411KIA.HTM,49PBT085310,BT085310,UH-1D,66-01006,671114,C/227 AVN 1 CAV
,67111919.KIA,AR,WAGTA0,,Crashed while on a gun run.  The Navy officer was on board as an observer performing the function of a gunner.,FALSE,https://www.vhpa.org/KIA/incident/67111919KIA.HTM,49PBS580070,BS580070,UH-1C,,671119,A/1/9 CAV
,671129111ACD,AR,WAGTA0,,,FALSE,https://www.vhpa.org/KIA/incident/671129111ACD.HTM,49PBS667227,BS667227,UH-1C,65-09432,671129,A/1/9 CAV
0931,67113033.KIA,MC,,,,TRUE,https://www.vhpa.org/KIA/incident/67113033KIA.HTM,49QAU810200,AU810200,UH-34D,148810,671130,HMM-362
,,AR,WAX8AA,,,TRUE,https://www.vhpa.org/KIA/incident/67120149PBN350378.HTM,49PBN350378,BN350378,UH-1D,66-00800,671201,117 AHC
0933,67120210.KIA,AR,WC3EAA,,,TRUE,https://www.vhpa.org/KIA/incident/67120210KIA.HTM,49PCQ248362,CQ248362,UH-1D,66-00811,671202,48 AHC
,,AR,WAX8AA,,,TRUE,https://www.vhpa.org/KIA/incident/67120349PBN645710.HTM,49PBN645710,BN645710,UH-1D,64-13583,671203,117 AHC
,67120414.KIA,AR,WAJ1A0,,"Shot down during a ""sniffer"" mission.",TRUE,https://www.vhpa.org/KIA/incident/67120414KIA.HTM,48PYB772055,YB772055,UH-1H,66-16587,671204,A/4 AVN 4 INF
,671213011ACD,AR,WC44AA,,,TRUE,https://www.vhpa.org/KIA/incident/671213011ACD.HTM,49PBT445079,BT445079,UH-1D,66-01186,671213,176 AHC
,,AR,WG0YAA,,,TRUE,https://www.vhpa.org/KIA/incident/67121448PYA677826.HTM,48PYA677826,YA677826,UH-1D,66-00916,671214,355 AVN
,,AR,,,,TRUE,https://www.vhpa.org/KIA/incident/67121448PYA720870.HTM,48PYA720870,YA720870,UH-1D,66-01152,671214,
,,AR,,,,TRUE,https://www.vhpa.org/KIA/incident/67121748PXT460040.HTM,48PXT460040,XT460040,UH-1C,66-00631,671217,
,67122910.KIA,AR,WAG3C0,,"Crashed into the Ky Lam River at BT001553, 7 KM S-SW Dien Ban.",TRUE,https://www.vhpa.org/KIA/incident/67122910KIA.HTM,49PBT001553,BT001553,UH-1B,64-14034,671229,C/2/20 ARA
,,AF,,,,TRUE,https://www.vhpa.org/KIA/incident/67123048QUH610672.HTM,48QUH610672,UH610672,CH-3C,63-9678,671230,
,680101031ACD,AR,WAYPAA,,,TRUE,https://www.vhpa.org/KIA/incident/680101031ACD.HTM,49PBR569432,BR569432,UH-1D,66-16629,680101,61 AHC
,,MC,,,,FALSE,https://www.vhpa.org/KIA/incident/68010248PZC208591.HTM,48PZC208591,ZC208591,UH-1E,,680102,VMO-2
,,MC,,,,FALSE,https://www.vhpa.org/KIA/incident/68010249PAT979601.HTM,49PAT979601,AT979601,UH-34D,,680102,HMM-363
,,MC,,,,FALSE,https://www.vhpa.org/KIA/incident/68010248QYD650340.HTM,48QYD650340,YD650340,CH-53A,152418,680102,HMH-463
,,MC,,,,FALSE,https://www.vhpa.org/KIA/incident/68010248QYD465376.HTM,48QYD465376,YD465376,CH-53A,153281,680102,HMH-463
,68010202.KIA,AR,WAGTC0,https://www.vhpa.org/pictures/6600574.jpg,Shot down near An Lac  UTM is approximate.,TRUE,https://www.vhpa.org/KIA/incident/68010202KIA.HTM,49PBR994824,BR994824,UH-1C,66-00574,680102,C/1/9 CAV
0961,68010329.KIA,AR,,,MACV Recondo school training patrol extraction mission.,FALSE,https://www.vhpa.org/KIA/incident/68010329KIA.HTM,49PBP804769,BP804769,UH-1H,,680103,
,,MC,,,,FALSE,https://www.vhpa.org/KIA/incident/68010349PBT045519.HTM,49PBT045519,BT045519,UH-34D,,680103,HMM-363
,,MC,,,,FALSE,https://www.vhpa.org/KIA/incident/68010349PBT013642.HTM,49PBT013642,BT013642,CH-46A,151933,680103,HMM-265
,,MC,,,,FALSE,https://www.vhpa.org/KIA/incident/68010448QZC179801.HTM,48QZC179801,ZC179801,CH-46A,,680104,HMM-265
,,AR,WAGFAA,,,TRUE,https://www.vhpa.org/KIA/incident/68010449PBS881075.HTM,49PBS881075,BS881075,OH-13S,64-15432,680104,1 BDE 1 CAV
,,AR,WC7ZAA,,,TRUE,https://www.vhpa.org/KIA/incident/68010449PAQ814038.HTM,49PAQ814038,AQ814038,UH-1D,66-16382,680104,155 AHC
,,AR,WC7ZAA,,,TRUE,https://www.vhpa.org/KIA/incident/68010449PAQ814038.HTM,49PAQ814038,AQ814038,UH-1D,66-16383,680104,155 AHC
,,AR,WAAVC0,,,TRUE,https://www.vhpa.org/KIA/incident/68010449PAT998321.HTM,49PAT998321,AT998321,UH-1D,66-16770,680104,C/227 AVN
,,MC,,,,FALSE,https://www.vhpa.org/KIA/incident/68010549PBT048605.HTM,49PBT048605,BT048605,UH-34D,,680105,HMM-363
,,MC,,,,FALSE,https://www.vhpa.org/KIA/incident/68010549PAT840480.HTM,49PAT840480,AT840480,UH-34D,,680105,HMM-363
,,MC,,,,FALSE,https://www.vhpa.org/KIA/incident/68010549PAT904548.HTM,49PAT904548,AT904548,UH-34D,,680105,HMM-363
,68010555.TXT,AR,WDUTAA,,Shot down by heavy automatic weapons fire while on combat assault.  SP4 Scruton trapped under helicopter when it burned.,TRUE,https://www.vhpa.org/KIA/incident/68010548PXT533902.HTM,48PXT533902,XT533902,UH-1,,680105,187 AHC
0966,,AR,WARTAA,,,TRUE,https://www.vhpa.org/KIA/incident/68010549PAT967265.HTM,49PAT967265,AT967265,UH-1C,66-00504,680105,71 AHC
0967,68010501.TXT,AR,WC44AA,,,TRUE,https://www.vhpa.org/KIA/incident/68010501TXT.HTM,48QXD723022,XD723022,UH-1D,66-01172,680105,176 AHC
,680105071ACD,AR,WDYBAA,,,TRUE,https://www.vhpa.org/KIA/incident/680105071ACD.HTM,48PYT150018,YT150018,UH-1D,66-16183,680105,240 AHC
,,MC,,,,FALSE,https://www.vhpa.org/KIA/incident/68010649PBT036616.HTM,49PBT036616,BT036616,UH-34D,150573,680106,HMM-363
,,MC,,,,FALSE,https://www.vhpa.org/KIA/incident/68010749PBT135593.HTM,49PBT135593,BT135593,UH-34D,150240,680107,HMM-363
,,MC,,,,FALSE,https://www.vhpa.org/KIA/incident/68010749PBT135593.HTM,49PBT135593,BT135593,UH-34D,150258,680107,HMM-363
,,AR,WAG3C0,,,TRUE,https://www.vhpa.org/KIA/incident/68010748PZC161434.HTM,48PZC161434,ZC161434,UH-1B,64-14069,680107,C/2/20 ARA
,,MC,,,,FALSE,https://www.vhpa.org/KIA/incident/68010849PBT120600.HTM,49PBT120600,BT120600,CH-46A,,680108,HMM-265
,68010863.KIA,MC,,,"Aircraft accident, crashed into mountain during IFR flight.",TRUE,https://www.vhpa.org/KIA/incident/68010863KIA.HTM,48QYD234260,YD234260,CH-53A,153710,680108,HMH-463
,,AR,WAX7AA,,,TRUE,https://www.vhpa.org/KIA/incident/68010848PXS058350.HTM,48PXS058350,XS058350,UH-1D,64-13612,680108,114 AHC
,,MC,,,,FALSE,https://www.vhpa.org/KIA/incident/68010949PAT987612.HTM,49PAT987612,AT987612,UH-1E,,680109,VMO-2
0979,68010910.KIA,AR,WAZNC0,,May have overflown turn point on way to the OA. Shot down by heavy AW fire. Crashed and burned completely.,TRUE,https://www.vhpa.org/KIA/incident/68010910KIA.HTM,49PAT955308,AT955308,UH-1C,66-00745,680109,C/7/17 CAV
,,AR,WDUVAA,,,FALSE,https://www.vhpa.org/KIA/incident/68011049PAR884796.HTM,49PAR884796,AR884796,UH-1H,,680110,189 AHC
,68011011.KIA,AR,WC3HAA,https://www.vhpa.org/pictures/6414011.jpg,,TRUE,https://www.vhpa.org/KIA/incident/68011011KIA.HTM,48PXT583292,XT583292,UH-1B,64-14011,680110,128 AHC
,68011061.BAT,AR,WAX5AA,,This aircraft is specifically mentioned as being damaged during the B-40 and satchel charge attack on Kontum Airfield.,FALSE,https://www.vhpa.org/KIA/incident/68011061BAT.HTM,49PAR785889,AR785889,UH-1D,66-01055,680110,57 AHC
,68011061.BAT,AR,WAX5AA,,This aircraft is specifically mentioned as being damaged during the B-40 and satchel charge attack on Kontum Airfield.,FALSE,https://www.vhpa.org/KIA/incident/68011061BAT.HTM,49PAR785889,AR785889,UH-1H,66-01065,680110,57 AHC
,68011061.BAT,AR,WAX5AA,,This aircraft is specifically mentioned as being damaged during the B-40 and satchel charge attack on Kontum Airfield.,FALSE,https://www.vhpa.org/KIA/incident/68011061BAT.HTM,49PAR785889,AR785889,UH-1H,66-01196,680110,57 AHC
,,MC,,,,FALSE,https://www.vhpa.org/KIA/incident/68011149PAT960515.HTM,49PAT960515,AT960515,UH-34D,,680111,HMM-363
,,MC,,,,FALSE,https://www.vhpa.org/KIA/incident/68011149PAT925515.HTM,49PAT925515,AT925515,UH-34D,,680111,HMM-363
,68011061.BAT,AR,WAX5AA,,This aircraft is specifically mentioned as being destroyed during the B-40 and satchel charge attack on Kontum Airfield.,TRUE,https://www.vhpa.org/KIA/incident/68011061BAT.HTM,49PAR785889,AR785889,UH-1C,66-15149,680111,57 AHC
,,MC,,,,FALSE,https://www.vhpa.org/KIA/incident/68011249PBT104584.HTM,49PBT104584,BT104584,CH-53A,153715,680112,
,,AR,WC3EAA,,,TRUE,https://www.vhpa.org/KIA/incident/68011249PCP021105.HTM,49PCP021105,CP021105,UH-1D,64-13778,680112,48 AHC
,,AR,WC3GAA,,,TRUE,https://www.vhpa.org/KIA/incident/68011248PXT508881.HTM,48PXT508881,XT508881,UH-1D,65-10084,680112,116 AHC
,,AR,WDUTAA,,,TRUE,https://www.vhpa.org/KIA/incident/68011248PXT490863.HTM,48PXT490863,XT490863,UH-1D,65-10107,680112,187 AHC
,68011061.BAT,AR,WAX5AA,,This aircraft is specifically mentioned as being destroyed during the B-40 and satchel charge attack on Kontum Airfield.,TRUE,https://www.vhpa.org/KIA/incident/68011061BAT.HTM,49PAR782884,AR782884,UH-1D,66-01066,680112,57 AHC
,68011061.BAT,AR,WAX5AA,,This aircraft is specifically mentioned as being destroyed during the B-40 and satchel charge attack on Kontum Airfield.,TRUE,https://www.vhpa.org/KIA/incident/68011061BAT.HTM,49PAR782884,AR782884,UH-1D,66-01138,680112,57 AHC
,,AR,WDFWB0,,,TRUE,https://www.vhpa.org/KIA/incident/68011248PXS513665.HTM,48PXS513665,XS513665,UH-1C,66-15022,680112,B/9 AVN 9 INF
,68011061.BAT,AR,WAX5AA,,This aircraft is one of seven listed as being destroyed during the B-40 and satchel charge attack on Kontum Airfield. Seven KIAs.,TRUE,https://www.vhpa.org/KIA/incident/68011061BAT.HTM,49PAR782884,AR782884,UH-1C,66-15081,680112,57 AHC
,,AR,WC08AA,,,TRUE,https://www.vhpa.org/KIA/incident/68011248PXS860703.HTM,48PXS860703,XS860703,UH-1D,66-16267,680112,135 AHC
,,AR,WAGHAA,,,TRUE,https://www.vhpa.org/KIA/incident/68011249PAT999339.HTM,49PAT999339,AT999339,UH-1H,66-16946,680112,3 BDE 1 CAV
,,AR,WBMZAA,,,TRUE,https://www.vhpa.org/KIA/incident/68011348PYS278835.HTM,48PYS278835,YS278835,UH-1D,66-16402,680113,45 MED
,,MC,,,,FALSE,https://www.vhpa.org/KIA/incident/68011449PBT018567.HTM,49PBT018567,BT018567,UH-34D,148091,680114,HMM-363
,,MC,,,,FALSE,https://www.vhpa.org/KIA/incident/68011549PAT914501.HTM,49PAT914501,AT914501,UH-34D,,680115,HMM-363
,,AF,,,,TRUE,https://www.vhpa.org/KIA/incident/68011548QVH774519.HTM,48QVH774519,VH774519,HH-3E,64-14233,680115,37 ARRS
,68011517.KIA,AR,WC4YAA,,,TRUE,https://www.vhpa.org/KIA/incident/68011517KIA.HTM,48PZB179105,ZB179105,UH-1H,66-16576,680115,170 AHC
,,MC,,,,FALSE,https://www.vhpa.org/KIA/incident/68011649PAT8833.HTM,49PAT8833,AT8833,UH-1E,,680116,VMO-2
,,AR,WAZNB0,,"Took hits in the tail rotor during a VR, crashed in the trees.",TRUE,https://www.vhpa.org/KIA/incident/68011648PYB782229.HTM,48PYB782229,YB782229,OH-6A,65-12989,680116,B/7/17 CAV
,,MC,,,,FALSE,https://www.vhpa.org/KIA/incident/68011749PBT082625.HTM,49PBT082625,BT082625,CH-46A,,680117,HMM-265
,,AR,WG0YAA,,,TRUE,https://www.vhpa.org/KIA/incident/68011848PXS786832.HTM,48PXS786832,XS786832,UH-1D,65-09608,680118,355 AVN
,,AR,,,,TRUE,https://www.vhpa.org/KIA/incident/68011848QYD739314.HTM,48QYD739314,YD739314,UH-1D,66-01157,680118,E/82 ARTY 1 CAV
,,AR,WC08AA,,,TRUE,https://www.vhpa.org/KIA/incident/68011848PYS370762.HTM,48PYS370762,YS370762,UH-1C,66-15126,680118,135 AHC
,68011888.KIA,AR,WAAXA0,,,TRUE,https://www.vhpa.org/KIA/incident/68011888KIA.HTM,49PCR005816,CR005816,UH-1D,66-16800,680118,A/229 AVN
,,AA,,,Shot down with 12 passengers and a crew of two.,TRUE,https://www.vhpa.org/KIA/incident/68011848QTH700760.HTM,48QTH700760,TH700760,UH-34D,H-55,680118,AIR AMERICA LAOS
,,MC,,,,FALSE,https://www.vhpa.org/KIA/incident/68011949PBT075615.HTM,49PBT075615,BT075615,CH-46A,,680119,HMM-265
,,MC,,,,FALSE,https://www.vhpa.org/KIA/incident/68012049PAT911502.HTM,49PAT911502,AT911502,UH-34D,,680120,HMM-363
,,MC,,,,FALSE,https://www.vhpa.org/KIA/incident/68012049PAT9352.HTM,49PAT9352,AT9352,UH-34D,,680120,HMM-363
,,MC,,,,FALSE,https://www.vhpa.org/KIA/incident/68012049PBT091600.HTM,49PBT091600,BT091600,CH-53A,152409,680120,HMH-463
,68012020.KIA,AR,WAAVD0,,Aircraft hit unknown object and crashed offshore 14 KM N-NW of Chu Lai.,TRUE,https://www.vhpa.org/KIA/incident/68012020KIA.HTM,49PBT474163,BT474163,UH-1B,64-14058,680120,D/227 AVN
,,MC,,,,FALSE,https://www.vhpa.org/KIA/incident/68012149PAT999463.HTM,49PAT999463,AT999463,CH-46A,151942,680121,HMM-265
1000,68012122.KIA,AR,WFJGAA,,,TRUE,https://www.vhpa.org/KIA/incident/68012122KIA.HTM,48QXD860385,XD860385,UH-1D,66-01027,680121,282 AHC
,,MC,,,,FALSE,https://www.vhpa.org/KIA/incident/68012248QZC137962.HTM,48QZC137962,ZC137962,UH-1E,,680122,VMO-2
,68012200.KIA,AR,WAZNA0,,Shot down while marking an enemy position for the gunships and airstrikes.,TRUE,https://www.vhpa.org/KIA/incident/68012200KIA.HTM,48PZA071503,ZA071503,OH-6A,66-07832,680122,A/7/17 CAV
,,AR,WGPQAA,,,TRUE,https://www.vhpa.org/KIA/incident/68012349PBQ995543.HTM,49PBQ995543,BQ995543,UH-1B,63-08648,680123,335 AHC
,,MC,,,,FALSE,https://www.vhpa.org/KIA/incident/68012449PAT107572.HTM,49PAT107572,AT107572,UH-1E,,680124,VMO-2
,,AR,WAGHAA,,,TRUE,https://www.vhpa.org/KIA/incident/68012449PBS046877.HTM,49PBS046877,BS046877,UH-1D,65-09686,680124,3 BDE 1 CAV
,680125161ACD,AR,WAZNB0,,,TRUE,https://www.vhpa.org/KIA/incident/680125161ACD.HTM,49PAR815362,AR815362,UH-1C,66-15001,680125,B/7/17 CAV
,,AR,,,,TRUE,https://www.vhpa.org/KIA/incident/68012548PWR787280.HTM,48PWR787280,WR787280,UH-1D,66-16367,680125,
,,MC,,,,FALSE,https://www.vhpa.org/KIA/incident/68012649PBT1757.HTM,49PBT1757,BT1757,CH-46A,,680126,HMM-265
,,MC,,,,FALSE,https://www.vhpa.org/KIA/incident/68012648QXD77438.HTM,48QXD77438,XD77438,CH-53A,152329,680126,
,,MC,,,,FALSE,https://www.vhpa.org/KIA/incident/68012749PAT860504.HTM,49PAT860504,AT860504,UH-1E,,680127,VMO-2
,,MC,,,,FALSE,https://www.vhpa.org/KIA/incident/68012848QXD863415.HTM,48QXD863415,XD863415,CH-53A,153306,680128,HMH-463
,680128041ACD,AR,WAX8AA,,,TRUE,https://www.vhpa.org/KIA/incident/680128041ACD.HTM,48PYT003110,YT003110,UH-1C,64-14146,680128,117 AHC
,,AR,WBSTAA,,,TRUE,https://www.vhpa.org/KIA/incident/68012849PBT197503.HTM,49PBT197503,BT197503,UH-1D,66-16660,680128,54 MED DET
,,MC,,,,FALSE,https://www.vhpa.org/KIA/incident/68013049PAT959659.HTM,49PAT959659,AT959659,CH-46A,,680130,HMM-265
,,MC,,,,FALSE,https://www.vhpa.org/KIA/incident/68013049QBT032719.HTM,49QBT032719,BT032719,CH-46A,,680130,HMM-265
,,MC,,,,FALSE,https://www.vhpa.org/KIA/incident/68013049PAT979601.HTM,49PAT979601,AT979601,UH-34D,,680130,HMM-363
,,MC,,,,FALSE,https://www.vhpa.org/KIA/incident/68013049PAT963674.HTM,49PAT963674,AT963674,UH-34D,,680130,HMM-363
,,AR,WG2BAA,,,TRUE,https://www.vhpa.org/KIA/incident/68013048PXT765385.HTM,48PXT765385,XT765385,UH-1D,65-10003,680130,ACT/11 ACR
,,AR,WAX6AA,,Destroyed by sapper attack that happened after midnight on that day making it 31 January 1968 when it was destroyed.,TRUE,https://www.vhpa.org/KIA/incident/68013049PCP024511.HTM,49PCP024511,CP024511,UH-1D,66-16468,680130,92 AHC
,,AA,,,Crashed short of landing area during high density altitude and quartering tail wind conditions with gross weight.,FALSE,https://www.vhpa.org/KIA/incident/68013048QUG5923.HTM,48QUG5923,UG5923,205,XW-PFJ,680130,AIR AMERICA LAOS
,,MC,,,,FALSE,https://www.vhpa.org/KIA/incident/68013149PBT164588.HTM,49PBT164588,BT164588,CH-46A,,680131,HMM-265
,,MC,,,,FALSE,https://www.vhpa.org/KIA/incident/68013149PBT050512.HTM,49PBT050512,BT050512,CH-46A,,680131,HMM-265
,,MC,,,,FALSE,https://www.vhpa.org/KIA/incident/68013149PBT056643.HTM,49PBT056643,BT056643,UH-1E,,680131,VMO-2
,,MC,,,,FALSE,https://www.vhpa.org/KIA/incident/68013149PBT035582.HTM,49PBT035582,BT035582,UH-1E,,680131,VMO-2
,,MC,,,,FALSE,https://www.vhpa.org/KIA/incident/68013149PBT032509.HTM,49PBT032509,BT032509,UH-34D,,680131,HMM-363
,,MC,,,,FALSE,https://www.vhpa.org/KIA/incident/68013149PBT161604.HTM,49PBT161604,BT161604,UH-34D,,680131,HMM-363
,,MC,,,,FALSE,https://www.vhpa.org/KIA/incident/68013149PBT951622.HTM,49PBT951622,BT951622,UH-34D,,680131,HMM-363
,,MC,,,,FALSE,https://www.vhpa.org/KIA/incident/68013149PBT160585.HTM,49PBT160585,BT160585,UH-34D,,680131,HMM-363
,,MC,,,,FALSE,https://www.vhpa.org/KIA/incident/68013149PBT075515.HTM,49PBT075515,BT075515,UH-34D,,680131,HMM-363
,,AR,WAG3A0,,,TRUE,https://www.vhpa.org/KIA/incident/68013148QYD363494.HTM,48QYD363494,YD363494,UH-1B,63-08620,680131,A/2/20 ARA 1 CAV
,68013144.KIA,AR,WAGTB0,,,TRUE,https://www.vhpa.org/KIA/incident/68013144KIA.HTM,48QYD865223,YD865223,UH-1B,63-12915,680131,B/1/9 CAV
,,AR,WG0YAA,,,TRUE,https://www.vhpa.org/KIA/incident/68013148PXS113516.HTM,48PXS113516,XS113516,OH-23G,64-15266,680131,355 AVN
,,AR,,,,TRUE,https://www.vhpa.org/KIA/incident/68013149QAT845858.HTM,49QAT845858,AT845858,UH-1D,65-09631,680131,
,,AR,WC43AA,,,TRUE,https://www.vhpa.org/KIA/incident/68013148PXS022313.HTM,48PXS022313,XS022313,UH-1D,65-09796,680131,175 AHC
,,AR,WC43AA,,,TRUE,https://www.vhpa.org/KIA/incident/68013148PXS022313.HTM,48PXS022313,XS022313,UH-1D,65-09798,680131,175 AHC
,,AR,WAB3A0,,,TRUE,https://www.vhpa.org/KIA/incident/68013148QYD740221.HTM,48QYD740221,YD740221,UH-1D,66-01122,680131,A/101 AVN
,68013111.KIA,AR,WC43AA,,,TRUE,https://www.vhpa.org/KIA/incident/68013111KIA.HTM,48PYT058110,YT058110,UH-1C,66-15009,680131,175 AHC
,,AR,WAAVD0,,,TRUE,https://www.vhpa.org/KIA/incident/68013148QYD758203.HTM,48QYD758203,YD758203,UH-1C,66-15010,680131,D/227 AVN
,,AR,WAX6AA,,Destroyed by sapper attack that happened before daylight on 31 January 1968.,TRUE,https://www.vhpa.org/KIA/incident/68013149PCP024511.HTM,49PCP024511,CP024511,UH-1D,66-16499,680131,92 AHC
,,AR,WAX6AA,,Destroyed by sapper attack that happened before daylight on 31 January 1968.,TRUE,https://www.vhpa.org/KIA/incident/68013149PCP024511.HTM,49PCP024511,CP024511,UH-1D,66-16500,680131,92 AHC
,68013122.KIA,AR,WAAXB0,,,FALSE,https://www.vhpa.org/KIA/incident/68013148QYD753209.HTM,48QYD753209,YD753209,UH-1H,66-16566,680131,B/229 AVN
,,AR,WAAXA0,,,TRUE,https://www.vhpa.org/KIA/incident/68013148QYD812167.HTM,48QYD812167,YD812167,UH-1D,66-16778,680131,A/229 AVN
,,AR,WAAVC0,,,TRUE,https://www.vhpa.org/KIA/incident/68013148PZC182194.HTM,48PZC182194,ZC182194,UH-1H,66-16943,680131,C/227 AVN
1019,68020122.KIA,MC,,,,TRUE,https://www.vhpa.org/KIA/incident/68020122KIA.HTM,49PAT842691,AT842691,CH-46A,150944,680201,HMH-265
,,AR,WC42AA,,,TRUE,https://www.vhpa.org/KIA/incident/68020149PBS704372.HTM,49PBS704372,BS704372,UH-1D,66-16080,680201,174 AHC
,,AR,WG0YAA,,,TRUE,https://www.vhpa.org/KIA/incident/68020248QYD704239.HTM,48QYD704239,YD704239,UH-1B,64-14061,680202,355 AVN
,68020222.KIA,AR,WDX6AA,,,TRUE,https://www.vhpa.org/KIA/incident/68020222KIA.HTM,48PWS795035,WS795035,UH-1C,66-00634,680202,235 AVN
1024,680202171ACD,AR,WAGTB0,,,TRUE,https://www.vhpa.org/KIA/incident/680202171ACD.HTM,49QAT960937,AT960937,UH-1D,66-16442,680202,B/1/9 CAV
,68020311.KIA,AR,WAJ6T0,,,TRUE,https://www.vhpa.org/KIA/incident/68020311KIA.HTM,48PZA010217,ZA010217,OH-23G,64-15300,680203,HHB DIV ARTY 4 INF
,68020333.HEL,AR,WAHDT0,,,TRUE,https://www.vhpa.org/KIA/incident/68020333HEL.HTM,48PXT799827,XT799827,OH-13S,64-15381,680203,HHC 1 BDE 1 INF
,,AR,WDF2D0,,,TRUE,https://www.vhpa.org/KIA/incident/68020348PYT150018.HTM,48PYT150018,YT150018,UH-1C,66-15110,680203,D/3/5 CAV
,,AR,WG0YAA,,,TRUE,https://www.vhpa.org/KIA/incident/68020449PBR878669.HTM,49PBR878669,BR878669,UH-1B,62-04585,680204,355 AVN
1033,68020444.TXT,AR,WAG3C0,,,TRUE,https://www.vhpa.org/KIA/incident/68020444TXT.HTM,48QYD691248,YD691248,UH-1C,65-09561,680204,C/2/20 ARA
,68020514.KIA,AR,WAHMD0,,OH-13S down 11 KM West of Phuoc Vinh City.,TRUE,https://www.vhpa.org/KIA/incident/68020514KIA.HTM,48PXT848474,XT848474,OH-13S,63-09181,680205,D/1/4 CAV 1 INF
,680205221ACD,AR,WAAVA0,,,TRUE,https://www.vhpa.org/KIA/incident/680205221ACD.HTM,49PBS862001,BS862001,UH-1D,66-16695,680205,A/227 AVN
,,AR,WAAWB0,,,TRUE,https://www.vhpa.org/KIA/incident/68020648PXT944810.HTM,48PXT944810,XT944810,CH-47A,64-13139,680206,B/228 AVN
,68020743.KIA,AF,,,Shot down by enemy .50 cal during night medevac for Army wounded.,TRUE,https://www.vhpa.org/KIA/incident/68020743KIA.HTM,49PAR813936,AR813936,HH-43F,62-04525,680207,38 ARRS DET 9
,68020777.KIA,AR,WC07AA,https://www.vhpa.org/pictures/6616675.jpg,Landed in unsecure LZ. Gunned down while walking toward Ceo Rio village with 3 Vietnamese including local commander W/ Roy E. Worth.,TRUE,https://www.vhpa.org/KIA/incident/68020777KIA.HTM,49PBQ092607,BQ092607,UH-1H,66-16675,680207,134 AHC
,,AR,WAAWB0,,,TRUE,https://www.vhpa.org/KIA/incident/68020748PXT944810.HTM,48PXT944810,XT944810,CH-47A,66-19062,680207,B/228 AVN
,,AR,,,,TRUE,https://www.vhpa.org/KIA/incident/68020848PYT113055.HTM,48PYT113055,YT113055,OH-23G,64-15265,680208,
,,AR,WAZNB0,,,TRUE,https://www.vhpa.org/KIA/incident/68020848PYA702324.HTM,48PYA702324,YA702324,UH-1C,66-00730,680208,B/7/17 CAV
,,AR,WAAVB0,,,TRUE,https://www.vhpa.org/KIA/incident/68020849PBR465747.HTM,49PBR465747,BR465747,UH-1D,66-16548,680208,B/227 AVN
,,AR,WBMZAA,,,TRUE,https://www.vhpa.org/KIA/incident/68020848PXT816901.HTM,48PXT816901,XT816901,UH-1H,66-17045,680208,45 MED
,,AR,,,,TRUE,https://www.vhpa.org/KIA/incident/68020948QYD436329.HTM,48QYD436329,YD436329,OH-13S,63-13676,680209,
,,AR,,,,TRUE,https://www.vhpa.org/KIA/incident/68020949PBT248281.HTM,49PBT248281,BT248281,UH-1D,64-13839,680209,A/123 AHB
1044,68020810.TXT,AR,WDU4AA,,,TRUE,https://www.vhpa.org/KIA/incident/68020810TXT.HTM,48QYD471521,YD471521,UH-1D,64-13894,680209,58 AVN DET
,,AR,WC42AA,,,TRUE,https://www.vhpa.org/KIA/incident/68020949PBT979524.HTM,49PBT979524,BT979524,UH-1C,66-15105,680209,174 AHC
,,AR,WC08AA,,,TRUE,https://www.vhpa.org/KIA/incident/68020948PXS459499.HTM,48PXS459499,XS459499,UH-1C,66-15121,680209,135 AHC
,,AR,WAX8AA,,,TRUE,https://www.vhpa.org/KIA/incident/68021048PXT992104.HTM,48PXT992104,XT992104,UH-1C,66-00592,680210,117 AHC
,,AR,WG0YAA,,,TRUE,https://www.vhpa.org/KIA/incident/68021248PXT384051.HTM,48PXT384051,XT384051,UH-1D,66-16116,680212,355 AVN
,,AR,WG0YAA,,,TRUE,https://www.vhpa.org/KIA/incident/68021548QYD593607.HTM,48QYD593607,YD593607,OH-13S,63-13682,680215,355 AVN
,,AR,,,,TRUE,https://www.vhpa.org/KIA/incident/68021548PYA971438.HTM,48PYA971438,YA971438,OH-23G,64-15114,680215,
,,AR,,,,TRUE,https://www.vhpa.org/KIA/incident/68021548PYT038442.HTM,48PYT038442,YT038442,OH-23G,64-15135,680215,
,,AR,WG0YAA,,,TRUE,https://www.vhpa.org/KIA/incident/68021549PAT929506.HTM,49PAT929506,AT929506,OH-23G,64-15137,680215,355 AVN
,,AR,,,,TRUE,https://www.vhpa.org/KIA/incident/68021548PXT092216.HTM,48PXT092216,XT092216,OH-23G,64-15141,680215,
,,AR,WG0YAA,,,TRUE,https://www.vhpa.org/KIA/incident/68021548PYB909120.HTM,48PYB909120,YB909120,OH-13S,64-15360,680215,355 AVN
,,AR,,,,TRUE,https://www.vhpa.org/KIA/incident/68021548PWS091035.HTM,48PWS091035,WS091035,UH-1C,66-00622,680215,
,,AR,WG0YAA,,,TRUE,https://www.vhpa.org/KIA/incident/68021548QYD578367.HTM,48QYD578367,YD578367,OH-6A,66-07819,680215,355 AVN
,,AR,WG0YAA,,,TRUE,https://www.vhpa.org/KIA/incident/68021748PXT528347.HTM,48PXT528347,XT528347,OH-23G,64-15201,680217,355 AVN
,68021812.KIA,AR,WGLEA0,,Shot down by automatic weapons fire while climbing out of a pick up zone on a combat assault.,TRUE,https://www.vhpa.org/KIA/incident/68021812KIA.HTM,49PAT983524,AT983524,UH-1D,64-13845,680218,A/123 AVN 23 INF
1055,68021999.KIA,MC,,,Reported overdue and missing at 1915H enroute to MMAF on an IFR clearance.,TRUE,https://www.vhpa.org/KIA/incident/68021999KIA.HTM,48QZD050295,ZD050295,CH-53A,153278,680219,HMH-463
,68021979.KIA,AR,WAZNB0,,,TRUE,https://www.vhpa.org/KIA/incident/68021979KIA.HTM,49PAR829924,AR829924,OH-6A,66-07861,680219,B/7/17 CAV
1054,68021942.KIA,AR,WAX5AA,,Shot down and crashed during Recon Team extraction. SSG Zabitosky won the Medal of Honor for rescuing the pilots.,TRUE,https://www.vhpa.org/KIA/incident/68021942KIA.HTM,48PYB665498,YB665498,UH-1D,66-16282,680219,57 AHC
,,AR,WC5KAA,,,TRUE,https://www.vhpa.org/KIA/incident/68021948PZB068343.HTM,48PZB068343,ZB068343,CH-47A,66-19050,680219,179 ASHC
,,MC,,,,TRUE,https://www.vhpa.org/KIA/incident/68022148QYD735245.HTM,48QYD735245,YD735245,CH-46D,153984,680221,HMM-364
,,AR,WG0YAA,,,TRUE,https://www.vhpa.org/KIA/incident/68022148PYT003128.HTM,48PYT003128,YT003128,UH-1D,64-13503,680221,355 AVN
,,AR,,,,TRUE,https://www.vhpa.org/KIA/incident/68022248QYD722258.HTM,48QYD722258,YD722258,AH-47A,64-13154,680222,1 AVN DET (ARMED)
,,AR,WG0YAA,,,TRUE,https://www.vhpa.org/KIA/incident/68022248QYD471421.HTM,48QYD471421,YD471421,OH-13S,64-15341,680222,355 AVN
,,AR,WAAMT0,,,TRUE,https://www.vhpa.org/KIA/incident/68022248PXT164511.HTM,48PXT164511,XT164511,UH-1D,66-16042,680222,HHT/3/17 CAV
,,AR,WAX7AA,,,TRUE,https://www.vhpa.org/KIA/incident/68022248PXS496443.HTM,48PXS496443,XS496443,UH-1D,66-16193,680222,114 AHC
,,AR,WAGYAA,,,TRUE,https://www.vhpa.org/KIA/incident/68022248QYD416531.HTM,48QYD416531,YD416531,UH-1D,66-16455,680222,15 MED 1 CAV
,,AA,,,Rescued crew from destroyed H-52.,FALSE,https://www.vhpa.org/KIA/incident/68022248QUG115275.HTM,48QUG115275,UG115275,UH-34D,H-40,680222,AIR AMERICA LAOS
,,AA,,,"After landing, hit by recoilless rifle round on the left side, bursted into flames, collapsed to the right and was completely destroyed.",TRUE,https://www.vhpa.org/KIA/incident/68022248QUG115275.HTM,48QUG115275,UG115275,UH-34D,H-52,680222,AIR AMERICA LAOS
,680223131ACD,AR,WC4YAA,,Engine failed and aircraft crashed into the trees with Quang Duc Province Chief and American advisors as passengers.,TRUE,https://www.vhpa.org/KIA/incident/680223131ACD.HTM,49PAP881484,AP881484,UH-1D,66-16596,680223,170 AHC
,,AR,,,,TRUE,https://www.vhpa.org/KIA/incident/68022449PBR429747.HTM,49PBR429747,BR429747,OH-6A,66-07868,680224,
,68022525.KIA,AR,WAGTA0,,,TRUE,https://www.vhpa.org/KIA/incident/68022525KIA.HTM,48QYD308659,YD308659,UH-1B,64-14044,680225,A/1/9 CAV
,,AR,,,,TRUE,https://www.vhpa.org/KIA/incident/68022648PXS077276.HTM,48PXS077276,XS077276,UH-1D,65-09995,680226,
,,AR,WC44AA,,,TRUE,https://www.vhpa.org/KIA/incident/68022749QBT418998.HTM,49QBT418998,BT418998,UH-1D,65-10082,680227,176 AHC
,,AR,WG0YAA,,,TRUE,https://www.vhpa.org/KIA/incident/68022848PWR951557.HTM,48PWR951557,WR951557,UH-1B,64-13977,680228,355 AVN
,,AR,,,,TRUE,https://www.vhpa.org/KIA/incident/68022849PBS602945.HTM,49PBS602945,BS602945,OH-23G,64-15166,680228,
,,AR,,,,TRUE,https://www.vhpa.org/KIA/incident/68022948PXT765385.HTM,48PXT765385,XT765385,OH-13S,64-15361,680229,
,,AR,WCLQAA,,,TRUE,https://www.vhpa.org/KIA/incident/68022949QBT058744.HTM,49QBT058744,BT058744,UH-1D,65-12867,680229,335 TC CO
,,AR,WAX8AA,,,TRUE,https://www.vhpa.org/KIA/incident/68022948PWS712091.HTM,48PWS712091,WS712091,UH-1D,65-12877,680229,117 AHC
,68022917.KIA,AR,WAZNA0,,"Hit by enemy fire while returning for fuel at Kontum, lost tail rotor, crashed into trees, came to rest on left side. Was retrieved.",TRUE,https://www.vhpa.org/KIA/incident/68022917KIA.HTM,48PZA062365,ZA062365,UH-1C,66-00725,680229,A/7/17 CAV
,,AR,WCDXAA,,,TRUE,https://www.vhpa.org/KIA/incident/68022948PYB835285.HTM,48PYB835285,YB835285,UH-1D,66-16207,680229,2 SIG
,,AR,,,,TRUE,https://www.vhpa.org/KIA/incident/68022948PXS549794.HTM,48PXS549794,XS549794,UH-1D,66-16861,680229,
,,AR,WAB4AA,,,TRUE,https://www.vhpa.org/KIA/incident/68030448QYD830167.HTM,48QYD830167,YD830167,OH-23G,62-03791,680304,1 BDE 101 ABN
,,AR,WC7ZAA,,,TRUE,https://www.vhpa.org/KIA/incident/68030449PAQ835278.HTM,49PAQ835278,AQ835278,UH-1D,66-16375,680304,155 AHC
,68030555.KIA,AR,WFELAA,,Believed to be hit by friendly mortar fire from base camp. Other members of the unit were watching from a bunker.,TRUE,https://www.vhpa.org/KIA/incident/68030555KIA.HTM,48PXT983478,XT983478,UH-1C,64-14158,680305,162 AHC
1077,68030666.TXT,MC,,,Shot down recovering a CCN team in Laos.,TRUE,https://www.vhpa.org/KIA/incident/68030666TXT.HTM,48QYC456958,YC456958,CH-46A,151909,680306,
1076,68030610.KIA,MC,,,,TRUE,https://www.vhpa.org/KIA/incident/68030610KIA.HTM,48QYD396678,YD396678,CH-46A,151943,680306,
,68030606.KIA,AR,WFBFAA,,,TRUE,https://www.vhpa.org/KIA/incident/68030606KIA.HTM,49PBS512890,BS512890,OH-23G,63-12874,680306,198 BDE
,,AR,WAYPAA,,,TRUE,https://www.vhpa.org/KIA/incident/68030649PBR824670.HTM,49PBR824670,BR824670,UH-1H,66-16631,680306,61 AHC
,,AR,WG0YAA,,,TRUE,https://www.vhpa.org/KIA/incident/68030748PYS390559.HTM,48PYS390559,YS390559,UH-1B,62-12541,680307,355 AVN
,,AR,WG0YAA,,,TRUE,https://www.vhpa.org/KIA/incident/68030749PAR794348.HTM,49PAR794348,AR794348,OH-23G,64-15174,680307,355 AVN
,,AR,WAB4AA,,,TRUE,https://www.vhpa.org/KIA/incident/68030748QYD741129.HTM,48QYD741129,YD741129,OH-23G,64-15192,680307,1 BDE 101 ABN
,,AR,WAGGAA,,,TRUE,https://www.vhpa.org/KIA/incident/68030748QYD381531.HTM,48QYD381531,YD381531,OH-13S,64-15331,680307,2 BDE 1 CAV
,,AR,WC44AA,,,TRUE,https://www.vhpa.org/KIA/incident/68030749PBS474688.HTM,49PBS474688,BS474688,UH-1D,65-09733,680307,176 AHC
,,AR,WARTAA,,,TRUE,https://www.vhpa.org/KIA/incident/68030749PAT927322.HTM,49PAT927322,AT927322,UH-1C,66-00652,680307,71 AHC
,,AR,,,,TRUE,https://www.vhpa.org/KIA/incident/68030748PXT980884.HTM,48PXT980884,XT980884,UH-1C,66-15207,680307,
,,AR,WG0YAA,,,TRUE,https://www.vhpa.org/KIA/incident/68030748QYC547998.HTM,48QYC547998,YC547998,UH-1D,66-16144,680307,355 AVN
,,AR,,,,TRUE,https://www.vhpa.org/KIA/incident/68030748PXS585978.HTM,48PXS585978,XS585978,UH-1D,66-16365,680307,
,,AR,WDUTAA,,,TRUE,https://www.vhpa.org/KIA/incident/68030748PXT418531.HTM,48PXT418531,XT418531,UH-1D,66-16488,680307,187 AHC
,,AR,WC4YAA,,,TRUE,https://www.vhpa.org/KIA/incident/68030748PYB871304.HTM,48PYB871304,YB871304,UH-1D,66-16582,680307,170 AHC
,,AR,,,,TRUE,https://www.vhpa.org/KIA/incident/68030749PAR794348.HTM,49PAR794348,AR794348,UH-1D,66-16756,680307,
,,AR,WC3FAA,,,TRUE,https://www.vhpa.org/KIA/incident/68030848PXT456180.HTM,48PXT456180,XT456180,UH-1C,66-00654,680308,68 AHC
,68030888.KIA,AR,WDYBAA,,,TRUE,https://www.vhpa.org/KIA/incident/68030888KIA.HTM,48PXS588486,XS588486,UH-1C,66-00705,680308,240 AHC
,,AR,WAAMB0,,,TRUE,https://www.vhpa.org/KIA/incident/68030848PXT184069.HTM,48PXT184069,XT184069,OH-6A,66-07780,680308,B/3/17 CAV
,68030822.KIA,AR,WAAXD0,,,TRUE,https://www.vhpa.org/KIA/incident/68030822KIA.HTM,48QYD579312,YD579312,AH-1G,66-15347,680308,D/229 AVN
,,AR,WBM2AA,https://www.vhpa.org/pictures/6601133.jpg,,TRUE,https://www.vhpa.org/KIA/incident/68030949PBR910706.HTM,49PBR910706,BR910706,UH-1D,66-01133,680309,498 MED
,68030900.BAT,AR,WAZNA0,,,TRUE,https://www.vhpa.org/KIA/incident/68030900BAT.HTM,48PZA054993,ZA054993,OH-6A,66-07912,680309,A/7/17 CAV
,680310011ACD,AR,WAYPAA,,,TRUE,https://www.vhpa.org/KIA/incident/680310011ACD.HTM,49PBR914743,BR914743,UH-1D,66-16330,680310,61 AHC
,,AR,,https://www.vhpa.org/pictures/6617140.jpg,,TRUE,https://www.vhpa.org/KIA/incident/68031348QYD493034.HTM,48QYD493034,YD493034,UH-1H,66-17140,680313,
1085,68031321.KIA,AR,WAGTA0,,,TRUE,https://www.vhpa.org/KIA/incident/68031321KIA.HTM,48QYD601383,YD601383,UH-1H,67-17254,680313,A/1/9 CAV 1 CAV
,,AR,,,,TRUE,https://www.vhpa.org/KIA/incident/68031449PAR764847.HTM,49PAR764847,AR764847,UH-1C,66-00693,680314,
,,AR,WAGTA0,,,TRUE,https://www.vhpa.org/KIA/incident/68031448QYD325715.HTM,48QYD325715,YD325715,UH-1D,66-16718,680314,A/1/9 CAV
,,AR,WC3GAA,,,TRUE,https://www.vhpa.org/KIA/incident/68031548PXT565310.HTM,48PXT565310,XT565310,UH-1B,62-02093,680315,116 AHC
,,AR,WC3FAA,,,TRUE,https://www.vhpa.org/KIA/incident/68031548PXT728495.HTM,48PXT728495,XT728495,UH-1D,64-13809,680315,68 AVN
,68031515.KIA,AR,WAGTC0,,,TRUE,https://www.vhpa.org/KIA/incident/68031515KIA.HTM,48QYD435439,YD435439,OH-6A,66-07830,680315,C/1/9 CAV
,,AR,,,,TRUE,https://www.vhpa.org/KIA/incident/68031648QYD529016.HTM,48QYD529016,YD529016,UH-1C,65-09562,680316,
,,AR,WGPPAA,,,TRUE,https://www.vhpa.org/KIA/incident/68031648PXT475033.HTM,48PXT475033,XT475033,UH-1C,66-00502,680316,334 AHC
,,AR,,,,TRUE,https://www.vhpa.org/KIA/incident/68031648QYD529016.HTM,48QYD529016,YD529016,UH-1H,66-17128,680316,
,680317081ACD,AR,WDUVAA,,,TRUE,https://www.vhpa.org/KIA/incident/680317081ACD.HTM,48PYB999121,YB999121,UH-1D,66-16628,680317,189 AHC
,,AR,,,,TRUE,https://www.vhpa.org/KIA/incident/68031848QYD506403.HTM,48QYD506403,YD506403,OH-6A,66-07833,680318,
,,AR,WDUXAA,,,TRUE,https://www.vhpa.org/KIA/incident/68031948PXS594685.HTM,48PXS594685,XS594685,UH-1C,66-00714,680319,191 AHC
,,AR,WG0YAA,,,TRUE,https://www.vhpa.org/KIA/incident/68032148PWR786759.HTM,48PWR786759,WR786759,UH-1B,64-13909,680321,355 AVN
,,AR,WAGHAA,,,TRUE,https://www.vhpa.org/KIA/incident/68032148QYD580183.HTM,48QYD580183,YD580183,OH-13S,64-15404,680321,3 BDE 1 CAV
,,AR,WG0YAA,,,TRUE,https://www.vhpa.org/KIA/incident/68032148PWR000500.HTM,48PWR000500,WR000500,UH-1D,65-09817,680321,355 AVN
,,AR,WG0YAA,,,TRUE,https://www.vhpa.org/KIA/incident/68032148PWQ734082.HTM,48PWQ734082,WQ734082,UH-1D,65-09850,680321,355 AVN
,,AR,,,,TRUE,https://www.vhpa.org/KIA/incident/68032148PWR256851.HTM,48PWR256851,WR256851,UH-1D,65-09921,680321,
,680321111ACD,AR,WG2BAA,,,TRUE,https://www.vhpa.org/KIA/incident/680321111ACD.HTM,48PYT058110,YT058110,UH-1D,66-00977,680321,ACT/11 ACR
,,AR,WGLEB0,,,TRUE,https://www.vhpa.org/KIA/incident/68032249PBS637852.HTM,49PBS637852,BS637852,UH-1B,64-14042,680322,B/123 AVN 23 INF
,,AR,WAB3A0,,,TRUE,https://www.vhpa.org/KIA/incident/68032248QYD706129.HTM,48QYD706129,YD706129,UH-1D,66-01053,680322,A/101 AVN
,,AR,WC08AA,,,TRUE,https://www.vhpa.org/KIA/incident/68032248PYT039239.HTM,48PYT039239,YT039239,UH-1D,66-01072,680322,135 AHC
,,AR,WC43AA,,,TRUE,https://www.vhpa.org/KIA/incident/68032348PXS035330.HTM,48PXS035330,XS035330,UH-1C,66-00633,680323,175 AHC
,,AR,WG0YAA,,,TRUE,https://www.vhpa.org/KIA/incident/68032548QYD398550.HTM,48QYD398550,YD398550,OH-13S,63-09217,680325,355 AVN
1103,68032666.KIA,MC,,,Crashed 3 miles from Da Nang during a medevac mission in bad weather.,TRUE,https://www.vhpa.org/KIA/incident/68032666KIA.HTM,49QAU930130,AU930130,UH-34D,144654,680326,HMM-363
,,AR,WDYBAA,,,TRUE,https://www.vhpa.org/KIA/incident/68032648PXT508826.HTM,48PXT508826,XT508826,UH-1C,66-15153,680326,240 AHC
,,AR,WC3FAA,,,TRUE,https://www.vhpa.org/KIA/incident/68032748PXS567794.HTM,48PXS567794,XS567794,UH-1D,66-16835,680327,68 AVN
,,AR,WAHBB0,,,TRUE,https://www.vhpa.org/KIA/incident/68032848PXT762883.HTM,48PXT762883,XT762883,OH-13S,63-09072,680328,B/1 AVN 1 INF
,,AR,WAKED0,,,TRUE,https://www.vhpa.org/KIA/incident/68032848PZA008365.HTM,48PZA008365,ZA008365,UH-1D,66-16580,680328,D/1/10 CAV
,,AR,WDYBAA,,,TRUE,https://www.vhpa.org/KIA/incident/68032848PXT544900.HTM,48PXT544900,XT544900,UH-1D,66-16644,680328,240 AHC
1111,68032916.KIA,MC,,,,TRUE,https://www.vhpa.org/KIA/incident/68032916KIA.HTM,48QYD553043,YD553043,CH-46A,151922,680329,HMM-165
,,AR,WG0YAA,,,TRUE,https://www.vhpa.org/KIA/incident/68032948PXS241479.HTM,48PXS241479,XS241479,OH-6A,66-07896,680329,355 AVN
,68032929.KIA,AR,WAAVB0,,,TRUE,https://www.vhpa.org/KIA/incident/68032929KIA.HTM,48QYD455200,YD455200,UH-1D,66-16564,680329,B/227 AVN
,,AF,,,,TRUE,https://www.vhpa.org/KIA/incident/68033048QXD366725.HTM,48QXD366725,XD366725,CH-3E,66-13294,680330,
,,AR,,,,TRUE,https://www.vhpa.org/KIA/incident/68033048QYD546035.HTM,48QYD546035,YD546035,UH-1H,67-17228,680330,
,,AR,WAAVB0,,,TRUE,https://www.vhpa.org/KIA/incident/68033148QYD543311.HTM,48QYD543311,YD543311,UH-1D,66-16542,680331,B/227 AVN
,,AR,WAKED0,,,TRUE,https://www.vhpa.org/KIA/incident/68033148PZA027236.HTM,48PZA027236,ZA027236,UH-1D,66-16583,680331,D/1/10 CAV
,,AR,,,,TRUE,https://www.vhpa.org/KIA/incident/68033148QYD546035.HTM,48QYD546035,YD546035,UH-1H,66-17135,680331,
,68040210.KIA,AR,WAZNB0,,,TRUE,https://www.vhpa.org/KIA/incident/68040210KIA.HTM,48PYA839935,YA839935,OH-6A,65-12988,680402,B/7/17 CAV
,,AR,WGZ6T0,,,TRUE,https://www.vhpa.org/KIA/incident/68040248PXT637439.HTM,48PXT637439,XT637439,OH-6A,66-07893,680402,HHT/7/1 CAV
,68040404.KIA,AR,WAGGT0,,,TRUE,https://www.vhpa.org/KIA/incident/68040404KIA.HTM,48QXD898402,XD898402,UH-1H,66-16952,680404,HHC/2 BDE 1 CAV
,,AR,,,,TRUE,https://www.vhpa.org/KIA/incident/68040448QYD546035.HTM,48QYD546035,YD546035,UH-1H,67-17227,680404,
,,AR,WC3EAA,,,TRUE,https://www.vhpa.org/KIA/incident/68040549PCQ102377.HTM,49PCQ102377,CQ102377,UH-1B,64-14093,680405,48 AHC
,68040606.KIA,AR,WBM2AA,,,TRUE,https://www.vhpa.org/KIA/incident/68040606KIA.HTM,48QYD635073,YD635073,UH-1H,66-17043,680406,498 MED
1122,68040710.KIA,AR,WAGTB0,,,TRUE,https://www.vhpa.org/KIA/incident/68040710KIA.HTM,48QXD925512,XD925512,OH-13S,63-09084,680407,B/1/9 CAV
,68040707.KIA,AR,WAGTA0,,,TRUE,https://www.vhpa.org/KIA/incident/68040707KIA.HTM,48QXD190558,XD190558,OH-13S,63-13681,680407,A/1/9 CAV
,,AR,WDUYAA,,,TRUE,https://www.vhpa.org/KIA/incident/68040749PBP331129.HTM,49PBP331129,BP331129,UH-1D,66-16246,680407,192 AHC
,68040888.KIA,AR,WGLEB0,,,TRUE,https://www.vhpa.org/KIA/incident/68040888KIA.HTM,49PBS545631,BS545631,OH-23G,62-03813,680408,B/123 AVN 23 INF
,,AR,WGPQAA,,,TRUE,https://www.vhpa.org/KIA/incident/68040849PBQ018442.HTM,49PBQ018442,BQ018442,UH-1D,66-16702,680408,335 AHC
1125,68041011.KIA,VF,,,,TRUE,https://www.vhpa.org/KIA/incident/68041011KIA.HTM,48PZC015092,ZC015092,UH-34D,54-00925,680410,219 VNAF SQDN
,68041000.BAT,AR,WAZNA0,,,TRUE,https://www.vhpa.org/KIA/incident/68041000BAT.HTM,48PZV221131,ZV221131,UH-1C,66-00727,680410,A/7/17 CAV
,,AR,WAGGAA,,,TRUE,https://www.vhpa.org/KIA/incident/68041149PBR933779.HTM,49PBR933779,BR933779,OH-13S,63-13685,680411,2 BDE 1 CAV
,,AR,WGZ6T0,,,TRUE,https://www.vhpa.org/KIA/incident/68041148PYT363776.HTM,48PYT363776,YT363776,OH-6A,66-07890,680411,HHT/7/1 CAV
,68041222.KIA,AR,WDUTAA,,,TRUE,https://www.vhpa.org/KIA/incident/68041222KIA.HTM,48PYT564593,YT564593,UH-1C,66-00670,680412,187 AHC
,,AR,WFELAA,,,TRUE,https://www.vhpa.org/KIA/incident/68041348PYT039184.HTM,48PYT039184,YT039184,UH-1D,64-13862,680413,162 AHC
,,MC,,,,TRUE,https://www.vhpa.org/KIA/incident/68041448PXS059147.HTM,48PXS059147,XS059147,UH-34D,,680414,
,,AR,WC41AA,,,TRUE,https://www.vhpa.org/KIA/incident/68041648PXT799717.HTM,48PXT799717,XT799717,UH-1C,64-14191,680416,173 AVN
,,AR,WG0YAA,,,TRUE,https://www.vhpa.org/KIA/incident/68041649PAQ853277.HTM,49PAQ853277,AQ853277,UH-1C,66-00541,680416,355 AVN
,,AR,,,,TRUE,https://www.vhpa.org/KIA/incident/68041749QBT649848.HTM,49QBT649848,BT649848,UH-1B,64-14071,680417,
,,AR,WG0YAA,,,TRUE,https://www.vhpa.org/KIA/incident/68041848PXR061594.HTM,48PXR061594,XR061594,UH-1B,62-12549,680418,355 AVN
,,AR,,,,TRUE,https://www.vhpa.org/KIA/incident/68041848PYA929936.HTM,48PYA929936,YA929936,OH-23G,64-15251,680418,
,,AR,WC08AA,,,TRUE,https://www.vhpa.org/KIA/incident/68041848PXS696555.HTM,48PXS696555,XS696555,UH-1D,66-01203,680418,135 AHC
,68041800.BAT,AR,WAZNB0,,,TRUE,https://www.vhpa.org/KIA/incident/68041800BAT.HTM,48PYA803934,YA803934,OH-6A,66-07866,680418,B/7/17 CAV
,,AR,WAZNT0,,,TRUE,https://www.vhpa.org/KIA/incident/68041848PZV131093.HTM,48PZV131093,ZV131093,OH-6A,66-07929,680418,HHT/7/17 CAV
,,AR,WG0YAA,,,TRUE,https://www.vhpa.org/KIA/incident/68041849PBS863057.HTM,49PBS863057,BS863057,OH-6A,66-14386,680418,355 AVN
,,AR,WAYPAA,,,TRUE,https://www.vhpa.org/KIA/incident/68041849PBR854006.HTM,49PBR854006,BR854006,UH-1D,66-16307,680418,61 AHC
,,AR,WDUYAA,,,TRUE,https://www.vhpa.org/KIA/incident/68041849PBN069227.HTM,49PBN069227,BN069227,UH-1D,66-16357,680418,192 AHC
,,AR,WAAVA0,,,TRUE,https://www.vhpa.org/KIA/incident/68041848QYD578404.HTM,48QYD578404,YD578404,UH-1D,66-16728,680418,A/227 AVN
1134,68041920.KIA,AR,WAAWA0,,,TRUE,https://www.vhpa.org/KIA/incident/68041920KIA.HTM,48QYD290105,YD290105,CH-47A,64-13124,680419,A/228 AVN
,,AR,WAAWA0,,,TRUE,https://www.vhpa.org/KIA/incident/68041948QYD261087.HTM,48QYD261087,YD261087,CH-47A,64-13152,680419,A/228 AVN
1132,68041910.KIA,AR,WARBAA,,,TRUE,https://www.vhpa.org/KIA/incident/68041910KIA.HTM,48QYD255095,YD255095,CH-54A,64-14205,680419,478 HHC
,,AR,WG0YAA,,,TRUE,https://www.vhpa.org/KIA/incident/68041948QYD564035.HTM,48QYD564035,YD564035,UH-1D,66-16002,680419,355 AVN
,680419062ACD,AR,WC7ZAA,,Mid-air with #67-17255 during troop lift near Cheo Reo.,TRUE,https://www.vhpa.org/KIA/incident/680419062ACD.HTM,49PBQ202809,BQ202809,UH-1D,66-16441,680419,155 AHC
,,AR,WAAVB0,,,TRUE,https://www.vhpa.org/KIA/incident/68041948QYD404033.HTM,48QYD404033,YD404033,UH-1D,66-16551,680419,B/227 AVN
1133,68041989.KIA,AR,WAAXB0,,,TRUE,https://www.vhpa.org/KIA/incident/68041989KIA.HTM,48QYD296087,YD296087,UH-1D,66-16567,680419,B/229 AVN
,68041999.KIA,AR,WAAXB0,,"Lead B/229 AHB aircraft on the CA into the A Shau. Was hit by an enemy grenade, aborted the landing, tail boom separated, crashed.",TRUE,https://www.vhpa.org/KIA/incident/68041999KIA.HTM,48QYD259084,YD259084,UH-1D,66-16799,680419,B/229 AHB 1 CAV
1135,68041901.TXT,AR,WAAWB0,,,TRUE,https://www.vhpa.org/KIA/incident/68041901TXT.HTM,48QYD291087,YD291087,CH-47A,66-19063,680419,B/228 AVN
1136,68042010.KIA,MC,,,,TRUE,https://www.vhpa.org/KIA/incident/68042010KIA.HTM,49PAT900500,AT900500,UH-1E,152436,680420,HML-167
,,AR,WAG3A0,,,TRUE,https://www.vhpa.org/KIA/incident/68042048PZC015671.HTM,48PZC015671,ZC015671,UH-1B,64-14068,680420,A/2/20 ARA 1 CAV
,,AR,WAGFAA,,,TRUE,https://www.vhpa.org/KIA/incident/68042148QYD525348.HTM,48QYD525348,YD525348,OH-13S,63-09120,680421,1 BDE 1 CAV
1138,68042110.KIA,AR,WDYBAA,,"This was Fosdick 5, maintenance chase ship for the 17th Avn Co. It was shot-down in marginal weather near A Luoi on a recovery mission.",TRUE,https://www.vhpa.org/KIA/incident/68042110KIA.HTM,48QYD491037,YD491037,UH-1D,66-01209,680421,17 AVN
,,AR,,,,TRUE,https://www.vhpa.org/KIA/incident/68042148PXT947331.HTM,48PXT947331,XT947331,OH-6A,66-07942,680421,
,,AR,WAAWC0,,,TRUE,https://www.vhpa.org/KIA/incident/68042348PXS662186.HTM,48PXS662186,XS662186,CH-47A,64-13109,680423,C/228 AVN
,,AR,WAAVA0,,,TRUE,https://www.vhpa.org/KIA/incident/68042348QYD279087.HTM,48QYD279087,YD279087,UH-1D,66-16555,680423,A/229 AVN
,68042444.KIA,AR,WAB3A0,,,TRUE,https://www.vhpa.org/KIA/incident/68042444KIA.HTM,48QYD529034,YD529034,UH-1D,66-16490,680424,A/101 AVN 101 ABN
,68042424.KIA,AR,WAAWA0,,,FALSE,https://www.vhpa.org/KIA/incident/68042424KIA.HTM,48QYC385980,YC385980,CH-47A,66-19066,680424,A/228 AVN
,,AR,WG0YAA,,,TRUE,https://www.vhpa.org/KIA/incident/68042548QYD457034.HTM,48QYD457034,YD457034,OH-13S,63-09074,680425,355 AVN
,,AR,,,,TRUE,https://www.vhpa.org/KIA/incident/68042549PBS619852.HTM,49PBS619852,BS619852,OH-23G,63-12832,680425,ARMY MATL & MAINT CM
,,AR,,,,TRUE,https://www.vhpa.org/KIA/incident/68042549PBR427563.HTM,49PBR427563,BR427563,UH-1B,64-14067,680425,E/82 ARTY 1 CAV
,,AR,WG0YAA,,,TRUE,https://www.vhpa.org/KIA/incident/68042549PBR839319.HTM,49PBR839319,BR839319,UH-1C,64-14163,680425,355 AVN
,,AR,WG0YAA,,,TRUE,https://www.vhpa.org/KIA/incident/68042548PZC015671.HTM,48PZC015671,ZC015671,UH-1C,65-09479,680425,355 AVN
,,AR,WAZNT0,,,TRUE,https://www.vhpa.org/KIA/incident/68042549PAR812367.HTM,49PAR812367,AR812367,OH-6A,65-12975,680425,HHT/7/17 CAV
,,AR,WG0YAA,,,TRUE,https://www.vhpa.org/KIA/incident/68042548PXT874349.HTM,48PXT874349,XT874349,OH-6A,66-07848,680425,355 AVN
,680425111ACD,AR,WAAVD0,,,TRUE,https://www.vhpa.org/KIA/incident/680425111ACD.HTM,48PYC247644,YC247644,UH-1C,66-15052,680425,D/227 AVN
,,AR,WG0YAA,,,TRUE,https://www.vhpa.org/KIA/incident/68042548PZA202681.HTM,48PZA202681,ZA202681,UH-1C,66-15213,680425,355 AVN
,,AR,WG0YAA,,,TRUE,https://www.vhpa.org/KIA/incident/68042548QYD350032.HTM,48QYD350032,YD350032,UH-1D,66-16732,680425,355 AVN
,68042522.KIA,AR,WAAWC0,,,TRUE,https://www.vhpa.org/KIA/incident/68042522KIA.HTM,48QYD367143,YD367143,CH-47A,66-19080,680425,C/228 ASHB 1 CAV
,680426151ACD,AR,WC5KAA,,,TRUE,https://www.vhpa.org/KIA/incident/680426151ACD.HTM,48PZA186533,ZA186533,CH-47A,66-19069,680426,179 ASHC
,,AR,WAYPAA,,,TRUE,https://www.vhpa.org/KIA/incident/68042749PBR771855.HTM,49PBR771855,BR771855,UH-1D,66-16672,680427,61 AHC
,68042828.KIA,AR,WGZ6B0,,,TRUE,https://www.vhpa.org/KIA/incident/68042828KIA.HTM,48PXT985036,XT985036,OH-6A,66-07888,680428,B/7/1 CAV
,,AR,,,,TRUE,https://www.vhpa.org/KIA/incident/68042949PBR862928.HTM,49PBR862928,BR862928,OH-23G,63-12870,680429,ARMY MATL & MAINT CM
,,NA,,,,TRUE,https://www.vhpa.org/KIA/incident/68043048QYF442783.HTM,48QYF442783,YF442783,UH-2B,152195,680430,
,,AR,WAGTC0,,,TRUE,https://www.vhpa.org/KIA/incident/68043048QYD366217.HTM,48QYD366217,YD366217,UH-1B,64-14039,680430,C/1/9 CAV
1153,68050144.KIA,AR,WAGTB0,,,TRUE,https://www.vhpa.org/KIA/incident/68050144KIA.HTM,48QYD233082,YD233082,OH-6A,66-07810,680501,B/1/9 CAV 1 CAV
,,AR,,,,TRUE,https://www.vhpa.org/KIA/incident/68050148QYD740240.HTM,48QYD740240,YD740240,UH-1D,66-16199,680501,BELL HCPTR
,,AR,WC3JAA,,,TRUE,https://www.vhpa.org/KIA/incident/68050249PBR605377.HTM,49PBR605377,BR605377,UH-1D,64-13846,680502,129 AHC
,,AR,WGZ6T0,,,TRUE,https://www.vhpa.org/KIA/incident/68050248PXS896740.HTM,48PXS896740,XS896740,OH-6A,66-07925,680502,HHT/7/1 CAV
1155,68050310.KIA,AR,WAGTA0,,,TRUE,https://www.vhpa.org/KIA/incident/68050310KIA.HTM,48QXD685382,XD685382,AH-1G,66-15332,680503,A/1/9 CAV 1 CAV
,68050555.KIA,AR,WGPQAA,,,TRUE,https://www.vhpa.org/KIA/incident/68050555KIA.HTM,49PBR915812,BR915812,UH-1B,62-02056,680505,335 AHC
,,AR,WAYBAA,,,TRUE,https://www.vhpa.org/KIA/incident/68050548PXS786906.HTM,48PXS786906,XS786906,UH-1B,63-12926,680505,120 CAC
,,AR,WARTAA,,,TRUE,https://www.vhpa.org/KIA/incident/68050549PBT077248.HTM,49PBT077248,BT077248,UH-1C,66-00510,680505,71 AHC
,68050522.KIA,AR,WC44AA,,,TRUE,https://www.vhpa.org/KIA/incident/68050522KIA.HTM,49PBT069246,BT069246,UH-1D,66-17075,680505,176 AHC
,68050505.KIA,AR,,,,TRUE,https://www.vhpa.org/KIA/incident/68050505KIA.HTM,48QYD347383,YD347383,AH-1G,67-15500,680505,
1164,68050810.KIA,AR,WFJFAA,,,TRUE,https://www.vhpa.org/KIA/incident/68050810KIA.HTM,48PYC836619,YC836619,UH-1C,64-14172,680508,281 AHC
,,AR,WAHBA0,,,TRUE,https://www.vhpa.org/KIA/incident/68050848PXT835865.HTM,48PXT835865,XT835865,UH-1C,66-15157,680508,A/1 AVN 1 INF
,,AR,WD8LAA,,,TRUE,https://www.vhpa.org/KIA/incident/68050848PWS731054.HTM,48PWS731054,WS731054,CH-47B,66-19126,680508,271 ASHC
,68050999.KIA,AR,WAGFAA,,,TRUE,https://www.vhpa.org/KIA/incident/68050999KIA.HTM,48PYC500388,YC500388,OH-13S,63-09097,680509,HHC 1 BDE 1 CAV
,,AR,,,,TRUE,https://www.vhpa.org/KIA/incident/68050948PYT094147.HTM,48PYT094147,YT094147,OH-23G,63-12899,680509,BELL HCPTR
,,AR,,,,TRUE,https://www.vhpa.org/KIA/incident/68050948PXR075615.HTM,48PXR075615,XR075615,UH-1B,64-13905,680509,BELL HCPTR
,68050909.KIA,AR,WAAVA0,,,TRUE,https://www.vhpa.org/KIA/incident/68050909KIA.HTM,48QYD237677,YD237677,UH-1D,66-16784,680509,A/227 AVN
,,AR,,,,TRUE,https://www.vhpa.org/KIA/incident/68050948PYB816414.HTM,48PYB816414,YB816414,OH-6A,66-17751,680509,
1168,68051010.KIA,MC,,,Hit by an RPG and destroyed while landing CIDG reinforces at Ngok Tavak.,TRUE,https://www.vhpa.org/KIA/incident/68051010KIA.HTM,48PYC965009,YC965009,CH-46A,151907,680510,HMM-265
,,AR,,,,TRUE,https://www.vhpa.org/KIA/incident/68051048QYD812167.HTM,48QYD812167,YD812167,UH-1D,66-16096,680510,16 CAG
,68051222.KIA,AR,WAGGT0,,,TRUE,https://www.vhpa.org/KIA/incident/68051222KIA.HTM,48QYD246673,YD246673,OH-13S,64-15326,680512,HHC/2 BDE 1 CAV
,,AR,WAZNT0,,,TRUE,https://www.vhpa.org/KIA/incident/68051249PBT001078.HTM,49PBT001078,BT001078,UH-1C,66-00741,680512,HHT/7/17 CAV
,68051202.KIA,AR,WAAXD0,,,TRUE,https://www.vhpa.org/KIA/incident/68051202KIA.HTM,48QYD246673,YD246673,AH-1G,66-15334,680512,D/229 AWC 1 CAV
,,AR,WC5JAA,,,TRUE,https://www.vhpa.org/KIA/incident/68051248PZC007083.HTM,48PZC007083,ZC007083,CH-47B,67-18475,680512,178 ASHC
,,AR,,,,TRUE,https://www.vhpa.org/KIA/incident/68051348QYC386996.HTM,48QYC386996,YC386996,OH-13S,64-15406,680513,BELL HCPTR
1172,68051212.KIA,AR,WC5JAA,,,TRUE,https://www.vhpa.org/KIA/incident/68051212KIA.HTM,48PZC008088,ZC008088,CH-47B,67-18469,680513,178 ASHC
,,AR,,,,TRUE,https://www.vhpa.org/KIA/incident/68051449PAR866348.HTM,49PAR866348,AR866348,OH-6A,66-07809,680514,
,,AR,WAZNT0,,,TRUE,https://www.vhpa.org/KIA/incident/68051549PBT159300.HTM,49PBT159300,BT159300,OH-6A,65-12996,680515,HHT/7/17 CAV
,,AR,,,,TRUE,https://www.vhpa.org/KIA/incident/68051648PXS477535.HTM,48PXS477535,XS477535,OH-23G,64-15234,680516,BELL HCPTR
,68051616.KIA,AR,WAZNT0,,,TRUE,https://www.vhpa.org/KIA/incident/68051616KIA.HTM,49PBT159298,BT159298,UH-1C,66-00737,680516,HHT/7/17 CAV
,,AR,WAAMC0,,,TRUE,https://www.vhpa.org/KIA/incident/68051648PYT020276.HTM,48PYT020276,YT020276,OH-6A,66-07822,680516,C/3/17 CAV
,,AR,,,,TRUE,https://www.vhpa.org/KIA/incident/68051648QYD561312.HTM,48QYD561312,YD561312,OH-6A,66-07845,680516,BELL HCPTR
,,AR,WAHMD0,,,TRUE,https://www.vhpa.org/KIA/incident/68051748PXT625435.HTM,48PXT625435,XT625435,OH-6A,66-07840,680517,BELL HCPTR
,68051711.KIA,AR,WAHMD0,,,TRUE,https://www.vhpa.org/KIA/incident/68051711KIA.HTM,48PXT620435,XT620435,OH-6A,66-07926,680517,D/1/4 CAV 1 INF
,,AR,WAZNT0,,,TRUE,https://www.vhpa.org/KIA/incident/68051748PZB008804.HTM,48PZB008804,ZB008804,UH-1C,66-15223,680517,HHT/7/17 CAV
,68051777.KIA,AR,WC43AA,,"Aircraft shot down by ground fire, crashed and burned.",TRUE,https://www.vhpa.org/KIA/incident/68051777KIA.HTM,48PWS966884,WS966884,UH-1D,66-16051,680517,175 AHC
,68051812.KIA,AR,WAZNA0,,"Received heavy AW fire during a BDA near Kontum. Crashed. Pilot died in LOH, observer died two years later.",TRUE,https://www.vhpa.org/KIA/incident/68051812KIA.HTM,48PYB835285,YB835285,OH-6A,66-07806,680518,A/7/17 CAV
,,AR,WGZ6T0,,,TRUE,https://www.vhpa.org/KIA/incident/68051848PWS656957.HTM,48PWS656957,WS656957,OH-6A,66-07902,680518,HHT/7/1 CAV
,68051822.BAT,AR,WAZNA0,,Shot down while trying to rescue SGT Jackson from his downed LOH.,TRUE,https://www.vhpa.org/KIA/incident/68051822BAT.HTM,48PYB835285,YB835285,OH-6A,66-07937,680518,A/7/17 CAV
,,AR,,,,TRUE,https://www.vhpa.org/KIA/incident/68051848PWS638957.HTM,48PWS638957,WS638957,OH-6A,66-17791,680518,
,,AR,,,,TRUE,https://www.vhpa.org/KIA/incident/68051948QYD525348.HTM,48QYD525348,YD525348,OH-13S,63-09159,680519,BELL HCPTR
1184,68052043.KIA,VF,,,,FALSE,https://www.vhpa.org/KIA/incident/68052043KIA.HTM,48QYC566710,YC566710,UH-34D,,680520,VNAF
,,AR,,,,TRUE,https://www.vhpa.org/KIA/incident/68052349PCN002995.HTM,49PCN002995,CN002995,UH-1B,62-04593,680523,BELL HCPTR
,,AR,,,,TRUE,https://www.vhpa.org/KIA/incident/68052349PCN002995.HTM,49PCN002995,CN002995,UH-1C,64-14103,680523,BELL HCPTR
,,AR,,,,TRUE,https://www.vhpa.org/KIA/incident/68052349PAR795422.HTM,49PAR795422,AR795422,OH-23G,64-15239,680523,BELL HCPTR
,68052300.BAT,AR,WAZNA0,,,TRUE,https://www.vhpa.org/KIA/incident/68052300BAT.HTM,48PZB102455,ZB102455,OH-6A,66-07797,680523,A/7/17 CAV
,,AR,,,,TRUE,https://www.vhpa.org/KIA/incident/68052348QYD507329.HTM,48QYD507329,YD507329,OH-6A,66-07846,680523,BELL HCPTR
,68052333.KIA,AF,,,Crashed into mountain in bad weather while on a classified ordnance delivery mission.,TRUE,https://www.vhpa.org/KIA/incident/68052333KIA.HTM,48QXD812544,XD812544,CH-3E,66-13295,680523,21 SOS
,,AR,,,,TRUE,https://www.vhpa.org/KIA/incident/68052349PCN002995.HTM,49PCN002995,CN002995,UH-1D,66-16710,680523,BELL HCPTR
,,AR,,,,TRUE,https://www.vhpa.org/KIA/incident/68052349PCN002995.HTM,49PCN002995,CN002995,UH-1D,66-16776,680523,610 TR CO
,,AR,,,,TRUE,https://www.vhpa.org/KIA/incident/68052348PUT075920.HTM,48PUT075920,UT075920,UH-1H,67-17280,680523,BELL HCPTR
,68052411.KIA,AR,WAZNT0,,,TRUE,https://www.vhpa.org/KIA/incident/68052411KIA.HTM,48PYB836193,YB836193,OH-6A,66-17752,680524,HHT/7/17 CAV
,,AR,WC7ZAA,,,TRUE,https://www.vhpa.org/KIA/incident/68052549PAQ870014.HTM,49PAQ870014,AQ870014,UH-1D,64-13653,680525,155 AHC
,68052525.KIA,AR,WC44AA,,,TRUE,https://www.vhpa.org/KIA/incident/68052525KIA.HTM,49PBT022220,BT022220,UH-1D,66-16230,680525,176 AHC
,,AR,,,,TRUE,https://www.vhpa.org/KIA/incident/68052648QYD471421.HTM,48QYD471421,YD471421,UH-1D,66-16802,680526,BELL HCPTR
,,AR,WAGTA0,,,TRUE,https://www.vhpa.org/KIA/incident/68052848QYD327549.HTM,48QYD327549,YD327549,OH-6A,66-07917,680528,A/1/9 CAV
,,AR,,,,TRUE,https://www.vhpa.org/KIA/incident/68053048QYD561312.HTM,48QYD561312,YD561312,OH-6A,66-07850,680530,BELL HCPTR
,,AR,,,,TRUE,https://www.vhpa.org/KIA/incident/68053048PXT675182.HTM,48PXT675182,XT675182,UH-1D,66-16364,680530,
,68052727.KIA,AR,WBMZAA,,,TRUE,https://www.vhpa.org/KIA/incident/68052727KIA.HTM,48PXT999847,XT999847,UH-1D,66-16433,680530,45 MED
,,AR,WAX5AA,,,TRUE,https://www.vhpa.org/KIA/incident/68053048PYB871304.HTM,48PYB871304,YB871304,UH-1H,67-17367,680530,57 AHC
,,VF,,,,TRUE,https://www.vhpa.org/KIA/incident/68060049QBT040755.HTM,49QBT040755,BT040755,UH-1,68-16717,680600,
,,AR,WBSYAA,,,TRUE,https://www.vhpa.org/KIA/incident/68060149PBT140208.HTM,49PBT140208,BT140208,UH-1H,66-17032,680601,254 MED DET
,,AR,WG0YAA,,,TRUE,https://www.vhpa.org/KIA/incident/68060248QYD256511.HTM,48QYD256511,YD256511,AH-1G,67-15453,680602,355 AVN
,680602061ACD,AR,WAAXD0,,,FALSE,https://www.vhpa.org/KIA/incident/680602061ACD.HTM,48QYD362507,YD362507,AH-1G,67-15453,680602,D/229 AVN
,,AR,WC06AA,,,TRUE,https://www.vhpa.org/KIA/incident/68060349PBS703657.HTM,49PBS703657,BS703657,UH-1D,66-00864,680603,147 ASHC
,,AR,,,,TRUE,https://www.vhpa.org/KIA/incident/68060348QYD329383.HTM,48QYD329383,YD329383,OH-6A,66-07906,680603,
,,AR,WC44AA,,,TRUE,https://www.vhpa.org/KIA/incident/68060449PBT200048.HTM,49PBT200048,BT200048,UH-1D,66-16828,680604,176 AHC
,68060555.KIA,AR,WDUXAA,,,TRUE,https://www.vhpa.org/KIA/incident/68060555KIA.HTM,48PXS386480,XS386480,UH-1D,65-10019,680605,191 AHC
,,AR,WG0YAA,,,TRUE,https://www.vhpa.org/KIA/incident/68060549PBT168248.HTM,49PBT168248,BT168248,UH-1C,66-00736,680605,355 AVN
1203,68060610.KIA,MC,,,"Helicopter was forced down by enemy SA fire, crashed and rolled down a mountain.",TRUE,https://www.vhpa.org/KIA/incident/68060610KIA.HTM,48QXD877334,XD877334,CH-46A,151940,680606,
,,AR,WG0YAA,,,TRUE,https://www.vhpa.org/KIA/incident/68060648QXD867286.HTM,48QXD867286,XD867286,UH-1C,64-14126,680606,355 AVN
,,AR,WDUTAA,,,TRUE,https://www.vhpa.org/KIA/incident/68060648PXS549849.HTM,48PXS549849,XS549849,UH-1D,66-00757,680606,187 AHC
,,AR,,,,TRUE,https://www.vhpa.org/KIA/incident/68060648PXT638310.HTM,48PXT638310,XT638310,OH-6A,66-14398,680606,
,680606221ACD,AR,WAAVD0,,,FALSE,https://www.vhpa.org/KIA/incident/680606221ACD.HTM,48QYD014454,YD014454,UH-1C,66-15178,680606,D/227 AVN
,,AR,WAYBAA,,,TRUE,https://www.vhpa.org/KIA/incident/68060648PXS895943.HTM,48PXS895943,XS895943,OH-6A,66-17805,680606,120 CAC
,,AR,WG0YAA,,,TRUE,https://www.vhpa.org/KIA/incident/68060748PWR859981.HTM,48PWR859981,WR859981,UH-1B,63-08713,680607,355 AVN
,,AR,WC44AA,,,TRUE,https://www.vhpa.org/KIA/incident/68060749PBT540065.HTM,49PBT540065,BT540065,UH-1C,66-00614,680607,176 AHC
,,AR,WC3GAA,,,FALSE,https://www.vhpa.org/KIA/incident/68060748PXS787950.HTM,48PXS787950,XS787950,UH-1D,66-01162,680607,116 AHC
,,AR,,,,TRUE,https://www.vhpa.org/KIA/incident/68060849PBT192060.HTM,49PBT192060,BT192060,UH-1B,64-14092,680608,
1206,68060910.KIA,AF,,,Shot down while trying to rescue Marine A-4 on the Hellborn 215 mission.,TRUE,https://www.vhpa.org/KIA/incident/68060910KIA.HTM,48QYD235100,YD235100,HH-3E,67-14710,680609,37 ARRS
,,AR,WGZ6B0,,,TRUE,https://www.vhpa.org/KIA/incident/68061248PXS750795.HTM,48PXS750795,XS750795,OH-6A,66-14410,680612,B/7/1 CAV
,68061222.KIA,AR,WAZNA0,,,TRUE,https://www.vhpa.org/KIA/incident/68061222KIA.HTM,48PYA896732,YA896732,OH-6A,66-17812,680612,A/7/17 CAV
,,AR,WG0YAA,,,TRUE,https://www.vhpa.org/KIA/incident/68061348QYD471366.HTM,48QYD471366,YD471366,UH-1B,63-08686,680613,355 AVN
,,AR,,,,TRUE,https://www.vhpa.org/KIA/incident/68061348PZA171311.HTM,48PZA171311,ZA171311,OH-23G,64-15308,680613,
1208,68061310.KIA,AR,WC42AA,,"While avoiding machine gun fire on climb out, collided with USAF FAC at about 1000 feet.  Both aircraft crashed.  The UH-1 burned.",TRUE,https://www.vhpa.org/KIA/incident/68061310KIA.HTM,49PBS718802,BS718802,UH-1D,66-01016,680613,174 AHC
,,AR,WG0YAA,,,TRUE,https://www.vhpa.org/KIA/incident/68061348PYS296927.HTM,48PYS296927,YS296927,UH-1C,66-15123,680613,355 AVN
,,AR,WG0YAA,,,TRUE,https://www.vhpa.org/KIA/incident/68061348QYD008472.HTM,48QYD008472,YD008472,UH-1C,66-15178,680613,355 AVN
,,AR,WG0YAA,,,TRUE,https://www.vhpa.org/KIA/incident/68061648QYD347364.HTM,48QYD347364,YD347364,OH-13S,63-09077,680616,355 AVN
,,AR,WFBEAA,,,TRUE,https://www.vhpa.org/KIA/incident/68061649PBT196092.HTM,49PBT196092,BT196092,UH-1D,65-12850,680616,196 BDE
,,AR,WAGGAA,,,TRUE,https://www.vhpa.org/KIA/incident/68061748QYD382439.HTM,48QYD382439,YD382439,OH-13S,63-09121,680617,2 BDE 1 CAV
,,AR,WFELAA,,,TRUE,https://www.vhpa.org/KIA/incident/68061748PXT820330.HTM,48PXT820330,XT820330,UH-1D,65-09635,680617,162 AHC
,,AR,WG0YAA,,,TRUE,https://www.vhpa.org/KIA/incident/68061749PBT198521.HTM,49PBT198521,BT198521,OH-6A,65-12995,680617,355 AVN
,,AR,WDUYAA,,,TRUE,https://www.vhpa.org/KIA/incident/68061848PZT182691.HTM,48PZT182691,ZT182691,UH-1C,66-15096,680618,192 AHC
,680618011ACD,AR,WDUYAA,,,TRUE,https://www.vhpa.org/KIA/incident/680618011ACD.HTM,48PZT124693,ZT124693,UH-1D,66-16347,680618,192 AHC
,,AR,WG0YAA,,,TRUE,https://www.vhpa.org/KIA/incident/68062048PYS774451.HTM,48PYS774451,YS774451,UH-1B,62-02037,680620,355 AVN
,,AR,WG0YAA,,,TRUE,https://www.vhpa.org/KIA/incident/68062048PXS275977.HTM,48PXS275977,XS275977,UH-1C,66-00615,680620,355 AVN
,,AR,WG0YAA,,,TRUE,https://www.vhpa.org/KIA/incident/68062048QYD365346.HTM,48QYD365346,YD365346,OH-6A,66-07934,680620,355 AVN
,,AR,WAZNT0,,,TRUE,https://www.vhpa.org/KIA/incident/68062048PYA862474.HTM,48PYA862474,YA862474,UH-1C,66-15064,680620,HHT/7/17 CAV
,680624021ACD,AR,WAB3T0,,Crash at FSB Bastogne killed COL Pohl CO of Div Arty and two others all from HHB DIVARTY 101 ABN.,TRUE,https://www.vhpa.org/KIA/incident/680624021ACD.HTM,48QYD620095,YD620095,UH-1D,66-16477,680624,HHC 101 AVN
,68062435.KIA,AR,WDF2D0,,While marking a small structure during a People Sniffer mission. Received extremely intense AW fire and crashed. Crew survived crash.,TRUE,https://www.vhpa.org/KIA/incident/68062435KIA.HTM,48PXS677702,XS677702,OH-6A,66-17770,680624,D/3/5 CAV 9 INF
,680624151ACD,AR,WC41AA,,,TRUE,https://www.vhpa.org/KIA/incident/680624151ACD.HTM,48PXS932796,XS932796,UH-1H,67-17207,680624,173 AVN
,,AR,,,,TRUE,https://www.vhpa.org/KIA/incident/68062548QYD454347.HTM,48QYD454347,YD454347,OH-6A,66-07871,680625,
,680625052ACD,AR,WDYBAA,,Believe this aircraft was BLUE 4 which was damaged after flying through debris from mid-air of BLUE 1 (66-16592) and the C&C (66-16601).,TRUE,https://www.vhpa.org/KIA/incident/680625052ACD.HTM,48PYT077018,YT077018,UH-1H,66-16206,680625,240 AHC
,680625053ACD,AR,WDYBAA,,Believe this aircraft was BLUE 1 which had a mid-air with the C&C (66-16601). The debris also brought down BLUE 4 (66-16206).,TRUE,https://www.vhpa.org/KIA/incident/680625053ACD.HTM,48PYT095018,YT095018,UH-1H,66-16592,680625,240 AHC
,680625051ACD,AR,WDYBAA,,Believe this was the 240th AHC C&C aircraft which had a mid-air with BLUE 1 (66-16592). The debris also brought down BLUE 4 (66-16206).,TRUE,https://www.vhpa.org/KIA/incident/680625051ACD.HTM,48PYT077018,YT077018,UH-1D,66-16601,680625,240 AHC
,,AR,,,Took 24 hits while supporting MACV.,FALSE,https://www.vhpa.org/KIA/incident/68062549PBP750291.HTM,49PBP750291,BP750291,UH-1H,67-17166,680625,92 AHC
,,AR,,,,TRUE,https://www.vhpa.org/KIA/incident/68062748QYD581090.HTM,48QYD581090,YD581090,UH-1C,66-15228,680627,
,,AR,WBM2AA,,,TRUE,https://www.vhpa.org/KIA/incident/68062749PBR844946.HTM,49PBR844946,BR844946,UH-1H,66-17067,680627,498 MED
,,AR,WFELAA,,,TRUE,https://www.vhpa.org/KIA/incident/68062848PXT928496.HTM,48PXT928496,XT928496,UH-1D,65-09730,680628,162 AHC
,,AR,WC3HAA,,,TRUE,https://www.vhpa.org/KIA/incident/68062848PXT840035.HTM,48PXT840035,XT840035,UH-1D,66-00806,680628,128 AHC
,,AR,WAGTC0,,,TRUE,https://www.vhpa.org/KIA/incident/68063048QYD543330.HTM,48QYD543330,YD543330,OH-13S,63-09150,680630,C/1/9 CAV 1 CAV
,,AR,WG0YAA,,,TRUE,https://www.vhpa.org/KIA/incident/68063048QYD596386.HTM,48QYD596386,YD596386,OH-13S,64-15337,680630,355 AVN
,,AR,WG0YAA,,,TRUE,https://www.vhpa.org/KIA/incident/68063048QYD112694.HTM,48QYD112694,YD112694,OH-13S,64-15350,680630,355 AVN
,680630101ACD,AR,WAYBAA,,,TRUE,https://www.vhpa.org/KIA/incident/680630101ACD.HTM,48PZA105457,ZA105457,OH-13S,64-15411,680630,120 CAC
,,AR,WC44AA,,,FALSE,https://www.vhpa.org/KIA/incident/68070149PBS394797.HTM,49PBS394797,BS394797,UH-1C,66-00740,680701,176 AHC
,680701131ACD,AR,WC5JAA,,"Mid-air with UH-1C 66-00740 during decent into an LZ, 4 injured on the Huey.",TRUE,https://www.vhpa.org/KIA/incident/680701131ACD.HTM,49PBS394797,BS394797,CH-47B,67-18457,680701,178 ASHC
,68070399.KIA,AR,WDYBAA,,Crashed in the Vam Co Dong River 3 miles south of Ben Luc Bridge.,TRUE,https://www.vhpa.org/KIA/incident/68070399KIA.HTM,48PXS627713,XS627713,UH-1H,66-16212,680703,240 AHC
,680703131ACD,AR,,,,FALSE,https://www.vhpa.org/KIA/incident/680703131ACD.HTM,48PXS061576,XS061576,UH-1D,66-16231,680703,121 AHC
,680704092ACD,AR,WAHMD0,,,TRUE,https://www.vhpa.org/KIA/incident/680704092ACD.HTM,48PXT825478,XT825478,OH-6A,66-07854,680704,D/1/4 CAV
,680704091ACD,AR,WAHMD0,,,TRUE,https://www.vhpa.org/KIA/incident/680704091ACD.HTM,48PXT825478,XT825478,OH-6A,67-16018,680704,D/1/4 CAV
,,AR,WC43AA,,,TRUE,https://www.vhpa.org/KIA/incident/68070948PXS040313.HTM,48PXS040313,XS040313,UH-1H,67-17209,680709,175 AHC
,680712151ACD,AR,WAG3A0,,,TRUE,https://www.vhpa.org/KIA/incident/680712151ACD.HTM,48QYD328493,YD328493,UH-1B,64-14037,680712,A/2/20 ARA 1 CAV
,,AR,,,,TRUE,https://www.vhpa.org/KIA/incident/68071648QYD401254.HTM,48QYD401254,YD401254,OH-6A,67-16099,680716,
,,AR,WG0YAA,,,TRUE,https://www.vhpa.org/KIA/incident/68071848PWS000514.HTM,48PWS000514,WS000514,UH-1D,65-09912,680718,355 AVN
,,AR,WC3GAA,,,TRUE,https://www.vhpa.org/KIA/incident/68071848PXT146456.HTM,48PXT146456,XT146456,UH-1C,66-00566,680718,116 AHC
,,AR,WG0YAA,,,TRUE,https://www.vhpa.org/KIA/incident/68071848PWR622704.HTM,48PWR622704,WR622704,UH-1D,66-16436,680718,355 AVN
,,AR,WGZ6T0,,,TRUE,https://www.vhpa.org/KIA/incident/68071848PWS055403.HTM,48PWS055403,WS055403,AH-1G,67-15484,680718,HHT/7/1 CAV
,,AR,,,,TRUE,https://www.vhpa.org/KIA/incident/68071848PZA098366.HTM,48PZA098366,ZA098366,AH-1G,67-15529,680718,
,,AR,WG0YAA,,,TRUE,https://www.vhpa.org/KIA/incident/68071848PXS877851.HTM,48PXS877851,XS877851,OH-6A,67-16063,680718,355 AVN
,,AR,WCDXAA,,,TRUE,https://www.vhpa.org/KIA/incident/68071949PBR518654.HTM,49PBR518654,BR518654,UH-1H,67-17390,680719,2 SIG
,68072100.KIA,AR,WAAVC0,,Shot down supporting C/5/7 CAV on ridge line 20 KM southwest of Phong Dien.,TRUE,https://www.vhpa.org/KIA/incident/68072100KIA.HTM,48QYD366217,YD366217,UH-1H,67-17415,680721,C/227 AVN
,,AR,WAX9AA,,,TRUE,https://www.vhpa.org/KIA/incident/68072248PXT744901.HTM,48PXT744901,XT744901,UH-1D,66-01034,680722,118 AHC
,68072300.TXT,AR,WAAMT0,,,TRUE,https://www.vhpa.org/KIA/incident/68072300TXT.HTM,48PXS732647,XS732647,OH-6A,65-12985,680723,HHT/3/17 CAV
,680723241ACD,AR,WDYDAA,,,TRUE,https://www.vhpa.org/KIA/incident/680723241ACD.HTM,48PXT675145,XT675145,CH-47A,66-19011,680723,242 ASHC
,,AR,WA0XAA,,,TRUE,https://www.vhpa.org/KIA/incident/68072548PYT459076.HTM,48PYT459076,YT459076,OH-6A,66-07825,680725,23 ART
,,AR,WG2BAA,,,TRUE,https://www.vhpa.org/KIA/incident/68072548PYS460910.HTM,48PYS460910,YS460910,UH-1C,66-15014,680725,ACT/11 ACR
,,AR,WAX7AA,,,TRUE,https://www.vhpa.org/KIA/incident/68072548PXS607186.HTM,48PXS607186,XS607186,UH-1D,66-16085,680725,114 AHC
,,AR,,,,TRUE,https://www.vhpa.org/KIA/incident/68072548PXS625186.HTM,48PXS625186,XS625186,UH-1D,66-16824,680725,
,680726141ACD,AR,WAHBA0,,,TRUE,https://www.vhpa.org/KIA/incident/680726141ACD.HTM,48PXU906160,XU906160,UH-1D,65-12870,680726,A/1 AVN 1 INF
,68072727.KIA,AR,WAX9AA,,,TRUE,https://www.vhpa.org/KIA/incident/68072727KIA.HTM,48PXS604684,XS604684,UH-1C,65-09564,680727,118 AHC
,,AR,WAAMT0,,,TRUE,https://www.vhpa.org/KIA/incident/68072848PXS677850.HTM,48PXS677850,XS677850,OH-6A,66-07785,680728,HHT/3/17 CAV
,,AR,WFELAA,,,TRUE,https://www.vhpa.org/KIA/incident/68072848PXT729366.HTM,48PXT729366,XT729366,UH-1D,66-16188,680728,162 AHC
,,AR,WFBFAA,,,TRUE,https://www.vhpa.org/KIA/incident/68072949PBT174078.HTM,49PBT174078,BT174078,UH-1D,65-12890,680729,198 INF
,,AR,WARJAA,,,TRUE,https://www.vhpa.org/KIA/incident/68072949PBR751633.HTM,49PBR751633,BR751633,UH-1H,66-17039,680729,173 ABN
,,AR,WC7ZAA,,,TRUE,https://www.vhpa.org/KIA/incident/68073048PZV038295.HTM,48PZV038295,ZV038295,UH-1C,66-00581,680730,155 AHC
,,AR,WG0YAA,,,TRUE,https://www.vhpa.org/KIA/incident/68073048PXT329291.HTM,48PXT329291,XT329291,OH-6A,67-16034,680730,355 AVN
,,AR,WG0YAA,,,TRUE,https://www.vhpa.org/KIA/incident/68073148PXT273585.HTM,48PXT273585,XT273585,UH-1D,65-09963,680731,355 AVN
,,AR,WDYBAA,,,TRUE,https://www.vhpa.org/KIA/incident/68080148PYA380063.HTM,48PYA380063,YA380063,UH-1C,66-15074,680801,240 AHC
1244,680801221ACD,AR,WDYBAA,,,TRUE,https://www.vhpa.org/KIA/incident/680801221ACD.HTM,48PYT467986,YT467986,UH-1C,66-15154,680801,240 AHC
,68080222.KIA,AR,WAGTB0,,,TRUE,https://www.vhpa.org/KIA/incident/68080222KIA.HTM,48QYC441923,YC441923,UH-1C,66-15055,680802,B/1/9 CAV 1 CAV
,,AR,WBMZAA,,,TRUE,https://www.vhpa.org/KIA/incident/68080248PYT441039.HTM,48PYT441039,YT441039,UH-1D,66-16396,680802,45 MED
,,AR,WAAVA0,,,TRUE,https://www.vhpa.org/KIA/incident/68080348QYD273321.HTM,48QYD273321,YD273321,UH-1H,67-17378,680803,A/227 AVN
,68080404.KIA,AR,WAB3C0,,,TRUE,https://www.vhpa.org/KIA/incident/68080404KIA.HTM,48QYC423959,YC423959,UH-1C,66-00680,680804,C/101 AVN 101 ABN
,,AR,WAB3C0,,,TRUE,https://www.vhpa.org/KIA/incident/68080448QYC423959.HTM,48QYC423959,YC423959,UH-1C,66-15087,680804,C/101 AVN 101 ABN
,,AR,,,,TRUE,https://www.vhpa.org/KIA/incident/68080449PBT084024.HTM,49PBT084024,BT084024,UH-1D,66-16029,680804,OPM SEA NITEOPS
,,AR,WDU0AA,,,TRUE,https://www.vhpa.org/KIA/incident/68080548PXS931980.HTM,48PXS931980,XS931980,UH-1H,67-17515,680805,195 AHC
,,AR,,,,TRUE,https://www.vhpa.org/KIA/incident/68080749PBT192078.HTM,49PBT192078,BT192078,OH-23G,64-15177,680807,OPM SEA NITEOPS
,,AR,WCKGAA,,,TRUE,https://www.vhpa.org/KIA/incident/68080848PXT983368.HTM,48PXT983368,XT983368,UH-1D,65-10040,680808,765 TC BN
,,AR,WAB3A0,,,TRUE,https://www.vhpa.org/KIA/incident/68080848QYC387941.HTM,48QYC387941,YC387941,UH-1D,66-01054,680808,A/101 AVN
,68080888.KIA,AR,WAB3D0,,Hit in fuel cell by an RPG and crashed inverted.,TRUE,https://www.vhpa.org/KIA/incident/68080888KIA.HTM,48QYC369977,YC369977,UH-1C,66-15227,680808,D/101 AWC 101 ABN
,,AR,WDUXAA,,,TRUE,https://www.vhpa.org/KIA/incident/68080848PXS696536.HTM,48PXS696536,XS696536,UH-1D,66-16204,680808,191 AHC
,,AR,,,,TRUE,https://www.vhpa.org/KIA/incident/68080949PBT186156.HTM,49PBT186156,BT186156,OH-23G,63-12825,680809,
,,AR,,,,TRUE,https://www.vhpa.org/KIA/incident/68080948PYC415032.HTM,48PYC415032,YC415032,OH-23G,63-12835,680809,
,,AR,WG2BAA,,,TRUE,https://www.vhpa.org/KIA/incident/68080948PXT020142.HTM,48PXT020142,XT020142,UH-1D,65-10004,680809,ACT/11 ACR
,,AR,WDUXAA,,,TRUE,https://www.vhpa.org/KIA/incident/68080948PYS095981.HTM,48PYS095981,YS095981,UH-1C,66-00637,680809,191 AHC
,,AR,,,,TRUE,https://www.vhpa.org/KIA/incident/68080948QYD559459.HTM,48QYD559459,YD559459,OH-6A,67-16038,680809,
,,AR,,,,TRUE,https://www.vhpa.org/KIA/incident/68081148QYD398586.HTM,48QYD398586,YD398586,OH-13S,63-09170,680811,OPM SEA NITEOPS
,,AR,WAX8AA,,,TRUE,https://www.vhpa.org/KIA/incident/68081148PXS659684.HTM,48PXS659684,XS659684,UH-1H,67-17593,680811,117 AHC
1247,680812241ACD,AR,WDUXAA,,,TRUE,https://www.vhpa.org/KIA/incident/680812241ACD.HTM,48PXS732703,XS732703,UH-1D,66-00820,680812,191 AHC
,680815241ACD,AR,WDFWA0,,,TRUE,https://www.vhpa.org/KIA/incident/680815241ACD.HTM,48PYT149111,YT149111,UH-1D,66-00779,680815,A/9 AVN 9 INF
,,AR,,,,TRUE,https://www.vhpa.org/KIA/incident/68081548QYD329401.HTM,48QYD329401,YD329401,UH-1H,66-16786,680815,OPM SEA NITEOPS
,,AR,,,,TRUE,https://www.vhpa.org/KIA/incident/68081549PBR459194.HTM,49PBR459194,BR459194,OH-6A,67-16123,680815,
,68081616.KIA,AR,WAGTC0,,,TRUE,https://www.vhpa.org/KIA/incident/68081616KIA.HTM,48QYD382365,YD382365,OH-6A,67-16105,680816,C/1/9 CAV 1 CAV
,,AR,WALZA0,,,TRUE,https://www.vhpa.org/KIA/incident/68081848PXT273585.HTM,48PXT273585,XT273585,UH-1D,65-09633,680818,A/25 AVN 25 INF
,68081818.KIA,AR,WDYBAA,https://www.vhpa.org/pictures/6616630.jpg,Hit by numerous rounds of enemy fire while attempting to extract troops.,FALSE,https://www.vhpa.org/KIA/incident/68081818KIA.HTM,48PXT435071,XT435071,UH-1H,66-16630,680818,240 AHC
,,AR,WC3FAA,https://www.vhpa.org/pictures/6616860.jpg,,TRUE,https://www.vhpa.org/KIA/incident/68081848PXS824648.HTM,48PXS824648,XS824648,UH-1D,66-16860,680818,68 AVN
1254,68081999.KIA,MC,,,Received a direct hit from a heavy artillery round while attempting to land and rescue MAJ Harvey Britt's downed crew. Aircraft burned.,TRUE,https://www.vhpa.org/KIA/incident/68081999KIA.HTM,48QYD122772,YD122772,CH-46D,152566,680819,HHM-262
,680819221ACD,AR,WDF2D0,,,TRUE,https://www.vhpa.org/KIA/incident/680819221ACD.HTM,48PXS076571,XS076571,UH-1D,66-00937,680819,D/3/5 CAV
,,AR,WC06AA,,,TRUE,https://www.vhpa.org/KIA/incident/68082048PXS697481.HTM,48PXS697481,XS697481,CH-47A,65-07989,680820,147 ASHC
,,AR,,,,TRUE,https://www.vhpa.org/KIA/incident/68082148PXT962957.HTM,48PXT962957,XT962957,UH-1D,65-12894,680821,OPM SEA NITEOPS
,68082111.KIA,AR,WC08AA,,,TRUE,https://www.vhpa.org/KIA/incident/68082111KIA.HTM,48PYS403867,YS403867,UH-1C,66-15125,680821,135 AHC
,68082211.KIA,MC,,,"While trying to insert a reconnaissance team, CPL Kenneth N. Brandes, crew chief, was killed and two other crewmen were wounded.",FALSE,https://www.vhpa.org/KIA/incident/68082248QXD894458.HTM,48QXD894458,XD894458,CH-46D,153994,680822,HMM-161
,,AR,,,,TRUE,https://www.vhpa.org/KIA/incident/68082248PYB869452.HTM,48PYB869452,YB869452,OH-23G,62-03795,680822,OPM SEA NITEOPS
,,AR,,,,TRUE,https://www.vhpa.org/KIA/incident/68082248PXT273585.HTM,48PXT273585,XT273585,UH-1D,66-01142,680822,OPM SEA NITEOPS
,68082222.KIA,AR,WAX6AA,,,TRUE,https://www.vhpa.org/KIA/incident/68082222KIA.HTM,48PZT254747,ZT254747,UH-1C,66-15119,680822,92 AHC
,,AR,WGZ6T0,,,TRUE,https://www.vhpa.org/KIA/incident/68082248PWS694035.HTM,48PWS694035,WS694035,OH-6A,66-17810,680822,HHT/7/1 CAV
,,AR,,,,TRUE,https://www.vhpa.org/KIA/incident/68082248PXT310419.HTM,48PXT310419,XT310419,AH-1G,67-15552,680822,OPM SEA NITEOPS
,,AR,WAHDAA,,,TRUE,https://www.vhpa.org/KIA/incident/68082348PXT726901.HTM,48PXT726901,XT726901,OH-13S,63-09187,680823,1 BDE 1 INF
,,AR,WC7ZAA,,,TRUE,https://www.vhpa.org/KIA/incident/68082348PYU844776.HTM,48PYU844776,YU844776,UH-1C,66-15189,680823,155 AHC
,68082333.KIA,AR,WAHBA0,,Hit by .51 CAL AAA fire 3 KM NW of An Loc City in route to investigate an OH-13 accident.,TRUE,https://www.vhpa.org/KIA/incident/68082333KIA.HTM,48PXT744901,XT744901,OH-6A,67-16097,680823,A/1 AVN 1 INF
,,AR,,,,TRUE,https://www.vhpa.org/KIA/incident/68082348PXS076663.HTM,48PXS076663,XS076663,OH-6A,67-16159,680823,DIR SUP / TRAN
,68082444.KIA,MC,,,"Took two hits, flew to altitude, descended with white smoke from forward pylon, suddenly rolled to the right and dropped straight down.",TRUE,https://www.vhpa.org/KIA/incident/68082444KIA.HTM,49PAT950517,AT950517,CH-46D,152502,680824,HMM-265
,68082426.BAT,MC,,,Aircraft crashed at 2055H in a heavily contested zone. This was Lt Goble's second aircraft of the day.,TRUE,https://www.vhpa.org/KIA/incident/68082426BAT.HTM,48QYD181262,YD181262,CH-46D,154022,680824,HMM-262
,,AR,WCLMAA,,,TRUE,https://www.vhpa.org/KIA/incident/68082448PXS112571.HTM,48PXS112571,XS112571,UH-1C,66-15164,680824,56 TC CO
,,AR,,,,TRUE,https://www.vhpa.org/KIA/incident/68082648QYD597257.HTM,48QYD597257,YD597257,OH-6A,67-16042,680826,
,,AR,,,,TRUE,https://www.vhpa.org/KIA/incident/68082849PAQ796057.HTM,49PAQ796057,AQ796057,OH-6A,67-16101,680828,
,,AR,,,,TRUE,https://www.vhpa.org/KIA/incident/68082949PAT879710.HTM,49PAT879710,AT879710,OH-23G,64-15189,680829,OPM SEA NITEOPS
,,AR,WDUXAA,,,TRUE,https://www.vhpa.org/KIA/incident/68082948PXT767053.HTM,48PXT767053,XT767053,UH-1C,66-00638,680829,191 AHC
,,AR,,,,TRUE,https://www.vhpa.org/KIA/incident/68082948PXT671845.HTM,48PXT671845,XT671845,UH-1D,66-01143,680829,OPM SEA NITEOPS
,,AR,WAKED0,,,TRUE,https://www.vhpa.org/KIA/incident/68082948PYU899778.HTM,48PYU899778,YU899778,UH-1D,66-16459,680829,D/1/10 CAV
,,AR,WC7ZAA,,,TRUE,https://www.vhpa.org/KIA/incident/68082948PYU899758.HTM,48PYU899758,YU899758,UH-1D,66-16505,680829,155 AHC
,,AR,WDUTAA,,,TRUE,https://www.vhpa.org/KIA/incident/68083048PXT748163.HTM,48PXT748163,XT748163,UH-1D,65-12869,680830,187 AHC
,,VF,,,,TRUE,https://www.vhpa.org/KIA/incident/68090048PWS818128.HTM,48PWS818128,WS818128,UH-1H,67-17479,680900,
,,VF,,,,TRUE,https://www.vhpa.org/KIA/incident/68090048PWS813126.HTM,48PWS813126,WS813126,UH-1H,67-17481,680900,
,,AR,WGZ6C0,,,TRUE,https://www.vhpa.org/KIA/incident/68090148PWT473122.HTM,48PWT473122,WT473122,OH-6A,66-07876,680901,C/7/1 CAV
1270,68090333.KIA,AR,WDUXAA,,,TRUE,https://www.vhpa.org/KIA/incident/68090333KIA.HTM,48PXS777697,XS777697,UH-1C,66-00613,680903,191 AHC
,,AR,WDUTAA,,,TRUE,https://www.vhpa.org/KIA/incident/68090348PXT090806.HTM,48PXT090806,XT090806,UH-1D,66-00892,680903,187 AHC
,,AR,WAZNB0,,,TRUE,https://www.vhpa.org/KIA/incident/68090349PBR281398.HTM,49PBR281398,BR281398,OH-6A,66-17794,680903,B/7/17 CAV
,68090404.KIA,AR,WBSZAA,,,TRUE,https://www.vhpa.org/KIA/incident/68090404KIA.HTM,48PYB866423,YB866423,UH-1H,66-16947,680904,283 MED DET
,68090505.KIA,AR,WAX8AA,,,TRUE,https://www.vhpa.org/KIA/incident/68090505KIA.HTM,48PXS805685,XS805685,UH-1C,65-09511,680905,117 AHC
,,AR,WAAMA0,,,TRUE,https://www.vhpa.org/KIA/incident/68090548PXS805721.HTM,48PXS805721,XS805721,AH-1G,67-15585,680905,A/3/17 CAV
,,AR,,,,TRUE,https://www.vhpa.org/KIA/incident/68090648PYS186982.HTM,48PYS186982,YS186982,UH-1D,66-00830,680906,
,,AR,WGLEA0,,,TRUE,https://www.vhpa.org/KIA/incident/68090749PBS547761.HTM,49PBS547761,BS547761,UH-1C,66-15030,680907,A/123 AVN 23 INF
,,AR,WFELAA,,,TRUE,https://www.vhpa.org/KIA/incident/68091149PAT981321.HTM,49PAT981321,AT981321,UH-1C,64-14159,680911,162 AHC
,68091214.KIA,AR,WAHMD0,,,TRUE,https://www.vhpa.org/KIA/incident/68091214KIA.HTM,48PXU761085,XU761085,AH-1G,67-15517,680912,D/1/4 CAV 1 INF
,,AR,WARJAA,,,TRUE,https://www.vhpa.org/KIA/incident/68091349PBS521041.HTM,49PBS521041,BS521041,UH-1D,66-01153,680913,173 ABN
,68091322.KIA,AR,WAZNA0,,,TRUE,https://www.vhpa.org/KIA/incident/68091322KIA.HTM,48PYU862813,YU862813,OH-6A,66-14412,680913,A/7/17 CAV
,68091302.KIA,AR,WAHBA0,,,TRUE,https://www.vhpa.org/KIA/incident/68091302KIA.HTM,48PXU779067,XU779067,UH-1H,67-17552,680913,A/1 AVN 1 INF
,,AR,WG20AA,,,TRUE,https://www.vhpa.org/KIA/incident/68091449PBS529761.HTM,49PBS529761,BS529761,OH-6A,66-07827,680914,F/8 CAV
,,AR,WAGTC0,,,TRUE,https://www.vhpa.org/KIA/incident/68091448QYD383346.HTM,48QYD383346,YD383346,OH-6A,66-17803,680914,C/1/9 CAV
,680915101ACD,AR,WAAWA0,,,TRUE,https://www.vhpa.org/KIA/incident/680915101ACD.HTM,48QYD883150,YD883150,CH-47A,66-19081,680915,A/228 ASHB 1 CAV
,68091668.KIA,AR,WC3FAA,,"Was shot up in a single ship LZ, lifted off, crashed in the trees and burned.",TRUE,https://www.vhpa.org/KIA/incident/68091668KIA.HTM,48PXT492439,XT492439,UH-1D,65-09841,680916,68 AHC
,,AR,WAGTC0,,,TRUE,https://www.vhpa.org/KIA/incident/68092049PBT193115.HTM,49PBT193115,BT193115,OH-6A,66-07847,680920,C/1/9 CAV
,68092121.KIA,AR,WDUVAA,,,TRUE,https://www.vhpa.org/KIA/incident/68092121KIA.HTM,48PZA022715,ZA022715,UH-1H,67-17370,680921,189 AHC
,,AR,,,,TRUE,https://www.vhpa.org/KIA/incident/68092148PZA022715.HTM,48PZA022715,ZA022715,UH-1H,67-17473,680921,
,,AR,WC42AA,,,TRUE,https://www.vhpa.org/KIA/incident/68092249PBS390700.HTM,49PBS390700,BS390700,UH-1H,67-17530,680922,174 AHC
,68092323.KIA,AR,WCLQAA,,,TRUE,https://www.vhpa.org/KIA/incident/68092323KIA.HTM,49PBS383559,BS383559,UH-1B,63-08735,680923,335 TC CO
,,AR,,,,TRUE,https://www.vhpa.org/KIA/incident/68092348PVQ963929.HTM,48PVQ963929,VQ963929,UH-1D,66-16100,680923,HHD 44 ENG GP
,680923251ACD,AR,WC5CAA,,,TRUE,https://www.vhpa.org/KIA/incident/680923251ACD.HTM,49PAR795478,AR795478,UH-1D,66-16531,680923,604 TC CO
,,AR,WC7ZAA,,,TRUE,https://www.vhpa.org/KIA/incident/68092348PYU827702.HTM,48PYU827702,YU827702,UH-1H,67-17732,680923,155 AHC
,,AR,WAAMB0,,,TRUE,https://www.vhpa.org/KIA/incident/68092548PXT291622.HTM,48PXT291622,XT291622,OH-6A,66-07814,680925,B/3/17 CAV
,,AR,WDF2D0,,,TRUE,https://www.vhpa.org/KIA/incident/68092648PXS112626.HTM,48PXS112626,XS112626,UH-1D,66-00936,680926,D/3/5 CAV
,68092626.KIA,AR,,,,TRUE,https://www.vhpa.org/KIA/incident/68092626KIA.HTM,48QYD365346,YD365346,OH-6A,67-16079,680926,
,68092613.KIA,AR,WGLEB0,,,TRUE,https://www.vhpa.org/KIA/incident/68092613KIA.HTM,49PBT194189,BT194189,OH-6A,67-16185,680926,B/123 AVN 23 INF
,68092707.KIA,AR,WBM2AA,,Medivac shot down with one KIA.  The other crew members E & E and were picked up the next day.,TRUE,https://www.vhpa.org/KIA/incident/68092707KIA.HTM,49PBR806670,BR806670,UH-1D,66-16062,680927,498 MED
1291,68092721.KIA,AR,WDFWA0,,,TRUE,https://www.vhpa.org/KIA/incident/68092721KIA.HTM,48PXS608377,XS608377,UH-1H,67-17164,680927,A/9 AVN 9 INF
,68092929.KIA,AR,WG2BAA,,,TRUE,https://www.vhpa.org/KIA/incident/68092929KIA.HTM,48PYS442910,YS442910,UH-1C,66-00523,680929,ACT/11 ACR
,,AR,WAAMA0,,,TRUE,https://www.vhpa.org/KIA/incident/68092948PXS440720.HTM,48PXS440720,XS440720,OH-6A,66-17757,680929,A/3/17 CAV
,680930251ACD,AR,WAG3B0,,,TRUE,https://www.vhpa.org/KIA/incident/680930251ACD.HTM,48QYD365365,YD365365,UH-1B,62-02009,680930,B/2/20 ARA 1 CAV
,,AR,WCKGAA,,,TRUE,https://www.vhpa.org/KIA/incident/68093048PXT602273.HTM,48PXT602273,XT602273,UH-1D,66-00925,680930,765 TC BN
,,AR,,,,TRUE,https://www.vhpa.org/KIA/incident/68093048PXU793712.HTM,48PXU793712,XU793712,UH-1D,66-16590,680930,HHD 44 ENG GP
,68100154.KIA,AR,WBSTAA,,,TRUE,https://www.vhpa.org/KIA/incident/68100154KIA.HTM,49PBT103079,BT103079,UH-1H,66-17029,681001,54 MED DET
,68100202.KIA,AR,WARTAA,,,TRUE,https://www.vhpa.org/KIA/incident/68100202KIA.HTM,49PBT479112,BT479112,UH-1D,66-16830,681002,71 AHC
,,AR,WC3GAA,,,TRUE,https://www.vhpa.org/KIA/incident/68100348PXT657145.HTM,48PXT657145,XT657145,UH-1C,66-15002,681003,116 AHC
,681003141ACD,AR,WAAWA0,,,TRUE,https://www.vhpa.org/KIA/incident/681003141ACD.HTM,48QYD561330,YD561330,CH-47A,66-19041,681003,A/228 AVN
1297,68100322.KIA,AR,WAX8AA,,,TRUE,https://www.vhpa.org/KIA/incident/68100322KIA.HTM,48PWT971754,WT971754,UH-1H,67-17595,681003,117 AHC
,,AR,WALZB0,,Mid-air with AH-1G 67-15488 while returning from a Sniffer Mission along the Cambodian border.,FALSE,https://www.vhpa.org/KIA/incident/68100448PXT390290.HTM,48PXT390290,XT390290,UH-1C,66-15210,681004,B/25 AVN 25 INF
,,AR,WALZB0,,Mid-air with UH-1C 66-15210 while returning from a Sniffer Mission along the Cambodian border.,FALSE,https://www.vhpa.org/KIA/incident/68100448PXT370290.HTM,48PXT370290,XT370290,AH-1G,67-15488,681004,B/25 AVN 25 INF
,681004171ACD,AR,WC44AA,,,FALSE,https://www.vhpa.org/KIA/incident/681004171ACD.HTM,49PBT050250,BT050250,UH-1H,67-17565,681004,176 AHC
1298,68100555.KIA,AF,,,,TRUE,https://www.vhpa.org/KIA/incident/68100555KIA.HTM,48PYC592700,YC592700,HH-3E,65-12782,681005,37 ARRS
,681005181ACD,AR,WDUXAA,,,TRUE,https://www.vhpa.org/KIA/incident/681005181ACD.HTM,48PWS966607,WS966607,UH-1D,65-12893,681005,191 AHC
,,AR,WAX9AA,,,TRUE,https://www.vhpa.org/KIA/incident/68100548PXT273456.HTM,48PXT273456,XT273456,UH-1D,66-01004,681005,118 AHC
,681005151ACD,AR,WC3HAA,,,TRUE,https://www.vhpa.org/KIA/incident/681005151ACD.HTM,48PXT875219,XT875219,UH-1D,66-01098,681005,128 AHC
,,AR,WAAMC0,,,TRUE,https://www.vhpa.org/KIA/incident/68100548PXT492310.HTM,48PXT492310,XT492310,OH-6A,66-07818,681005,C/3/17 CAV
,,AR,,,,TRUE,https://www.vhpa.org/KIA/incident/68100649PBR263398.HTM,49PBR263398,BR263398,OH-6A,67-16147,681006,HHD 44 ENG GP
,68100888.KIA,AR,WAAMA0,,,TRUE,https://www.vhpa.org/KIA/incident/68100888KIA.HTM,48PXS495701,XS495701,OH-6A,67-16204,681008,A/3/17 CAV
,68100909.KIA,AR,WC5KAA,,,TRUE,https://www.vhpa.org/KIA/incident/68100909KIA.HTM,48PZA078531,ZA078531,CH-47A,65-07969,681009,179 ASHC
,68101038.KIA,AF,,,Aircraft accident but details are unknown.,TRUE,https://www.vhpa.org/KIA/incident/68101038KIA.HTM,49PBN765867,BN765867,HH-43B,58-1845,681010,38 ARRS DET 1
,,AR,WAGTC0,,,TRUE,https://www.vhpa.org/KIA/incident/68101048PXR042594.HTM,48PXR042594,XR042594,UH-1C,66-15175,681010,C/1/9 CAV
,,AR,WG2BAA,,,TRUE,https://www.vhpa.org/KIA/incident/68101048PXT966294.HTM,48PXT966294,XT966294,OH-6A,67-16200,681010,ACT/11 ACR
1302,68101110.KIA,MC,,,"Involved in a mid-air with HMM-265 CH-46A #151917 near Hill 52, north of An Hoa.",TRUE,https://www.vhpa.org/KIA/incident/68101110KIA.HTM,49PAT788552,AT788552,UH-34D,148802,681011,HMM-362
,68101202.KIA,AR,WAAXD0,,,TRUE,https://www.vhpa.org/KIA/incident/68101202KIA.HTM,48QYD205308,YD205308,AH-1G,66-15349,681012,D/229 AVN
,,AR,,,,TRUE,https://www.vhpa.org/KIA/incident/68101548PXS405425.HTM,48PXS405425,XS405425,OH-6A,66-14419,681015,HHD 44 ENG GP
,,AF,,,,TRUE,https://www.vhpa.org/KIA/incident/68101648QYD571958.HTM,48QYD571958,YD571958,CH-3C,65-12786,681016,
,68101666.KIA,AR,WG2BAA,,,TRUE,https://www.vhpa.org/KIA/incident/68101666KIA.HTM,48PXT838330,XT838330,OH-6A,66-17779,681016,ACT/11 ACR
,,AR,WFJGAA,,,TRUE,https://www.vhpa.org/KIA/incident/68101749PBT020616.HTM,49PBT020616,BT020616,UH-1H,67-17556,681017,282 AHC
,,AR,,,,TRUE,https://www.vhpa.org/KIA/incident/68101848PWR458298.HTM,48PWR458298,WR458298,UH-1B,63-08640,681018,HHD 44 ENG GP
,68101888.KIA,AR,WBSTAA,,,TRUE,https://www.vhpa.org/KIA/incident/68101888KIA.HTM,49PBT246162,BT246162,UH-1D,66-16760,681018,54 MED DET
,,AF,,,,TRUE,https://www.vhpa.org/KIA/incident/68101948QYD482975.HTM,48QYD482975,YD482975,HH-3E,66-13282,681019,
,,AR,WALND0,,,TRUE,https://www.vhpa.org/KIA/incident/68101948PXT383272.HTM,48PXT383272,XT383272,OH-6A,66-14392,681019,D/3/4 CAV
1306,681020071ACD,AR,WDYEAA,,,TRUE,https://www.vhpa.org/KIA/incident/681020071ACD.HTM,49PBP661790,BP661790,CH-47A,66-19053,681020,243 ASHC
,68102121.KIA,AR,WAHBA0,,,TRUE,https://www.vhpa.org/KIA/incident/68102121KIA.HTM,48PXT508900,XT508900,UH-1D,66-01090,681021,A/1 AVN 1 INF
,681024231ACD,AR,WAB3C0,,,TRUE,https://www.vhpa.org/KIA/incident/681024231ACD.HTM,48QZC126937,ZC126937,UH-1D,66-16121,681024,C/101 AVN
,,AR,WGZ6C0,,,TRUE,https://www.vhpa.org/KIA/incident/68102448PWS766644.HTM,48PWS766644,WS766644,OH-6A,66-17821,681024,C/7/1 CAV
,681025181ACD,AR,WAYCAA,,,TRUE,https://www.vhpa.org/KIA/incident/681025181ACD.HTM,48PXR062004,XR062004,UH-1B,63-12947,681025,121 AHC
,,AR,WAGTB0,,,TRUE,https://www.vhpa.org/KIA/incident/68102548QYD526237.HTM,48QYD526237,YD526237,OH-6A,66-17764,681025,B/1/9 CAV
,,AR,WAZNC0,,Shot down while hovering in front of the Blue to check on their point man who had been shot.,TRUE,https://www.vhpa.org/KIA/incident/68102748PYA036226.HTM,48PYA036226,YA036226,OH-6A,66-07909,681027,C/7/17 CAV
,,AR,WC3GAA,,,TRUE,https://www.vhpa.org/KIA/incident/68102848PXT454623.HTM,48PXT454623,XT454623,UH-1C,64-14151,681028,116 AHC
,,AR,WAZNA0,,,TRUE,https://www.vhpa.org/KIA/incident/68102948PYA037115.HTM,48PYA037115,YA037115,OH-6A,66-17783,681029,A/7/17 CAV
,,AR,WAAWB0,,,TRUE,https://www.vhpa.org/KIA/incident/68103048QYD291567.HTM,48QYD291567,YD291567,CH-47A,66-19039,681030,B/228 AVN
,,AR,,,,TRUE,https://www.vhpa.org/KIA/incident/68103148PYS679912.HTM,48PYS679912,YS679912,UH-1C,64-14153,681031,
,681031121ACD,AR,WA4QAA,,,TRUE,https://www.vhpa.org/KIA/incident/681031121ACD.HTM,49PBP992599,BP992599,UH-1D,66-16524,681031,54 SIG BN
,,AR,WALND0,,,TRUE,https://www.vhpa.org/KIA/incident/68110148PXT383254.HTM,48PXT383254,XT383254,OH-6A,66-14395,681101,D/3/4 CAV
,,AR,WAGYAA,,,TRUE,https://www.vhpa.org/KIA/incident/68110148QYD365365.HTM,48QYD365365,YD365365,UH-1D,66-16451,681101,15 MED 1 CAV
,,AR,WDX6AA,,,TRUE,https://www.vhpa.org/KIA/incident/68110348PVS843308.HTM,48PVS843308,VS843308,AH-1G,66-15311,681103,235 AVN
,,AR,WGZ6C0,,,TRUE,https://www.vhpa.org/KIA/incident/68110348PVS726459.HTM,48PVS726459,VS726459,OH-6A,67-16282,681103,C/7/1 CAV
,68110434.BAT,AR,WALND0,,"Three Hueys were shot down in the same LZ.  Four men died, but not yet able to determine which helicopter they were on.",TRUE,https://www.vhpa.org/KIA/incident/68110448PXT543163.HTM,48PXT543163,XT543163,UH-1D,,681104,D/3/4 CAV
,,AR,WALND0,,,TRUE,https://www.vhpa.org/KIA/incident/68110448PXT529181.HTM,48PXT529181,XT529181,UH-1D,64-13757,681104,D/3/4 CAV
,,AR,,,,TRUE,https://www.vhpa.org/KIA/incident/68110549PAT930580.HTM,49PAT930580,AT930580,OH-23G,64-15228,681105,HHD 44 ENG GP
,,AR,WC08AA,,,TRUE,https://www.vhpa.org/KIA/incident/68110648PYU142088.HTM,48PYU142088,YU142088,UH-1D,66-01201,681106,135 AHC
,,AR,WC3HAA,,,TRUE,https://www.vhpa.org/KIA/incident/68110648PYT092387.HTM,48PYT092387,YT092387,UH-1H,66-16872,681106,128 AHC
,,AR,WAAXC0,,,TRUE,https://www.vhpa.org/KIA/incident/68111048PXT090879.HTM,48PXT090879,XT090879,UH-1H,66-16788,681110,C/229 AVN
,,AR,WAX8AA,,,TRUE,https://www.vhpa.org/KIA/incident/68111148PYT314019.HTM,48PYT314019,YT314019,UH-1C,65-09527,681111,117 AHC
,,AR,,,,TRUE,https://www.vhpa.org/KIA/incident/68111148PXS733610.HTM,48PXS733610,XS733610,UH-1D,66-16156,681111,
,,AR,WC3HAA,,,TRUE,https://www.vhpa.org/KIA/incident/68111248PXS931943.HTM,48PXS931943,XS931943,UH-1B,63-12924,681112,128 AHC
,68111313.KIA,AR,WC4YAA,,,TRUE,https://www.vhpa.org/KIA/incident/68111313KIA.HTM,49PBR299453,BR299453,UH-1C,66-15163,681113,170 AHC
,68111414.KIA,AR,WAGTB0,,,TRUE,https://www.vhpa.org/KIA/incident/68111414KIA.HTM,48PYU215088,YU215088,OH-6A,66-14382,681114,B/1/9 CAV 1 CAV
,681114241ACD,AR,WFBDAA,,,TRUE,https://www.vhpa.org/KIA/incident/681114241ACD.HTM,48PYT045107,YT045107,OH-6A,67-16252,681114,199 BDE
,68111666.KIA,AR,WAAMC0,,,TRUE,https://www.vhpa.org/KIA/incident/68111666KIA.HTM,48PXT566181,XT566181,OH-6A,66-07836,681116,C/3/17 CAV
,,AR,,,,TRUE,https://www.vhpa.org/KIA/incident/68111649PBS126029.HTM,49PBS126029,BS126029,UH-1D,66-16846,681116,HHD 44 ENG GP
,,AR,WAGFAA,,,TRUE,https://www.vhpa.org/KIA/incident/68111648PXT072861.HTM,48PXT072861,XT072861,OH-6A,67-16323,681116,1 BDE 1 CAV
,,AR,WFELAA,,,TRUE,https://www.vhpa.org/KIA/incident/68111748PXS076663.HTM,48PXS076663,XS076663,UH-1D,66-16025,681117,162 AHC
,68111717.KIA,AR,WAYPAA,,LRRP insertion into a booby trapped LZ.  Three LRRPs and the CE killed.  The aircraft burned.,TRUE,https://www.vhpa.org/KIA/incident/68111717KIA.HTM,49PBS845002,BS845002,UH-1H,67-17402,681117,61 AHC
,68112022.KIA,MC,,,"Received enemy fire, shot down, crashed, and burned while approaching the zone. Both pilots died of burns, both EM seriously injured.",TRUE,https://www.vhpa.org/KIA/incident/68112022KIA.HTM,49PAT998570,AT998570,CH-46A,151938,681120,HMM-265
,68112029.KIA,AR,WAAXC0,,Believed to be the 1 Cav helicopter in which SP4 Han died.,TRUE,https://www.vhpa.org/KIA/incident/68112029KIA.HTM,48PXT235954,XT235954,UH-1H,66-16716,681120,C/229 AVN 1 CAV
,68112121.KIA,AR,WFBET0,,,TRUE,https://www.vhpa.org/KIA/incident/68112121KIA.HTM,49QAT951764,AT951764,OH-23G,64-15303,681121,HHC 198 LIB 23 INF
,68112111.KIA,AR,WAYAAA,,,TRUE,https://www.vhpa.org/KIA/incident/68112111KIA.HTM,48PYA646508,YA646508,UH-1D,66-16297,681121,119 AHC
,,AR,WDYDAA,https://www.vhpa.org/pictures/6619019.GIF,,TRUE,https://www.vhpa.org/KIA/incident/68112148PXT603015.HTM,48PXT603015,XT603015,CH-47A,66-19019,681121,242 ASHC
,,AR,WAGTC0,,,TRUE,https://www.vhpa.org/KIA/incident/68112148PXT509715.HTM,48PXT509715,XT509715,OH-6A,67-16295,681121,C/1/9 CAV
,68112101.KIA,AR,WAZNB0,,Shot down and destroyed by a group of VC during a BDA after a Cobra rocket attack during a VR mission.,TRUE,https://www.vhpa.org/KIA/incident/68112101KIA.HTM,49PAN962487,AN962487,OH-6A,67-16355,681121,B/7/17 CAV
,681123081ACD,AR,WARTAA,,,TRUE,https://www.vhpa.org/KIA/incident/681123081ACD.HTM,49PBT542088,BT542088,UH-1C,66-15142,681123,71 AHC
,68112555.KIA,AR,WC3HAA,,,TRUE,https://www.vhpa.org/KIA/incident/68112555KIA.HTM,48PYT020276,YT020276,UH-1B,62-01874,681125,128 AHC
,68112666.KIA,AR,WAGYAA,,Shot down by 50 cal near Quan Loi.  All killed,TRUE,https://www.vhpa.org/KIA/incident/68112648PXT445872.HTM,48PXT445872,XT445872,UH-1H,,681126,15 MED BN 1 CAV
,,AR,,,,TRUE,https://www.vhpa.org/KIA/incident/68112648PXT453881.HTM,48PXT453881,XT453881,UH-1D,66-16061,681126,HHD 44 ENG GP
,,AR,WDFWA0,,,TRUE,https://www.vhpa.org/KIA/incident/68112648PYS150982.HTM,48PYS150982,YS150982,UH-1H,67-17754,681126,A/9 AVN 9 INF
1332,68112702.KIA,AF,,,"Struck by hostile fire, crashed and burned.",TRUE,https://www.vhpa.org/KIA/incident/68112702KIA.HTM,48PYA700200,YA700200,UH-1F,65-07942,681127,20 SOS
,681127211ACD,AR,WDUTAA,,,TRUE,https://www.vhpa.org/KIA/incident/681127211ACD.HTM,48PXT510347,XT510347,UH-1H,65-09620,681127,187 AHC
,68112720.KIA,AR,WFJ8T0,,,TRUE,https://www.vhpa.org/KIA/incident/68112720KIA.HTM,48QZC171951,ZC171951,UH-1C,66-00611,681127,HHB/4/77 ARA 101 ABN
1331,68112710.KIA,AR,WAX9AA,,Shot down and crashed during gun run on village near Cambodian border while covering ARVNs.,TRUE,https://www.vhpa.org/KIA/incident/68112710KIA.HTM,48PXT238290,XT238290,UH-1C,66-15015,681127,118 AHC
,68112700.TXT,AR,WDUTAA,,Hit by an RPG while landing in a hot LZ,TRUE,https://www.vhpa.org/KIA/incident/68112700TXT.HTM,48PXT310419,XT310419,UH-1H,67-17784,681127,187 AHC
1333,68113034.KIA,VF,,,This KINGBEE CH-34 was hit at altitude by a 37mm antiaircraft round and exploded.,TRUE,https://www.vhpa.org/KIA/incident/68113034KIA.HTM,48QXD515410,XD515410,CH-34,144653,681130,219 VNAF SQDN
,,AR,WALND0,,,TRUE,https://www.vhpa.org/KIA/incident/68113048PXT620218.HTM,48PXT620218,XT620218,UH-1H,67-18572,681130,D/3/4 CAV 25 INF
,,AR,WFELAA,,,TRUE,https://www.vhpa.org/KIA/incident/68120148PXS222571.HTM,48PXS222571,XS222571,UH-1D,65-09890,681201,162 AHC
,681201081ACD,AR,WC3GAA,,,TRUE,https://www.vhpa.org/KIA/incident/681201081ACD.HTM,48PXT036566,XT036566,UH-1C,66-00724,681201,116 AHC
,,AR,WAGTB0,,,TRUE,https://www.vhpa.org/KIA/incident/68120248PXT979994.HTM,48PXT979994,XT979994,OH-6A,66-07870,681202,B/1/9 CAV
,,AR,WAAVB0,,,TRUE,https://www.vhpa.org/KIA/incident/68120248PXT999829.HTM,48PXT999829,XT999829,UH-1H,66-16921,681202,B/227 AVN
,,AR,WAGTC0,,,TRUE,https://www.vhpa.org/KIA/incident/68120248PXT453881.HTM,48PXT453881,XT453881,AH-1G,67-15713,681202,C/1/9 CAV
,,AR,WGZ6A0,,,TRUE,https://www.vhpa.org/KIA/incident/68120348PWR201980.HTM,48PWR201980,WR201980,UH-1D,66-16681,681203,A/7/1 CAV
,,AR,WAX8AA,,,TRUE,https://www.vhpa.org/KIA/incident/68120348PXT127566.HTM,48PXT127566,XT127566,UH-1H,67-17729,681203,117 AHC
,68120444.KIA,AR,WAAXB0,,,TRUE,https://www.vhpa.org/KIA/incident/68120444KIA.HTM,48PXT635882,XT635882,UH-1H,67-17746,681204,B/229 AVN
1334,68120520.KIA,AR,WAGFAA,,"While flying lead scout for 1/7th Cav Bn, received intense enemy fire, went inverted, crashed and exploded. Aircraft burned completely.",TRUE,https://www.vhpa.org/KIA/incident/68120520KIA.HTM,48PXT973722,XT973722,OH-6A,67-16341,681205,1 BDE 1 CAV
,,AR,WC7ZAA,,,TRUE,https://www.vhpa.org/KIA/incident/68120648PYU812351.HTM,48PYU812351,YU812351,UH-1D,66-16705,681206,155 AHC
,,AR,WC5DAA,,,TRUE,https://www.vhpa.org/KIA/incident/68120948PZT794064.HTM,48PZT794064,ZN794064,OH-6A,66-14409,681209,605 TC CO
,,AR,WGLEB0,,,TRUE,https://www.vhpa.org/KIA/incident/68120949PBS703206.HTM,49PBS703206,BS703206,OH-6A,67-16175,681209,B/123 AVN 23 INF
,,AR,,,,TRUE,https://www.vhpa.org/KIA/incident/68121048PWS073403.HTM,48PWS073403,WS073403,OH-6A,67-16432,681210,DIR SUP / TRAN
,,AR,WARJAA,,,TRUE,https://www.vhpa.org/KIA/incident/68121049PBR697616.HTM,49PBR697616,BR697616,UH-1H,67-17721,681210,173 ABN
,,AR,WFBFAA,,,TRUE,https://www.vhpa.org/KIA/incident/68121149PBT075707.HTM,49PBT075707,BT075707,OH-23G,64-15298,681211,198 BDE
,,AR,WAB5AA,,,TRUE,https://www.vhpa.org/KIA/incident/68121148QYD651257.HTM,48QYD651257,YD651257,UH-1D,66-01055,681211,2 BDE 101 ABN
,,AR,WCLSAA,,,TRUE,https://www.vhpa.org/KIA/incident/68121148PXS348959.HTM,48PXS348959,XS348959,AH-1G,67-15751,681211,388 TC CO
,68121313.KIA,AR,WAAMC0,,,TRUE,https://www.vhpa.org/KIA/incident/68121313KIA.HTM,48PXT402107,XT402107,OH-6A,67-16395,681213,C/3/17 CAV
,,AR,WBSZAA,,,TRUE,https://www.vhpa.org/KIA/incident/68121349PBR047456.HTM,49PBR047456,BR047456,UH-1H,67-17176,681213,283 MED DET
,,AR,WDYBAA,,,TRUE,https://www.vhpa.org/KIA/incident/68121648PXS567812.HTM,48PXS567812,XS567812,UH-1D,66-16178,681216,240 AHC
,,AR,WAAMC0,,,TRUE,https://www.vhpa.org/KIA/incident/68122248PXT876054.HTM,48PXT876054,XT876054,OH-6A,66-07784,681222,C/3/17 CAV
,,AR,WAAMB0,,,TRUE,https://www.vhpa.org/KIA/incident/68122248PXS405443.HTM,48PXS405443,XS405443,UH-1D,66-16059,681222,B/3/17 CAV
,,AR,WAGTA0,,,TRUE,https://www.vhpa.org/KIA/incident/68122348PXT439070.HTM,48PXT439070,XT439070,UH-1B,64-14051,681223,A/1/9 CAV
,,AR,WC5EAA,,,TRUE,https://www.vhpa.org/KIA/incident/68122348PXS186442.HTM,48PXS186442,XS186442,UH-1C,66-15007,681223,608 TC CO
,68122424.KIA,AR,WAX6AA,,,TRUE,https://www.vhpa.org/KIA/incident/68122424KIA.HTM,49PBP185001,BP185001,UH-1H,67-17460,681224,92 AHC
,68122537.KIA,AF,,,,FALSE,https://www.vhpa.org/KIA/incident/68122537KIA.HTM,48QWD998225,WD998225,HH-3E,64-14230,681225,40 ARRS
,681228091ACD,AR,WFAJT0,,,TRUE,https://www.vhpa.org/KIA/incident/681228091ACD.HTM,49PAQ814056,AQ814056,UH-1D,64-13668,681228,HHC 10 CAB
,,AR,WGZ6T0,,,TRUE,https://www.vhpa.org/KIA/incident/68122848PWS658017.HTM,48PWS658017,WS658017,OH-6A,66-14376,681228,HHT/7/1 CAV
,681228081ACD,AR,WAGTA0,,,TRUE,https://www.vhpa.org/KIA/incident/681228081ACD.HTM,48PXT329180,XT329180,OH-6A,67-16029,681228,A/1/9 CAV
,,AR,WC43AA,,,TRUE,https://www.vhpa.org/KIA/incident/68122948PWR787280.HTM,48PWR787280,WR787280,UH-1D,65-09720,681229,175 AHC
,,AR,WCLSAA,,,TRUE,https://www.vhpa.org/KIA/incident/68122948PWR512317.HTM,48PWR512317,WR512317,UH-1D,65-09966,681229,388 TC CO
,,AR,WAHBB0,,,TRUE,https://www.vhpa.org/KIA/incident/68122948PXT982607.HTM,48PXT982607,XT982607,UH-1C,66-15202,681229,B/1 AVN 1 INF
,68122911.KIA,AR,WC42AA,,,TRUE,https://www.vhpa.org/KIA/incident/68122911KIA.HTM,49PBS526517,BS526517,UH-1D,66-16811,681229,174 AHC
,68122929.KIA,AR,WAGTC0,,"While on an armed recon at tree top level and 40 knots, the helicopter blew up and crashed.",TRUE,https://www.vhpa.org/KIA/incident/68122929KIA.HTM,48PXT599882,XT599882,OH-6A,67-16278,681229,C/1/9 CAV
,,AR,WC07AA,,,TRUE,https://www.vhpa.org/KIA/incident/68123049PBR769596.HTM,49PBR769596,BR769596,UH-1D,66-16295,681230,134 AHC
,,AR,WC44AA,,,TRUE,https://www.vhpa.org/KIA/incident/68123149PBS673852.HTM,49PBS673852,BS673852,UH-1D,66-16306,681231,176 AHC
,,AR,WGLEB0,,,TRUE,https://www.vhpa.org/KIA/incident/68123149PBS492706.HTM,49PBS492706,BS492706,OH-6A,67-16257,681231,B/123 AVN 23 INF
,,AR,WFELAA,,,TRUE,https://www.vhpa.org/KIA/incident/69010148PXS460351.HTM,48PXS460351,XS460351,UH-1C,64-14160,690101,162 AHC
,,AR,WGLEB0,,,TRUE,https://www.vhpa.org/KIA/incident/69010149PBS547761.HTM,49PBS547761,BS547761,OH-6A,67-16176,690101,B/123 AVN 23 INF
,690102161ACD,AR,WC3GAA,,,TRUE,https://www.vhpa.org/KIA/incident/690102161ACD.HTM,48PXT511254,XT511254,UH-1D,66-00968,690102,116 AHC
,690103101ACD,AR,WC08AA,https://www.vhpa.org/pictures/6601112.jpg,,TRUE,https://www.vhpa.org/KIA/incident/690103101ACD.HTM,48PXT949036,XT949036,UH-1D,66-01112,690103,135 AHC
,69010414.KIA,AR,,,,TRUE,https://www.vhpa.org/KIA/incident/69010414KIA.HTM,48PXT675126,XT675126,OH-6A,66-07856,690104,E/82 ARTY 1 CAV
,69010404.KIA,AR,WGZ6B0,,,TRUE,https://www.vhpa.org/KIA/incident/69010404KIA.HTM,48PWR201685,WR201685,OH-6A,67-16270,690104,B/7/1 CAV
,,AR,WAAXC0,,,TRUE,https://www.vhpa.org/KIA/incident/69010548PXT164530.HTM,48PXT164530,XT164530,UH-1D,64-13578,690105,C/229 AVN
,,AR,WAZNB0,,Discovered and cornered a group of VC during a VR. Shot down and destroyed by the VC.,TRUE,https://www.vhpa.org/KIA/incident/69010549PBN673720.HTM,49PBN673720,BN673720,OH-6A,67-16222,690105,B/7/17 CAV
,69010666.KIA,AR,WAAMA0,,,TRUE,https://www.vhpa.org/KIA/incident/69010666KIA.HTM,48PXS640923,XS640923,AH-1G,67-15582,690106,A/3/17 CAV
,,AR,WAGHAA,,,TRUE,https://www.vhpa.org/KIA/incident/69010648PXT943939.HTM,48PXT943939,XT943939,OH-6A,67-16046,690106,3 BDE 1 CAV
,,AR,WAGTC0,,,TRUE,https://www.vhpa.org/KIA/incident/69010948PXT472715.HTM,48PXT472715,XT472715,OH-6A,67-16353,690109,C/1/9 CAV
,,AR,WAZNA0,,,TRUE,https://www.vhpa.org/KIA/incident/69011049PAP902797.HTM,49PAP902797,AP902797,OH-6A,66-07801,690110,A/7/17 CAV
,,AR,WAB4AA,,,TRUE,https://www.vhpa.org/KIA/incident/69011248QYC904947.HTM,48QYC904947,YC904947,UH-1D,66-16213,690112,1 BDE 101 ABN
,,AR,WC3JAA,,,TRUE,https://www.vhpa.org/KIA/incident/69011349PBR946226.HTM,49PBR946226,BR946226,UH-1B,64-13921,690113,129 AHC
,,AR,WGZ6B0,,,TRUE,https://www.vhpa.org/KIA/incident/69011448PXS094663.HTM,48PXS094663,XS094663,UH-1H,66-16497,690114,B/7/1 CAV
,69011522.KIA,AR,WDX4T0,,,TRUE,https://www.vhpa.org/KIA/incident/69011522KIA.HTM,48PZC108396,ZC108396,UH-1D,66-16205,690115,HHC/212 CAB
,,AF,,,,TRUE,https://www.vhpa.org/KIA/incident/69011548QXD620063.HTM,48QXD620063,XD620063,CH-3E,67-14702,690115,21 SOS
,69011555.KIA,AR,WAZNC0,,,TRUE,https://www.vhpa.org/KIA/incident/69011555KIA.HTM,48PYA878677,YA878677,AH-1G,67-15651,690115,C/7/17 CAV
,69011515.KIA,AR,WFBFAA,,,TRUE,https://www.vhpa.org/KIA/incident/69011515KIA.HTM,49PBS457762,BS457762,OH-6A,67-16189,690115,198 BDE
,69011717.KIA,AF,,,Crashed while supporting TACAN site in northern Laos,TRUE,https://www.vhpa.org/KIA/incident/69011717KIA.HTM,48QUH396157,UH396157,CH-3C,62-12582,690117,20 SOS
,69011777.KIA,AR,,,,TRUE,https://www.vhpa.org/KIA/incident/69011777KIA.HTM,48PXT272659,XT272659,OH-6A,67-16400,690117,DIVARTY 25 INF
,,AF,,,,TRUE,https://www.vhpa.org/KIA/incident/69011848QXD405227.HTM,48QXD405227,XD405227,HH-53B,66-14430,690118,40 ARRS
,69011828.KIA,AR,WC43AA,,,TRUE,https://www.vhpa.org/KIA/incident/69011828KIA.HTM,48PWS822073,WS822073,UH-1H,66-17077,690118,175 AHC
,,NA,WEAWLF,,,TRUE,https://www.vhpa.org/KIA/incident/69012048PWS765791.HTM,48PWS765791,WS765791,UH-1B,64-13958,690120,HA(L)-3
,,AR,WAYAAA,,,TRUE,https://www.vhpa.org/KIA/incident/69012049PAR958494.HTM,49PAR958494,AR958494,UH-1C,65-09431,690120,119 AHC
,69012022.KIA,AR,WAAMA0,,,TRUE,https://www.vhpa.org/KIA/incident/69012022KIA.HTM,48PXT656255,XT656255,OH-6A,66-07872,690120,A/3/17 CAV
,,AR,WC4YAA,,,TRUE,https://www.vhpa.org/KIA/incident/69012049PBR030549.HTM,49PBR030549,BR030549,UH-1C,66-15241,690120,170 AHC
1365,69012310.KIA,AR,WBSZAA,,,TRUE,https://www.vhpa.org/KIA/incident/69012310KIA.HTM,48PYA940681,YA940681,UH-1H,66-16217,690123,283 MED DET
,,AR,WAYBAA,,,TRUE,https://www.vhpa.org/KIA/incident/69012448PXS567886.HTM,48PXS567886,XS567886,UH-1B,64-14017,690124,120 CAC
,69012424.KIA,AR,WC4YAA,,,TRUE,https://www.vhpa.org/KIA/incident/69012424KIA.HTM,49PBR264472,BR264472,UH-1C,66-00579,690124,170 AHC
,,AR,WGPPAA,,,TRUE,https://www.vhpa.org/KIA/incident/69012548PXT347180.HTM,48PXT347180,XT347180,AH-1G,67-15556,690125,334 AHC
,,AR,WADPD0,,,TRUE,https://www.vhpa.org/KIA/incident/69012549PBR355600.HTM,49PBR355600,BR355600,OH-6A,67-16263,690125,D/2/1 CAV
,,AF,,,"Received small arms fire, engine lost power, aircraft crashed and was damaged beyond economical repair.",TRUE,https://www.vhpa.org/KIA/incident/69012649PAR778533.HTM,49PAR778533,AR778533,HH-43F,63-9712,690126,38 ARRS DET 9
,,AR,WC5KAA,,,TRUE,https://www.vhpa.org/KIA/incident/69012649PAS785124.HTM,49PAS785124,AS785124,CH-47A,66-19061,690126,179 ASHC
,,AR,WFJGAA,,,TRUE,https://www.vhpa.org/KIA/incident/69012749PAT894544.HTM,49PAT894544,AT894544,UH-1B,62-01998,690127,282 AHC
,,AR,WAGTA0,,,TRUE,https://www.vhpa.org/KIA/incident/69012748PXT345586.HTM,48PXT345586,XT345586,AH-1G,67-15451,690127,A/1/9 CAV
,,AR,WGZ6C0,,,TRUE,https://www.vhpa.org/KIA/incident/69012748PWS584109.HTM,48PWS584109,WS584109,OH-6A,67-16320,690127,C/7/1 CAV
,,AR,WAKED0,,,TRUE,https://www.vhpa.org/KIA/incident/69012849PAR990162.HTM,49PAR990162,AR990162,OH-6A,66-14397,690128,D/1/10 CAV
,69012888.KIA,AR,WAX7AA,,"Took hits during firing run, crashed hard and aircraft rolled on left side crushing CE. ARVNs helped roll A/C over to recover the body.",TRUE,https://www.vhpa.org/KIA/incident/69012888KIA.HTM,48PWR347998,WR347998,UH-1C,66-15013,690128,114 AHC
,,AR,WAAXA0,,,TRUE,https://www.vhpa.org/KIA/incident/69012948PXT816901.HTM,48PXT816901,XT816901,UH-1D,66-16641,690129,A/229 AVN
,,AR,WFBDAA,,,TRUE,https://www.vhpa.org/KIA/incident/69012948PXS549794.HTM,48PXS549794,XS549794,OH-6A,67-16213,690129,199 BDE
,,AR,WABCAA,,,FALSE,https://www.vhpa.org/KIA/incident/69013048PXS840980.HTM,48PXS840980,XS840980,UH-1D,66-16532,690130,3 BDE 82 ABN
,,AR,WC08AA,,,TRUE,https://www.vhpa.org/KIA/incident/69020248PXS059184.HTM,48PXS059184,XS059184,UH-1C,65-09522,690202,135 AHC
,,AR,WAG3A0,,,TRUE,https://www.vhpa.org/KIA/incident/69020348PXT146529.HTM,48PXT146529,XT146529,AH-1G,67-15518,690203,A/2/20 ARA 1 CAV
,69020404.KIA,MC,,https://www.vhpa.org/pictures/143965.jpg,,TRUE,https://www.vhpa.org/KIA/incident/69020404KIA.HTM,49PAT990650,AT990650,UH-34D,143965,690204,HMM-362
,69020444.KIA,MC,,,,TRUE,https://www.vhpa.org/KIA/incident/69020444KIA.HTM,49PAT990650,AT990650,UH-34D,150212,690204,HMM-362
,69020555.KIA,AR,WBMZAA,,,TRUE,https://www.vhpa.org/KIA/incident/69020555KIA.HTM,48PYT551003,YT551003,UH-1H,67-17167,690205,45 MED CO
,69020510.KIA,AR,WAB5AA,,,TRUE,https://www.vhpa.org/KIA/incident/69020510KIA.HTM,48QYD688147,YD688147,UH-1H,67-19530,690205,2 BDE 101 ABN
,69020606.KIA,AR,WC07AA,,,TRUE,https://www.vhpa.org/KIA/incident/69020606KIA.HTM,49PBN970863,BN970863,UH-1H,66-16326,690206,134 AHC
,,AR,WDF2D0,,,TRUE,https://www.vhpa.org/KIA/incident/69020648PXS607186.HTM,48PXS607186,XS607186,OH-6A,67-16267,690206,D/3/5 CAV
1372,690206171ACD,AR,WFJGAA,,,TRUE,https://www.vhpa.org/KIA/incident/690206171ACD.HTM,48QYD161294,YD161294,UH-1H,67-17499,690206,282 AHC
,69020707.KIA,MC,,,,TRUE,https://www.vhpa.org/KIA/incident/69020707KIA.HTM,49PAT820561,AT820561,CH-46A,150269,690207,HMM-364
,69020909.KIA,AR,WAGTB0,,,TRUE,https://www.vhpa.org/KIA/incident/69020909KIA.HTM,48PXT472826,XT472826,OH-6A,67-16069,690209,B/1/9 CAV
,,AR,WAGTC0,,,TRUE,https://www.vhpa.org/KIA/incident/69021148PXT964497.HTM,48PXT964497,XT964497,UH-1D,66-16556,690211,C/1/9 CAV
,,AR,WAZNC0,,"Experienced a Hughes Tail Spin in the AO, tree strike, and crashed.",TRUE,https://www.vhpa.org/KIA/incident/69021148PYA984844.HTM,48PYA984844,YA984844,OH-6A,67-16305,690211,C/7/17 CAV
,,AR,WDUXAA,,,TRUE,https://www.vhpa.org/KIA/incident/69021248PXS931980.HTM,48PXS931980,XS931980,UH-1D,64-13693,690212,191 AHC
,69021212.KIA,AR,WAGTB0,,,TRUE,https://www.vhpa.org/KIA/incident/69021212KIA.HTM,48PYU051142,YU051142,OH-6A,66-07857,690212,B/1/9 CAV
,,AR,WAGTB0,,,TRUE,https://www.vhpa.org/KIA/incident/69021248PYU051142.HTM,48PYU051142,YU051142,OH-6A,67-16336,690212,B/1/9 CAV
,,AR,WGZ6B0,,,TRUE,https://www.vhpa.org/KIA/incident/69021348PVS964661.HTM,48PVS964661,VS964661,OH-6A,67-16166,690213,B/7/1 CAV
,,AR,WC5CAA,,,FALSE,https://www.vhpa.org/KIA/incident/69021348PYA943674.HTM,48PYA943674,YA943674,OH-6A,67-16475,690213,604 TC CO
,690213291ACD,AR,WC44AA,,,TRUE,https://www.vhpa.org/KIA/incident/690213291ACD.HTM,49PBT353184,BT353184,UH-1H,67-17483,690213,176 AHC
,,AR,WBSUAA,,,TRUE,https://www.vhpa.org/KIA/incident/69021348PXT562218.HTM,48PXT562218,XT562218,UH-1H,67-18575,690213,57 MED DET
,,AR,WFBEAA,,,TRUE,https://www.vhpa.org/KIA/incident/69021449PBT205385.HTM,49PBT205385,BT205385,OH-23G,64-15146,690214,196 BDE
,,AR,WG2BAA,,,TRUE,https://www.vhpa.org/KIA/incident/69021448PXS059202.HTM,48PXS059202,XS059202,UH-1C,65-09539,690214,ACT/11 ACR
,,AR,WC42AA,,,TRUE,https://www.vhpa.org/KIA/incident/69021449PBT515185.HTM,49PBT515185,BT515185,UH-1D,66-16589,690214,174 AHC
,,AR,WAGTA0,,,TRUE,https://www.vhpa.org/KIA/incident/69021548PXT345678.HTM,48PXT345678,XT345678,UH-1D,66-16787,690215,A/1/9 CAV
,69021515.KIA,AR,WAGTA0,,,TRUE,https://www.vhpa.org/KIA/incident/69021515KIA.HTM,48PXT345678,XT345678,UH-1H,67-17727,690215,A/1/9 CAV
,69021657.KIA,AR,WAX5AA,,,TRUE,https://www.vhpa.org/KIA/incident/69021657KIA.HTM,48PZA055956,ZA055956,UH-1D,66-16091,690216,57 AHC
,69021616.KIA,AR,WDUYAA,,,TRUE,https://www.vhpa.org/KIA/incident/69021616KIA.HTM,49PAN797073,AN797073,UH-1D,66-16249,690216,192 AHC
,,AR,WAHMD0,,,TRUE,https://www.vhpa.org/KIA/incident/69021748PXT619458.HTM,48PXT619458,XT619458,OH-6A,66-07920,690217,D/1/4 CAV
,,AR,WAHBB0,,,TRUE,https://www.vhpa.org/KIA/incident/69021848PXT764624.HTM,48PXT764624,XT764624,OH-6A,66-07899,690218,B/1 AVN 1 INF
,,AR,WGLEB0,,,TRUE,https://www.vhpa.org/KIA/incident/69021949PBT193171.HTM,49PBT193171,BT193171,OH-6A,67-16437,690219,B/123 AVN 23 INF
,,AF,,,,TRUE,https://www.vhpa.org/KIA/incident/69022048QVD911905.HTM,48QVD911905,VD911905,CH-3C,63-9682,690220,
,,AR,WDU0AA,,,TRUE,https://www.vhpa.org/KIA/incident/69022048PXT473457.HTM,48PXT473457,XT473457,UH-1C,65-09427,690220,195 AHC
,69022020.KIA,AR,WAB3B0,,,TRUE,https://www.vhpa.org/KIA/incident/69022020KIA.HTM,48QYC761963,YC761963,UH-1H,67-17466,690220,B/101 AVN
,,NA,,,,TRUE,https://www.vhpa.org/KIA/incident/69022148QYE831385.HTM,48QYE831385,YE831385,UH-2B,150144,690221,
,690221091ACD,AR,WC3GAA,,,TRUE,https://www.vhpa.org/KIA/incident/690221091ACD.HTM,48PXT383254,XT383254,UH-1C,66-00661,690221,116 AHC
,,AR,WAYPAA,,,TRUE,https://www.vhpa.org/KIA/incident/69022249PBS935018.HTM,49PBS935018,BS935018,UH-1D,66-01114,690222,61 AHC
,,AR,WC5JAA,,,TRUE,https://www.vhpa.org/KIA/incident/69022349PBT390150.HTM,49PBT390150,BT390150,CH-47B,67-18470,690223,178 ASHC
,,AR,WFJ5B0,,,TRUE,https://www.vhpa.org/KIA/incident/69022348QYD098274.HTM,48QYD098274,YD098274,CH-47C,67-18543,690223,B/159 AVN
,69022444.KIA,AR,WC44AA,,"Shot down at Doc Tien, 1 KM south of Tam Ky.",TRUE,https://www.vhpa.org/KIA/incident/69022444KIA.HTM,49PBT300151,BT300151,UH-1D,63-12999,690224,176 AHC
,690224311ACD,AR,WC5KAA,,,TRUE,https://www.vhpa.org/KIA/incident/690224311ACD.HTM,48PZA028678,ZA028678,CH-47A,66-19091,690224,179 ASHC
,69022555.KIA,AR,WDF2D0,,,TRUE,https://www.vhpa.org/KIA/incident/69022555KIA.HTM,48PXS460388,XS460388,OH-6A,67-16478,690225,D/3/5 CAV
,,AF,,,,TRUE,https://www.vhpa.org/KIA/incident/69022648QXD669598.HTM,48QXD669598,XD669598,CH-3C,64-14237,690226,
,,AR,WALND0,,,TRUE,https://www.vhpa.org/KIA/incident/69022648PXT310364.HTM,48PXT310364,XT310364,OH-6A,66-14378,690226,D/3/4 CAV
,,AR,WC06AA,,,TRUE,https://www.vhpa.org/KIA/incident/69022748PWS858091.HTM,48PWS858091,WS858091,CH-47A,66-19090,690227,147 ASHC
,,AR,WAGGAA,,,TRUE,https://www.vhpa.org/KIA/incident/69022748PYU160143.HTM,48PYU160143,YU160143,OH-6A,67-16330,690227,2 BDE 1 CAV
,69022811.KIA,AR,WAY6AA,,,FALSE,https://www.vhpa.org/KIA/incident/69022811KIA.HTM,48PXT815420,XT815420,OH-6A,,690228,11 ACR
,69022828.KIA,MC,,,,TRUE,https://www.vhpa.org/KIA/incident/69022828KIA.HTM,48QYD133025,YD133025,UH-1E,152424,690228,VMO-6
,,AR,WFELAA,,,TRUE,https://www.vhpa.org/KIA/incident/69022848PXS369314.HTM,48PXS369314,XS369314,UH-1D,66-16151,690228,162 AHC
,,AR,WAYPAA,,,TRUE,https://www.vhpa.org/KIA/incident/69022849PBR772947.HTM,49PBR772947,BR772947,UH-1D,66-16331,690228,61 AHC
,,AR,WAAXB0,,Hit by RPG during an resupply mission.,TRUE,https://www.vhpa.org/KIA/incident/69022848PXT436567.HTM,48PXT436567,XT436567,UH-1H,66-16785,690228,B/229 AVN
,,AR,WDF2D0,,,TRUE,https://www.vhpa.org/KIA/incident/69022848PXS387240.HTM,48PXS387240,XS387240,UH-1D,66-16804,690228,D/3/5 CAV
,,AR,WDUVAA,,,TRUE,https://www.vhpa.org/KIA/incident/69022848PYB872212.HTM,48PYB872212,YB872212,UH-1H,67-17758,690228,189 AHC
1394,690301151ACD,AR,WC42AA,,,TRUE,https://www.vhpa.org/KIA/incident/690301151ACD.HTM,49PBS634538,BS634538,UH-1D,65-10020,690301,174 AHC
,,AR,WDYBAA,,,TRUE,https://www.vhpa.org/KIA/incident/69030148PXS678592.HTM,48PXS678592,XS678592,UH-1C,66-00702,690301,240 AHC
,69030101.KIA,AR,WAGFAA,,,TRUE,https://www.vhpa.org/KIA/incident/69030101KIA.HTM,48PXT363659,XT363659,OH-6A,67-16033,690301,1 BDE 1 CAV
,,AR,WAGGAA,,,TRUE,https://www.vhpa.org/KIA/incident/69030148PYU124106.HTM,48PYU124106,YU124106,OH-6A,67-16526,690301,2 BDE 1 CAV
,,AR,WDU0AA,,,TRUE,https://www.vhpa.org/KIA/incident/69030248PXT499815.HTM,48PXT499815,XT499815,UH-1C,66-15103,690302,195 AHC
,,AR,WDU0AA,,,TRUE,https://www.vhpa.org/KIA/incident/69030248PXT412896.HTM,48PXT412896,XT412896,UH-1C,66-15104,690302,195 AHC
,,AR,WC42AA,,,TRUE,https://www.vhpa.org/KIA/incident/69030249PBS670575.HTM,49PBS670575,BS670575,UH-1C,66-15224,690302,174 AHC
,,AR,WGZ6B0,,,TRUE,https://www.vhpa.org/KIA/incident/69030248PWS911718.HTM,48PWS911718,WS911718,UH-1D,66-16686,690302,B/7/1 CAV
,690303321ACD,AR,WAX7AA,,,TRUE,https://www.vhpa.org/KIA/incident/690303321ACD.HTM,48PXS053316,XS053316,UH-1H,67-17287,690303,114 AHC
1402,69030619.KIA,AR,WFJ8A0,,,TRUE,https://www.vhpa.org/KIA/incident/69030619KIA.HTM,48QZC177968,ZC177968,AH-1G,67-15845,690306,A/4/77 ARA 101 ABN
,69030666.KIA,AR,WACJA0,,,TRUE,https://www.vhpa.org/KIA/incident/69030666KIA.HTM,48QZC171969,ZC171969,OH-6A,67-16025,690306,A/377 ARTY 101 ABN
,,AR,WAZNA0,,,TRUE,https://www.vhpa.org/KIA/incident/69030648PYA822879.HTM,48PYA822879,YA822879,OH-6A,67-16505,690306,A/7/17 CAV
,69030707.KIA,AR,WDPCAA,,,TRUE,https://www.vhpa.org/KIA/incident/69030707KIA.HTM,49PBS724611,BS724611,OH-6A,67-16370,690307,11 BDE
,,AR,WDUXAA,,,TRUE,https://www.vhpa.org/KIA/incident/69030848PWS949423.HTM,48PWS949423,WS949423,UH-1C,65-09530,690308,191 AHC
,69030888.KIA,AR,WAZNB0,,,TRUE,https://www.vhpa.org/KIA/incident/69030888KIA.HTM,49PAN759286,AN759286,OH-6A,66-07823,690308,B/7/17 CAV
,,AR,WG2ET0,,,TRUE,https://www.vhpa.org/KIA/incident/69030949PAT894507.HTM,49PAT894507,AT894507,UH-1D,65-09828,690309,HHT/3/11 ACR
,69030999.KIA,AR,WAB3B0,,,TRUE,https://www.vhpa.org/KIA/incident/69030999KIA.HTM,48QXD802592,XD802592,UH-1H,66-17121,690309,B/101 AVN 101 ABN
,,AR,WAZNA0,,,TRUE,https://www.vhpa.org/KIA/incident/69031049PAR764884.HTM,49PAR764884,AR764884,OH-6A,67-16003,690310,A/7/17 CAV
,,AR,WDUXAA,,,TRUE,https://www.vhpa.org/KIA/incident/69031148PXS423443.HTM,48PXS423443,XS423443,UH-1C,66-00706,690311,191 AHC
,69031111.KIA,AR,WGENAA,,,TRUE,https://www.vhpa.org/KIA/incident/69031111KIA.HTM,48PYS077963,YS077963,OH-6A,67-16507,690311,20 ENG BDE
,,AR,WAGTA0,,,TRUE,https://www.vhpa.org/KIA/incident/69031248PXT582550.HTM,48PXT582550,XT582550,OH-6A,67-16521,690312,A/1/9 CAV
,,AR,WAGTC0,,,TRUE,https://www.vhpa.org/KIA/incident/69031348PYT057276.HTM,48PYT057276,YT057276,OH-6A,67-16442,690313,C/1/9 CAV
,69031301.KIA,AR,WGZ6B0,,,TRUE,https://www.vhpa.org/KIA/incident/69031301KIA.HTM,48PYS172410,YS172410,OH-6A,67-16455,690313,B/7/1 CAV
,,AR,WAX7AA,,,TRUE,https://www.vhpa.org/KIA/incident/69031448PWR219740.HTM,48PWR219740,WR219740,UH-1C,66-15155,690314,114 AHC
,,AR,WGZ6A0,,,TRUE,https://www.vhpa.org/KIA/incident/69031448PWR219740.HTM,48PWR219740,WR219740,OH-6A,66-17778,690314,A/7/1 CAV
,,AR,WAYBAA,,,TRUE,https://www.vhpa.org/KIA/incident/69031448PYS077963.HTM,48PYS077963,YS077963,OH-6A,67-16014,690314,120 CAC
,69031551.KIA,AR,WC43AA,,,TRUE,https://www.vhpa.org/KIA/incident/69031551KIA.HTM,48PWR549611,WR549611,UH-1C,66-15159,690315,175 AHC
,,AR,WAGTC0,,,TRUE,https://www.vhpa.org/KIA/incident/69031548PYT258167.HTM,48PYT258167,YT258167,OH-6A,67-16514,690315,C/1/9 CAV
,,AR,WAX9AA,,,TRUE,https://www.vhpa.org/KIA/incident/69031648PXT164511.HTM,48PXT164511,XT164511,UH-1D,65-10119,690316,118 AHC
,,AR,WFJ6AA,,,TRUE,https://www.vhpa.org/KIA/incident/69031649QAU812043.HTM,49QAU812043,AU812043,OH-6A,66-17755,690316,163 AVN 101 ABN
,,AR,WG2BAA,,,TRUE,https://www.vhpa.org/KIA/incident/69031648PVS435957.HTM,48PVS435957,VS435957,UH-1H,68-15306,690316,ACT/11 ACR
,,AR,WD8NAA,,,TRUE,https://www.vhpa.org/KIA/incident/69031748PXT236567.HTM,48PXT236567,XT236567,CH-54A,68-18443,690317,273 AVN
,69031818.KIA,AR,WAAMB0,,,TRUE,https://www.vhpa.org/KIA/incident/69031818KIA.HTM,48PXS440867,XS440867,AH-1G,67-15580,690318,B/3/17 CAV
,,AR,WAAMA0,,,TRUE,https://www.vhpa.org/KIA/incident/69031848PXS640960.HTM,48PXS640960,XS640960,OH-6A,67-16165,690318,A/3/17 CAV
,,AR,WC44AA,,,TRUE,https://www.vhpa.org/KIA/incident/69031949PBT170125.HTM,49PBT170125,BT170125,UH-1H,67-17516,690319,176 AHC
,,AR,WGZ6B0,,,TRUE,https://www.vhpa.org/KIA/incident/69032048PWR512796.HTM,48PWR512796,WR512796,OH-6A,66-17785,690320,B/7/1 CAV
,,AR,WAAMA0,,,TRUE,https://www.vhpa.org/KIA/incident/69032048PYS535671.HTM,48PYS535671,YS535671,OH-6A,67-16288,690320,A/3/17 CAV
,69032088.KIA,AR,WAB3B0,,,TRUE,https://www.vhpa.org/KIA/incident/69032088KIA.HTM,48QXD669579,XD669579,UH-1H,68-15340,690320,B/101 AVN
,,AR,WC41AA,,,TRUE,https://www.vhpa.org/KIA/incident/69032148PXT783366.HTM,48PXT783366,XT783366,UH-1C,66-00742,690321,173 AVN
,69032144.KIA,AR,WAGGT0,,,TRUE,https://www.vhpa.org/KIA/incident/69032144KIA.HTM,48PXT254659,XT254659,UH-1H,66-16926,690321,HHC/2 BDE 1 CAV
,,AR,,,,TRUE,https://www.vhpa.org/KIA/incident/69032148PYB856046.HTM,48PYB856046,YB856046,UH-1,67-18673,690321,
,69032202.KIA,AR,WAL0AA,,,TRUE,https://www.vhpa.org/KIA/incident/69032202KIA.HTM,48PXT400494,XT400494,OH-6A,67-16109,690322,1 BDE 25 INF
,69032212.KIA,AR,WAGTA0,,,TRUE,https://www.vhpa.org/KIA/incident/69032212KIA.HTM,48PXT236640,XT236640,OH-6A,67-16482,690322,A/1/9 CAV
,69032280.KIA,AR,WAJ1A0,,,TRUE,https://www.vhpa.org/KIA/incident/69032280KIA.HTM,48PZA094716,ZA094716,UH-1H,67-17400,690322,A/4 AVN 4 INF
,690322111ACD,AR,WC5JAA,,,TRUE,https://www.vhpa.org/KIA/incident/690322111ACD.HTM,49PAT997247,AT997247,CH-47B,67-18461,690322,178 ASHC
1412,69032323.KIA,NA,WEAWLF,,,TRUE,https://www.vhpa.org/KIA/incident/69032323KIA.HTM,48PVS416532,VS416532,UH-1B,63-8607,690323,HA(L)-3 DET 3
,,AR,WAX6AA,,,TRUE,https://www.vhpa.org/KIA/incident/69032349PBT194226.HTM,49PBT194226,BT194226,UH-1C,66-15114,690323,92 AHC
,690323191ACD,AR,WAX8AA,,,TRUE,https://www.vhpa.org/KIA/incident/690323191ACD.HTM,48PYT275351,YT275351,UH-1D,66-16081,690323,117 AHC
,,AR,WC3FAA,,,TRUE,https://www.vhpa.org/KIA/incident/69032448PXS715537.HTM,48PXS715537,XS715537,UH-1C,65-09526,690324,68 AVN
,,AR,WEAWLF,,This aircraft was destroyed in the ammo dump explosion at Dong Tam.,TRUE,https://www.vhpa.org/KIA/incident/69032648PXS423443.HTM,48PXS423443,XS423443,UH-1B,62-02058,690326,HA(L)-3 DET 3
,,AR,WEAWLF,,This aircraft was destroyed in the ammo dump explosion at Dong Tam.,TRUE,https://www.vhpa.org/KIA/incident/69032648PXS423443.HTM,48PXS423443,XS423443,UH-1B,62-12518,690326,HA(L)-3 DET 3
,,AR,WEAWLF,,This aircraft was destroyed in the ammo dump explosion at Dong Tam.,TRUE,https://www.vhpa.org/KIA/incident/69032648PXS423517.HTM,48PXS423517,XS423517,UH-1B,63-12908,690326,HA(L)-3 DET 3
,69032602.KIA,AF,,,,TRUE,https://www.vhpa.org/KIA/incident/69032602KIA.HTM,49PBP737882,BP737882,UH-1F,63-13158,690326,20 SOS
,,AR,WC43AA,,,TRUE,https://www.vhpa.org/KIA/incident/69032648PVS964551.HTM,48PVS964551,VS964551,UH-1D,65-12861,690326,175 AHC
,69032601.KIA,AR,WBSYAA,,,TRUE,https://www.vhpa.org/KIA/incident/69032601KIA.HTM,49PBP969474,BP969474,UH-1H,66-17016,690326,254 MED DET
,69032666.KIA,AR,WAZNA0,,,TRUE,https://www.vhpa.org/KIA/incident/69032666KIA.HTM,48PYA337767,YA337767,OH-6A,66-17789,690326,A/7/17 CAV
,69032604.KIA,AR,WAKED0,https://www.vhpa.org/pictures/6716441.pdf,,TRUE,https://www.vhpa.org/KIA/incident/69032604KIA.HTM,48PYA776177,YA776177,OH-6A,67-16441,690326,D/1/10 CAV
,69032603.KIA,AR,WDFWA0,,,TRUE,https://www.vhpa.org/KIA/incident/69032603KIA.HTM,48PXS879464,XS879464,UH-1H,67-17172,690326,A/9 AVN 9 INF
,,AR,WAYBAA,,,TRUE,https://www.vhpa.org/KIA/incident/69032748PYS587966.HTM,48PYS587966,YS587966,UH-1B,63-08624,690327,120 CAC
,69032727.KIA,AR,WAGTC0,,,TRUE,https://www.vhpa.org/KIA/incident/69032727KIA.HTM,48PXT636587,XT636587,UH-1D,66-16714,690327,C/1/9 CAV
,69032717.KIA,AR,WAAMC0,,,TRUE,https://www.vhpa.org/KIA/incident/69032717KIA.HTM,48PXT236788,XT236788,AH-1G,67-15559,690327,C/3/17 CAV
,,AR,WC3HAA,,,TRUE,https://www.vhpa.org/KIA/incident/69032848PXS585960.HTM,48PXS585960,XS585960,UH-1B,62-12551,690328,128 AHC
,,AR,WAAVC0,,,TRUE,https://www.vhpa.org/KIA/incident/69032848PXT247198.HTM,48PXT247198,XT247198,UH-1D,64-13657,690328,C/227 AVN
,,AR,WAYCAA,,,TRUE,https://www.vhpa.org/KIA/incident/69032848PWS857626.HTM,48PWS857626,WS857626,UH-1B,64-14063,690328,121 AHC
,,AR,WAB3C0,,,TRUE,https://www.vhpa.org/KIA/incident/69032848QYC584869.HTM,48QYC584869,YC584869,UH-1D,66-16120,690328,C/101 AVN
,69032888.KIA,AR,WAB3C0,,,TRUE,https://www.vhpa.org/KIA/incident/69032888KIA.HTM,48QYC567816,YC567816,UH-1D,66-16284,690328,C/101 AVN 101 ABN
,,AR,WGZ6C0,,,TRUE,https://www.vhpa.org/KIA/incident/69032948PWS639017.HTM,48PWS639017,WS639017,OH-6A,66-07873,690329,C/7/1 CAV
,,AR,WDFWT0,,,TRUE,https://www.vhpa.org/KIA/incident/69032948PXS497333.HTM,48PXS497333,XS497333,OH-6A,67-16487,690329,HHC 9 AVN 9 INF
1421,690402311ACD,AR,WFJ5A0,,,TRUE,https://www.vhpa.org/KIA/incident/690402311ACD.HTM,48QXD908232,XD908232,CH-47C,67-18523,690402,A/159 ASHB 101 ABN
,,AR,,,,TRUE,https://www.vhpa.org/KIA/incident/69040348PXT418567.HTM,48PXT418567,XT418567,UH-1D,66-16533,690403,OS TO CONUS
,,AR,WAGTB0,,,TRUE,https://www.vhpa.org/KIA/incident/69040348PYT293388.HTM,48PYT293388,YT293388,OH-6A,67-16564,690403,B/1/9 CAV
,,AR,WDF2D0,,,TRUE,https://www.vhpa.org/KIA/incident/69040348PXS388037.HTM,48PXS388037,XS388037,UH-1H,67-17803,690403,D/3/5 CAV
,,AR,WGPRAA,https://www.vhpa.org/pictures/6616853.jpg,Taxi accident with 66-00914.,TRUE,https://www.vhpa.org/KIA/incident/69040448PXR061594.HTM,48PXR061594,XR061594,UH-1D,66-16853,690404,336 AHC
,69040426.KIA,AR,WAGTB0,,,TRUE,https://www.vhpa.org/KIA/incident/69040426KIA.HTM,48PYT383444,YT383444,OH-6A,67-16351,690404,B/1/9 CAV
,,AR,WAB3B0,,,TRUE,https://www.vhpa.org/KIA/incident/69040448QYC585740.HTM,48QYC585740,YC585740,UH-1H,68-15345,690404,B/101 AVN
,,AR,WDU0AA,,,TRUE,https://www.vhpa.org/KIA/incident/69040548PXU741343.HTM,48PXU741343,XU741343,UH-1D,66-16361,690405,195 AHC
,,AR,WAAXB0,,,TRUE,https://www.vhpa.org/KIA/incident/69040548PXT236640.HTM,48PXT236640,XT236640,UH-1H,68-15348,690405,B/229 AVN
,,AR,WC44AA,,,TRUE,https://www.vhpa.org/KIA/incident/69040748QXD690229.HTM,48QXD690229,XD690229,UH-1C,66-00606,690407,176 AHC
,,AR,WAX5AA,,,TRUE,https://www.vhpa.org/KIA/incident/69040748PYB567208.HTM,48PYB567208,YB567208,UH-1D,66-16279,690407,57 AHC
,,AR,WDU0AA,,,TRUE,https://www.vhpa.org/KIA/incident/69040848PXU922492.HTM,48PXU922492,XU922492,UH-1D,66-16360,690408,195 AHC
,,AR,WBMZAA,,,TRUE,https://www.vhpa.org/KIA/incident/69040848PXS932814.HTM,48PXS932814,XS932814,UH-1D,66-16410,690408,45 MED
,69040808.KIA,AR,WGZ6A0,,,TRUE,https://www.vhpa.org/KIA/incident/69040808KIA.HTM,48PVS653514,VS653514,OH-6A,67-16125,690408,A/7/1 CAV
,,AR,WFJFAA,,,TRUE,https://www.vhpa.org/KIA/incident/69040948PYC640648.HTM,48PYC640648,YC640648,UH-1C,65-09485,690409,281 AHC
,69040909.KIA,AR,WAGGAA,,,TRUE,https://www.vhpa.org/KIA/incident/69040909KIA.HTM,48PXT546568,XT546568,OH-6A,67-16586,690409,2 BDE 1 CAV
,,AR,WDUXAA,,,TRUE,https://www.vhpa.org/KIA/incident/69041048PXS149479.HTM,48PXS149479,XS149479,UH-1D,65-10127,690410,191 AHC
,,AR,WFJ8C0,,,TRUE,https://www.vhpa.org/KIA/incident/69041049PBS386799.HTM,49PBS386799,BS386799,UH-1C,66-00559,690410,C/4/77 ARA 101 ABN
,690413151ACD,AR,WGZ6A0,,,TRUE,https://www.vhpa.org/KIA/incident/690413151ACD.HTM,48PVS581569,VS581569,AH-1G,66-15308,690413,A/7/1 CAV
1425,69041310.KIA,AR,WACYD0,,,TRUE,https://www.vhpa.org/KIA/incident/69041310KIA.HTM,48QYC500930,YC500930,AH-1G,67-15677,690413,D/1/1 CAV
,,AR,WAGTC0,,,TRUE,https://www.vhpa.org/KIA/incident/69041348PXT947404.HTM,48PXT947404,XT947404,OH-6A,67-16362,690413,C/1/9 CAV
,,AR,WC3EAA,,,TRUE,https://www.vhpa.org/KIA/incident/69041549PAQ814056.HTM,49PAQ814056,AQ814056,UH-1B,64-14043,690415,48 AHC
,,AR,WG2BAA,,,TRUE,https://www.vhpa.org/KIA/incident/69041548PXT400586.HTM,48PXT400586,XT400586,OH-6A,67-16145,690415,ACT/11 ACR
,69041555.KIA,AR,WFELAA,,Tail boom blown off by a 105 mm round used as a mine that was probably command detointed while hovering to land in the LZ.,TRUE,https://www.vhpa.org/KIA/incident/69041548PXS607223.HTM,48PXS607223,XS607223,UH-1H,67-17156,690415,162 AHC
,69041510.KIA,AR,WFJ4C0,,,TRUE,https://www.vhpa.org/KIA/incident/69041510KIA.HTM,48QZD028004,ZD028004,UH-1H,67-17614,690415,C/158 AVN
,,AR,WDUWAA,,,TRUE,https://www.vhpa.org/KIA/incident/69041648PYT436684.HTM,48PYT436684,YT436684,UH-1C,66-15171,690416,190 AHC
1426,69041617.KIA,AR,WAB3B0,,,TRUE,https://www.vhpa.org/KIA/incident/69041617KIA.HTM,48PYC752591,YC752591,UH-1D,66-16343,690416,B/101 AVN
,,AR,WAGTC0,,,TRUE,https://www.vhpa.org/KIA/incident/69041648PXT580778.HTM,48PXT580778,XT580778,AH-1G,67-15753,690416,C/1/9 CAV
,690416331ACD,AR,WAAMC0,,,TRUE,https://www.vhpa.org/KIA/incident/690416331ACD.HTM,48PXT530126,XT530126,AH-1G,67-15864,690416,C/3/17 CAV
,,AR,WC3EAA,,,TRUE,https://www.vhpa.org/KIA/incident/69041649PBQ905526.HTM,49PBQ905526,BQ905526,UH-1H,67-17348,690416,48 AHC
,,AR,WAB3A0,,,TRUE,https://www.vhpa.org/KIA/incident/69041748QZC171969.HTM,48QZC171969,ZC171969,UH-1D,66-00984,690417,A/101 AVN
,69041717.KIA,AR,WGLEB0,,,TRUE,https://www.vhpa.org/KIA/incident/69041717KIA.HTM,49PBS704390,BS704390,OH-6A,67-16174,690417,B/123 AVN 23 INF
,,AR,WAB4AA,,,TRUE,https://www.vhpa.org/KIA/incident/69041848QYD850020.HTM,48QYD850020,YD850020,OH-6A,67-16207,690418,1 BDE 101 ABN
,,AR,WAB3T0,,,TRUE,https://www.vhpa.org/KIA/incident/69041848QYD812167.HTM,48QYD812167,YD812167,OH-6A,67-16397,690418,HHC 101 AVN
,69041810.KIA,AR,WFJ5A0,,,TRUE,https://www.vhpa.org/KIA/incident/69041810KIA.HTM,48QYC675837,YC675837,CH-47C,67-18536,690418,A/159 AVN
,69042020.KIA,AR,WAX9AA,,,TRUE,https://www.vhpa.org/KIA/incident/69042020KIA.HTM,48PXS603905,XS603905,UH-1C,66-15029,690420,118 AHC
,69042200.KIA,AR,WFJ4B0,,,TRUE,https://www.vhpa.org/KIA/incident/69042200KIA.HTM,48QYD006638,YD006638,UH-1H,67-17656,690422,B/158 AVN
,,AR,WFJ4B0,,,TRUE,https://www.vhpa.org/KIA/incident/69042248QYD006638.HTM,48QYD006638,YD006638,UH-1H,67-17685,690422,B/158 AVN
,,AR,WG2BAA,,,TRUE,https://www.vhpa.org/KIA/incident/69042248PXT816920.HTM,48PXT816920,XT816920,OH-6A,67-17784,690422,ACT/11 ACR
,690423371ACD,AR,WC41AA,,,TRUE,https://www.vhpa.org/KIA/incident/690423371ACD.HTM,48PXT547347,XT547347,UH-1D,66-00802,690423,173 AVN
,690423372ACD,AR,WAHBB0,,,TRUE,https://www.vhpa.org/KIA/incident/690423372ACD.HTM,48PXT547347,XT547347,UH-1C,66-15203,690423,B/1 AVN 1 INF
,69042333.KIA,AR,WAGTB0,,,TRUE,https://www.vhpa.org/KIA/incident/69042333KIA.HTM,48PXT490770,XT490770,OH-6A,67-16324,690423,B/1/9 CAV
,69042317.KIA,AR,WAB0C0,,Shot down while repelling a LRRP and Engineering team in to cut a new LZ.,TRUE,https://www.vhpa.org/KIA/incident/69042317KIA.HTM,48QYD332069,YD332069,UH-1H,67-17697,690423,C/2/17 CAV 101 ABN
,69042424.KIA,AR,WFJ8C0,,,TRUE,https://www.vhpa.org/KIA/incident/69042424KIA.HTM,48QYD350088,YD350088,UH-1C,65-09428,690424,C/4/77 ARA 101 ABN
,,AR,WDUWAA,,,TRUE,https://www.vhpa.org/KIA/incident/69042448PXT802201.HTM,48PXT802201,XT802201,UH-1C,66-00624,690424,190 AHC
,,AR,WAYBAA,,,TRUE,https://www.vhpa.org/KIA/incident/69042548PXS585960.HTM,48PXS585960,XS585960,UH-1B,62-12516,690425,120 CAC
,69042525.KIA,AR,WALND0,,,TRUE,https://www.vhpa.org/KIA/incident/69042525KIA.HTM,48PXT583292,XT583292,OH-6A,66-14384,690425,D/3/4 CAV
,69042555.KIA,AR,WFJ4A0,,,TRUE,https://www.vhpa.org/KIA/incident/69042548QYD357068.HTM,48QYD357068,YD357068,UH-1H,67-17634,690425,A/158 AVN
,69042515.KIA,AR,WFJ4A0,,,TRUE,https://www.vhpa.org/KIA/incident/69042515KIA.HTM,48QYD006638,YD006638,UH-1H,67-17640,690425,A/158 AVN
,,AR,WAGYAA,,,TRUE,https://www.vhpa.org/KIA/incident/69042548PYU449404.HTM,48PYU449404,YU449404,UH-1H,68-15229,690425,15 MED 1 CAV
,69042626.KIA,AR,WGZ6A0,,,TRUE,https://www.vhpa.org/KIA/incident/69042626KIA.HTM,48PVS580496,VS580496,OH-6A,67-16031,690426,A/7/1 CAV
,69042666.KIA,AR,WAZNA0,,LOH hit by RPG.,TRUE,https://www.vhpa.org/KIA/incident/69042666KIA.HTM,48PXU342378,XU342378,OH-6A,67-16640,690426,A/7/17 CAV
,69042633.KIA,AR,WFJ4B0,,,TRUE,https://www.vhpa.org/KIA/incident/69042648QYD350069.HTM,48QYD350069,YD350069,UH-1H,67-17647,690426,B/158 AVN
,,AR,WDUXAA,,,TRUE,https://www.vhpa.org/KIA/incident/69042748PXS004405.HTM,48PXS004405,XS004405,UH-1C,66-15165,690427,191 AHC
,69042777.KIA,AR,WG2BAA,,,TRUE,https://www.vhpa.org/KIA/incident/69042777KIA.HTM,48PXT435789,XT435789,OH-6A,66-17767,690427,ACT/11 ACR
,69042711.KIA,AR,WG2BAA,,,TRUE,https://www.vhpa.org/KIA/incident/69042711KIA.HTM,48PXT435789,XT435789,OH-6A,66-17768,690427,ACT/11 ACR
,,AR,,,,TRUE,https://www.vhpa.org/KIA/incident/69042748PYV817624.HTM,48PYV817624,YV817624,OH-6A,67-16527,690427,HHD 44 ENG GP
,,AR,WC42AA,,,TRUE,https://www.vhpa.org/KIA/incident/69042749PBS650298.HTM,49PBS650298,BS650298,UH-1H,67-17419,690427,174 AHC
1434,69042810.KIA,NA,WEAWLF,,,TRUE,https://www.vhpa.org/KIA/incident/69042810KIA.HTM,48PXS179936,XS179936,UH-1B,63-08603,690428,HA(L)-3 DET 3
,,AR,WAHBA0,,,FALSE,https://www.vhpa.org/KIA/incident/69042848PXT585363.HTM,48PXT585363,XT585363,UH-1D,66-16852,690428,A/1 AVN 1 INF
,69042888.KIA,AR,,,,TRUE,https://www.vhpa.org/KIA/incident/69042888KIA.HTM,48PXT763735,XT763735,AH-1G,67-15835,690428,B CO 1 AVN 1 INF
,69042877.KIA,AR,WAHBA0,,,TRUE,https://www.vhpa.org/KIA/incident/69042877KIA.HTM,48PXT763717,XT763717,UH-1H,67-17525,690428,A/1 AVN 1 INF
,,AR,WARTAA,,,TRUE,https://www.vhpa.org/KIA/incident/69042949PBT548065.HTM,49PBT548065,BT548065,UH-1C,66-15088,690429,71 AHC
,,AR,WAJ1B0,,,TRUE,https://www.vhpa.org/KIA/incident/69043049PAL942273.HTM,49PAL942273,AL942273,UH-1C,66-15051,690430,B/4 AVN 4 INF
,,AR,WAKED0,,,TRUE,https://www.vhpa.org/KIA/incident/69043049PAQ983608.HTM,49PAQ983608,AQ983608,OH-6A,67-16581,690430,D/1/10 CAV
,,AR,WAGTA0,,,TRUE,https://www.vhpa.org/KIA/incident/69050148PXT164511.HTM,48PXT164511,XT164511,OH-6A,67-16560,690501,A/1/9 CAV
,69050289.KIA,AR,WAZNC0,,Shot down on hill 618 4 KM West of Hung Long Village (19 KM West of Tam Quan City).,TRUE,https://www.vhpa.org/KIA/incident/69050289KIA.HTM,49PBS709102,BS709102,OH-6A,66-07914,690502,C/7/17 CAV
,69050211.KIA,AR,WG2BAA,,,TRUE,https://www.vhpa.org/KIA/incident/69050211KIA.HTM,48PXT856330,XT856330,OH-6A,67-16201,690502,ACT/11 ACR
,,AR,WAB0A0,,,TRUE,https://www.vhpa.org/KIA/incident/69050248QYD314069.HTM,48QYD314069,YD314069,OH-6A,67-16382,690502,A/2/17 CAV
,,AR,WAB3C0,,,TRUE,https://www.vhpa.org/KIA/incident/69050348PYC729649.HTM,48PYC729649,YC729649,UH-1H,66-17129,690503,C/101 AVN
,,AR,WDF2D0,,,TRUE,https://www.vhpa.org/KIA/incident/69050348PXS405388.HTM,48PXS405388,XS405388,OH-6A,67-16598,690503,D/3/5 CAV
,,AR,WAZNA0,,,TRUE,https://www.vhpa.org/KIA/incident/69050448PYU322347.HTM,48PYU322347,YU322347,OH-6A,67-16399,690504,A/7/17 CAV
,,AR,WAB5AA,,,TRUE,https://www.vhpa.org/KIA/incident/69050448PYC325054.HTM,48PYC325054,YC325054,UH-1H,67-17838,690504,2 BDE 101 ABN
,,AR,,,,TRUE,https://www.vhpa.org/KIA/incident/69050449PBS866370.HTM,49PBS866370,BS866370,UH-1H,68-15531,690504,OS TO CONUS
,,AR,WARTAA,,,TRUE,https://www.vhpa.org/KIA/incident/69050549PBT125448.HTM,49PBT125448,BT125448,UH-1C,65-09434,690505,71 AHC
,69050505.KIA,AR,WAGHT0,,,TRUE,https://www.vhpa.org/KIA/incident/69050505KIA.HTM,48PXT453844,XT453844,OH-6A,67-16088,690505,HHC 3 BDE 1 CAV
,690506241ACD,AR,WDU6AA,,,TRUE,https://www.vhpa.org/KIA/incident/690506241ACD.HTM,48PYU215107,YU215107,CH-47A,66-19029,690506,205 ASHC
,,AR,WAJ3AA,,,TRUE,https://www.vhpa.org/KIA/incident/69050749PBR425415.HTM,49PBR425415,BR425415,OH-6A,66-07803,690507,1 BDE 4 INF
,,AR,WAGHAA,,,TRUE,https://www.vhpa.org/KIA/incident/69050748PXT816901.HTM,48PXT816901,XT816901,UH-1H,66-16918,690507,3 BDE 1 CAV
,,AR,WDUWAA,,,TRUE,https://www.vhpa.org/KIA/incident/69050848PYT003110.HTM,48PYT003110,YT003110,UH-1D,66-00889,690508,190 AHC
,,AR,WC44AA,,,TRUE,https://www.vhpa.org/KIA/incident/69050848PXS569481.HTM,48PXS569481,XS569481,UH-1C,66-15026,690508,176 AHC
,,AR,WAAMC0,,,TRUE,https://www.vhpa.org/KIA/incident/69050948PXT492365.HTM,48PXT492365,XT492365,OH-6A,67-16511,690509,C/3/17 CAV
,,AR,WAGTA0,,,TRUE,https://www.vhpa.org/KIA/incident/69051048PXT418696.HTM,48PXT418696,XT418696,OH-6A,66-07883,690510,A/1/9 CAV
,69051055.KIA,AR,WALZB0,,,TRUE,https://www.vhpa.org/KIA/incident/69051055KIA.HTM,48PXT493144,XT493144,UH-1C,66-15085,690510,B/25 AVN 25 INF
,,AR,WAKED0,,,TRUE,https://www.vhpa.org/KIA/incident/69051048PYA975087.HTM,48PYA975087,YA975087,OH-6A,67-16411,690510,D/1/10 CAV
,,AR,WCLGAA,,,TRUE,https://www.vhpa.org/KIA/incident/69051048PXS478370.HTM,48PXS478370,XS478370,OH-6A,67-16456,690510,20 TC CO
,,AR,WAX5AA,,,TRUE,https://www.vhpa.org/KIA/incident/69051149PAR782884.HTM,49PAR782884,AR782884,UH-1C,65-09487,690511,57 AHC
,,AR,WAX5AA,,,TRUE,https://www.vhpa.org/KIA/incident/69051149PAR782884.HTM,49PAR782884,AR782884,UH-1C,66-15043,690511,57 AHC
,,AR,WAX5AA,,,TRUE,https://www.vhpa.org/KIA/incident/69051149PAR782884.HTM,49PAR782884,AR782884,UH-1D,66-16445,690511,57 AHC
,,AR,WAX5AA,,,TRUE,https://www.vhpa.org/KIA/incident/69051149PAR782884.HTM,49PAR782884,AR782884,UH-1H,66-16981,690511,57 AHC
,,AR,WAX5AA,,,TRUE,https://www.vhpa.org/KIA/incident/69051149PAR782884.HTM,49PAR782884,AR782884,UH-1H,66-17117,690511,57 AHC
,69051111.KIA,AR,WAAMA0,,,TRUE,https://www.vhpa.org/KIA/incident/69051111KIA.HTM,48PYT186074,YT186074,OH-6A,67-16599,690511,A/3/17 CAV
,,AR,WAX5AA,,,TRUE,https://www.vhpa.org/KIA/incident/69051149PAR782884.HTM,49PAR782884,AR782884,UH-1H,67-17366,690511,57 AHC
,,AR,WAB0A0,,,TRUE,https://www.vhpa.org/KIA/incident/69051248QYC325980.HTM,48QYC325980,YC325980,UH-1D,64-13663,690512,A/2/17 CAV
,,AR,WC4YAA,,,TRUE,https://www.vhpa.org/KIA/incident/69051248PYB082204.HTM,48PYB082204,YB082204,UH-1C,66-00735,690512,170 AHC
,69051289.KIA,AR,WC42AA,,,TRUE,https://www.vhpa.org/KIA/incident/69051289KIA.HTM,49PBS758353,BS758353,UH-1C,66-15162,690512,174 AHC
,,AR,WAGTB0,,,TRUE,https://www.vhpa.org/KIA/incident/69051248PXT562863.HTM,48PXT562863,XT562863,AH-1G,66-15329,690512,B/1/9 CAV
,69051212.KIA,AR,WDF2D0,,,TRUE,https://www.vhpa.org/KIA/incident/69051212KIA.HTM,48PXS551370,XS551370,OH-6A,67-16672,690512,D/3/5 CAV
,,AR,WADPD0,,,TRUE,https://www.vhpa.org/KIA/incident/69051248PZA094735.HTM,48PZA094735,ZA094735,UH-1H,68-15466,690512,D/2/1 CAV
,,AR,WC44AA,,,TRUE,https://www.vhpa.org/KIA/incident/69051349PBT265151.HTM,49PBT265151,BT265151,UH-1C,66-00744,690513,176 AHC
,,AR,WAB0B0,,,TRUE,https://www.vhpa.org/KIA/incident/69051348QYC280958.HTM,48QYC280958,YC280958,OH-6A,67-16281,690513,B/2/17 CAV
,,AR,WAZNB0,,Shot down during a VR west of Phan Thiet. Crashed and burned.,TRUE,https://www.vhpa.org/KIA/incident/69051349PAN813211.HTM,49PAN813211,AN813211,OH-6A,67-16492,690513,B/7/17 CAV
1440,69051329.TXT,AR,WC3JAA,,,TRUE,https://www.vhpa.org/KIA/incident/69051329TXT.HTM,49PBR621418,BR621418,UH-1H,67-17399,690513,129 AHC
,69051333.KIA,AR,WACFAA,,,TRUE,https://www.vhpa.org/KIA/incident/69051333KIA.HTM,48QYC333995,YC333995,UH-1H,67-17844,690513,326 MED 101 ABN
,,AR,WAZNC0,,,TRUE,https://www.vhpa.org/KIA/incident/69051449PBR837061.HTM,49PBR837061,BR837061,OH-6A,67-16107,690514,C/7/17 CAV
,,AR,WDX6AA,,,TRUE,https://www.vhpa.org/KIA/incident/69051548PWS492606.HTM,48PWS492606,WS492606,AH-1G,66-15314,690515,235 AVN
,69051520.KIA,AR,WAGTB0,,,TRUE,https://www.vhpa.org/KIA/incident/69051520KIA.HTM,48PXT617808,XT617808,OH-6A,67-16657,690515,B/1/9 CAV
,,AR,WC5JAA,,,TRUE,https://www.vhpa.org/KIA/incident/69051549PBT174078.HTM,49PBT174078,BT174078,CH-47B,67-18458,690515,178 ASHC
,,AR,WAZNA0,,,TRUE,https://www.vhpa.org/KIA/incident/69051648PZB088196.HTM,48PZB088196,ZB088196,OH-6A,67-16028,690516,A/7/17 CAV
,,AR,WC3GAA,,,TRUE,https://www.vhpa.org/KIA/incident/69051748PXT237530.HTM,48PXT237530,XT237530,UH-1D,66-16337,690517,116 AHC
,,AR,WAAMC0,,,TRUE,https://www.vhpa.org/KIA/incident/69051748PYT532095.HTM,48PYT532095,YT532095,OH-6A,66-17809,690517,C/3/17 CAV
,69051818.KIA,AR,WACYD0,,Took several 51 cal hits during VR west of Tam Ky that killed Huber. Did a running landing at Tam Ky.,FALSE,https://www.vhpa.org/KIA/incident/69051818KIA.HTM,49PBT288154,BT288154,AH-1G,67-15686,690518,D/1/1 CAV
,69051888.KIA,AR,WAJ1B0,,,TRUE,https://www.vhpa.org/KIA/incident/69051888KIA.HTM,49PAR780360,AR780360,AH-1G,67-15778,690518,B/4 AVN 4 INF
,69051899.KIA,AR,WAJ6AA,,,TRUE,https://www.vhpa.org/KIA/incident/69051899KIA.HTM,48PZA047398,ZA047398,OH-6A,67-16557,690518,DIV ART 4 INF
,,AF,,,,TRUE,https://www.vhpa.org/KIA/incident/69051948PZV038276.HTM,48PZV038276,ZV038276,UH-1F,63-13151,690519,
,,AR,WAB0B0,,,TRUE,https://www.vhpa.org/KIA/incident/69051949PBT173005.HTM,49PBT173005,BT173005,OH-6A,67-16366,690519,B/2/17 CAV
,69052020.KIA,AR,WDUVAA,,,TRUE,https://www.vhpa.org/KIA/incident/69052020KIA.HTM,48PYB980195,YB980195,UH-1C,66-00508,690520,189 AHC
,,AR,WG30AA,,,TRUE,https://www.vhpa.org/KIA/incident/69052048PWS840110.HTM,48PWS840110,WS840110,OH-6A,67-16016,690520,307 CAB
,,AR,WAGYAA,,,TRUE,https://www.vhpa.org/KIA/incident/69052048PXT563734.HTM,48PXT563734,XT563734,UH-1H,68-15304,690520,15 MED 1 CAV
,,AR,WAB3A0,,,TRUE,https://www.vhpa.org/KIA/incident/69052149PBT157116.HTM,49PBT157116,BT157116,UH-1H,66-01118,690521,A/101 AVN
,,AR,WAGTB0,,,TRUE,https://www.vhpa.org/KIA/incident/69052148PXT528549.HTM,48PXT528549,XT528549,UH-1D,66-16414,690521,B/1/9 CAV
,,AR,WC42AA,,,TRUE,https://www.vhpa.org/KIA/incident/69052149PBS830389.HTM,49PBS830389,BS830389,UH-1H,66-17017,690521,174 AHC
,,AR,WC42AA,,,TRUE,https://www.vhpa.org/KIA/incident/69052149PBS830389.HTM,49PBS830389,BS830389,UH-1H,67-17512,690521,174 AHC
,,AR,WC42AA,,,TRUE,https://www.vhpa.org/KIA/incident/69052149PBS830389.HTM,49PBS830389,BS830389,UH-1H,67-17550,690521,174 AHC
,69052111.KIA,AR,WDUTAA,,,TRUE,https://www.vhpa.org/KIA/incident/69052111KIA.HTM,48PXT255475,XT255475,UH-1H,67-18574,690521,187 AHC
,69052233.KIA,AR,WBSTAA,,,TRUE,https://www.vhpa.org/KIA/incident/69052233KIA.HTM,49PBT157116,BT157116,UH-1D,66-16473,690522,54 MED DET
,69052222.KIA,AR,WGPPAA,,,TRUE,https://www.vhpa.org/KIA/incident/69052222KIA.HTM,48PYT436647,YT436647,AH-1G,67-15673,690522,334 AHC
,,AR,WDF2D0,,,TRUE,https://www.vhpa.org/KIA/incident/69052348PXS696666.HTM,48PXS696666,XS696666,OH-6A,67-16613,690523,D/3/5 CAV
1446,69052333.KIA,AR,WC7ZAA,,,TRUE,https://www.vhpa.org/KIA/incident/69052333KIA.HTM,48PYU693870,YU693870,UH-1H,68-15392,690523,155 AHC
,,AR,WC41AA,,,TRUE,https://www.vhpa.org/KIA/incident/69052548PXT671864.HTM,48PXT671864,XT671864,UH-1C,65-09466,690525,173 AVN
,,AR,WAB0B0,,,TRUE,https://www.vhpa.org/KIA/incident/69052549PBT139116.HTM,49PBT139116,BT139116,OH-6A,67-16277,690525,B/2/17 CAV
,,AR,WAHGAA,,,TRUE,https://www.vhpa.org/KIA/incident/69052648PXT637439.HTM,48PXT637439,XT637439,OH-6A,67-16402,690526,DIV ART 1 INF
,,AR,WAB3A0,,,TRUE,https://www.vhpa.org/KIA/incident/69052649PBT568074.HTM,49PBT568074,BT568074,UH-1H,67-19500,690526,A/101 AVN
,,AR,,,,TRUE,https://www.vhpa.org/KIA/incident/69052748PXS567905.HTM,48PXS567905,XS567905,OH-6A,67-16665,690527,
,,AR,WDFWB0,,,TRUE,https://www.vhpa.org/KIA/incident/69052848PXS588259.HTM,48PXS588259,XS588259,UH-1C,66-00619,690528,B/9 AVN 9 INF
,,AR,WBSZAA,,,TRUE,https://www.vhpa.org/KIA/incident/69052948PZA010217.HTM,48PZA010217,ZA010217,UH-1D,66-16095,690529,283 MED DET
,69052910.KIA,AR,WFJ4D0,,,TRUE,https://www.vhpa.org/KIA/incident/69052910KIA.HTM,48QYD559030,YD559030,AH-1G,68-15033,690529,D/158 AVN
,69053030.KIA,AR,WALND0,,,TRUE,https://www.vhpa.org/KIA/incident/69053030KIA.HTM,48PXT638274,XT638274,OH-6A,67-16387,690530,D/3/4 CAV
,69053111.KIA,AR,WC08AA,,Shot down while supporting ARVN troops in contact.,TRUE,https://www.vhpa.org/KIA/incident/69053111KIA.HTM,48PXS350424,XS350424,UH-1C,66-00720,690531,135 AHC
,,AR,WGZ6B0,,,TRUE,https://www.vhpa.org/KIA/incident/69053148PWS857681.HTM,48PWS857681,WS857681,OH-6A,66-17819,690531,B/7/1 CAV
,,AR,WAB3C0,,,TRUE,https://www.vhpa.org/KIA/incident/69053148PXS788445.HTM,48PXS788445,XS788445,UH-1H,67-17491,690531,C/101 AVN
,,AR,WGZ6C0,,,TRUE,https://www.vhpa.org/KIA/incident/69060148PWS894386.HTM,48PWS894386,WS894386,UH-1D,66-16752,690601,C/7/1 CAV
,69060101.KIA,AR,WAG3A0,,,FALSE,https://www.vhpa.org/KIA/incident/69060101KIA.HTM,48PXT385789,XT385789,AH-1G,67-15859,690601,A/2/20 ARA 1 CAV
,69060144.KIA,AR,WCLGAA,,,FALSE,https://www.vhpa.org/KIA/incident/69060148PWS883441.HTM,48PWS883441,WS883441,OH-6A,67-16652,690601,B/3/17 CAV
,69060222.KIA,AR,WAGTC0,,,TRUE,https://www.vhpa.org/KIA/incident/69060222KIA.HTM,48PYT529445,YT529445,OH-6A,67-16600,690602,C/1/9 CAV
,69060355.KIA,AR,WG20AA,,,TRUE,https://www.vhpa.org/KIA/incident/69060355KIA.HTM,49PBS512872,BS512872,OH-6A,67-16049,690603,F/8 CAV
,69060333.KIA,AR,WAGGAA,,,TRUE,https://www.vhpa.org/KIA/incident/69060333KIA.HTM,48PXT928515,XT928515,UH-1H,67-17809,690603,2 BDE 1 CAV
,690604271ACD,AR,WC3HAA,,,TRUE,https://www.vhpa.org/KIA/incident/690604271ACD.HTM,48PYS023796,YS023796,UH-1B,63-08550,690604,128 AHC
,69060444.KIA,AR,WAB3A0,,"Hit by an unidentified type explosive round, crashed, killing all five passengers aboard.",TRUE,https://www.vhpa.org/KIA/incident/69060444KIA.HTM,49PBT266225,BT266225,UH-1D,66-00819,690604,A/101 AVN
,,AR,WAX6AA,,,TRUE,https://www.vhpa.org/KIA/incident/69060449PBP823328.HTM,49PBP823328,BP823328,UH-1D,66-16461,690604,92 AHC
,69060555.KIA,AR,WC3GAA,,,TRUE,https://www.vhpa.org/KIA/incident/69060555KIA.HTM,48PXT565255,XT565255,UH-1C,66-00552,690605,116 AHC
,,AR,WAGTA0,,,TRUE,https://www.vhpa.org/KIA/incident/69060548PXT292327.HTM,48PXT292327,XT292327,OH-6A,67-16667,690605,A/1/9 CAV
,,AR,WDUWAA,,,TRUE,https://www.vhpa.org/KIA/incident/69060648PXS568720.HTM,48PXS568720,XS568720,UH-1D,64-13853,690606,190 AHC
,69060606.KIA,AR,WAGGAA,,,TRUE,https://www.vhpa.org/KIA/incident/69060606KIA.HTM,48PXT490734,XT490734,OH-6A,67-16548,690606,HHC 2 BDE 1 CAV
,69060666.KIA,AR,WAGTB0,,,TRUE,https://www.vhpa.org/KIA/incident/69060666KIA.HTM,48PXT326899,XT326899,UH-1H,68-15585,690606,B/1/9 CAV
,69060717.KIA,MC,,,,TRUE,https://www.vhpa.org/KIA/incident/69060717KIA.HTM,48QXD905665,XD905665,CH-46D,153951,690607,HMM-161
,,AR,WAAMB0,,,TRUE,https://www.vhpa.org/KIA/incident/69060748PXS751647.HTM,48PXS751647,XS751647,OH-6A,66-17802,690607,B/3/17 CAV
,,AR,WAAMA0,,,TRUE,https://www.vhpa.org/KIA/incident/69060948PYS132963.HTM,48PYS132963,YS132963,AH-1G,67-15557,690609,A/3/17 CAV
,,AR,WAB3C0,,,TRUE,https://www.vhpa.org/KIA/incident/69061048QYD617091.HTM,48QYD617091,YD617091,UH-1H,66-17112,690610,C/101 AVN
,,AR,WAB0A0,,,TRUE,https://www.vhpa.org/KIA/incident/69061048QYC318982.HTM,48QYC318982,YC318982,AH-1G,67-15696,690610,A/2/17 CAV
,,AR,WAAXD0,,,TRUE,https://www.vhpa.org/KIA/incident/69061048PXT326788.HTM,48PXT326788,XT326788,AH-1G,67-15818,690610,D/229 AVN
,,AR,,,,TRUE,https://www.vhpa.org/KIA/incident/69061049PBS758390.HTM,49PBS758390,BS758390,UH-1H,68-15567,690610,
,,AR,WC42AA,,,TRUE,https://www.vhpa.org/KIA/incident/69061149PBS812334.HTM,49PBS812334,BS812334,UH-1H,67-17753,690611,174 AHC
,,AR,WALZA0,,,TRUE,https://www.vhpa.org/KIA/incident/69061348PXT566163.HTM,48PXT566163,XT566163,UH-1H,66-17049,690613,A/25 AVN 25 INF
,,AR,WAB0A0,,,TRUE,https://www.vhpa.org/KIA/incident/69061348QYC424849.HTM,48QYC424849,YC424849,OH-6A,67-16303,690613,A/2/17 CAV
,690613221ACD,AR,WAAMC0,,,TRUE,https://www.vhpa.org/KIA/incident/690613221ACD.HTM,48PYT129405,YT129405,OH-6A,67-16357,690613,C/3/17 CAV
,,AR,WAGTC0,,,TRUE,https://www.vhpa.org/KIA/incident/69061548PYT474372.HTM,48PYT474372,YT474372,AH-1G,67-15461,690615,C/1/9 CAV
,,AR,WARTAA,,,TRUE,https://www.vhpa.org/KIA/incident/69061649PBT097246.HTM,49PBT097246,BT097246,UH-1C,66-15006,690616,71 AHC
,,AR,WARTAA,,,TRUE,https://www.vhpa.org/KIA/incident/69061649PBT086190.HTM,49PBT086190,BT086190,UH-1C,66-15012,690616,71 AHC
,69061666.KIA,AR,WG1RAA,,,TRUE,https://www.vhpa.org/KIA/incident/69061666KIA.HTM,48PYB907268,YB907268,AH-1G,67-15763,690616,361 AWC
,,AR,WC3HAA,,,TRUE,https://www.vhpa.org/KIA/incident/69061748PXS914722.HTM,48PXS914722,XS914722,UH-1B,63-12912,690617,128 AHC
,,AR,WAGFAA,,,TRUE,https://www.vhpa.org/KIA/incident/69061748PXT272696.HTM,48PXT272696,XT272696,OH-6A,67-16272,690617,1 BDE 1 CAV
,,AR,WC43AA,,,TRUE,https://www.vhpa.org/KIA/incident/69061848PXS040331.HTM,48PXS040331,XS040331,UH-1D,63-08745,690618,175 AHC
,69061818.KIA,AR,WAY6AA,,,TRUE,https://www.vhpa.org/KIA/incident/69061818KIA.HTM,48PXT708864,XT708864,UH-1C,66-00525,690618,11 ACR
,69061999.KIA,AR,WC3FAA,,,TRUE,https://www.vhpa.org/KIA/incident/69061999KIA.HTM,48PYT585224,YT585224,UH-1C,66-15184,690619,68 AVN
,69061988.KIA,AR,WAAXC0,,Shot down by friendly artillery fire.,TRUE,https://www.vhpa.org/KIA/incident/69061988KIA.HTM,48PYT073474,YT073474,UH-1D,66-16775,690619,C/229 AVN
,,AR,WGLEB0,,,TRUE,https://www.vhpa.org/KIA/incident/69061949PBS686298.HTM,49PBS686298,BS686298,UH-1H,67-17782,690619,B/123 AVN 23 INF
,,AR,WCLNAA,,,TRUE,https://www.vhpa.org/KIA/incident/69062048PYS973619.HTM,48PYS973619,YS973619,UH-1B,63-12925,690620,79 TC CO
,,AR,WAGYAA,,,TRUE,https://www.vhpa.org/KIA/incident/69062348PXT308899.HTM,48PXT308899,XT308899,UH-1H,68-15536,690623,15 MED 1 CAV
,,AR,WAYCAA,,,TRUE,https://www.vhpa.org/KIA/incident/69062448PWQ018985.HTM,48PWQ018985,WQ018985,UH-1B,64-14085,690624,121 AHC
,69062444.KIA,AR,WAHMD0,,,TRUE,https://www.vhpa.org/KIA/incident/69062444KIA.HTM,48PXT801459,XT801459,OH-6A,66-17813,690624,D/1/4 CAV
,,AR,WAGTB0,,,TRUE,https://www.vhpa.org/KIA/incident/69062548PXT816901.HTM,48PXT816901,XT816901,UH-1C,66-00573,690625,B/1/9 CAV
,,AR,WAGTB0,,,FALSE,https://www.vhpa.org/KIA/incident/69062548QYD345512.HTM,48QYD345512,YD345512,UH-1D,66-16573,690625,B/1/9 CAV
,69062555.KIA,AR,WDF2D0,,,TRUE,https://www.vhpa.org/KIA/incident/69062555KIA.HTM,48PXS442369,XS442369,AH-1G,67-15561,690625,D/3/5 CAV
,,AF,,,Crashed in the Gulf of Tonkin while attempting a pickup of a F-100 pilot.,TRUE,https://www.vhpa.org/KIA/incident/69062749PBN874756.HTM,49PBN874756,BN874756,HH-43B,59-1590,690627,38 ARRS DET 1
,,AF,,,,TRUE,https://www.vhpa.org/KIA/incident/69062748QTG797592.HTM,48QTG797592,TG797592,HH-3,65-56691,690627,
,,AR,WC44AA,,,TRUE,https://www.vhpa.org/KIA/incident/69062749PBS386799.HTM,49PBS386799,BS386799,UH-1D,66-16329,690627,176 AHC
,,AR,WBSTAA,,,TRUE,https://www.vhpa.org/KIA/incident/69062949PBS439762.HTM,49PBS439762,BS439762,UH-1H,67-19513,690629,54 MED DET
,69063030.KIA,AR,WBM2AA,,,TRUE,https://www.vhpa.org/KIA/incident/69063030KIA.HTM,49PBS741464,BS741464,UH-1H,66-17125,690630,498 MED
,,AR,WAGTC0,,,TRUE,https://www.vhpa.org/KIA/incident/69070248PXT473586.HTM,48PXT473586,XT473586,OH-6A,66-07828,690702,C/1/9 CAV
,69070202.KIA,AR,WAJ5AA,,,TRUE,https://www.vhpa.org/KIA/incident/69070202KIA.HTM,48PXT910459,XT910459,OH-6A,67-16601,690702,3 BDE 4 INF
,,AR,WAYPAA,,,TRUE,https://www.vhpa.org/KIA/incident/69070349PBS880001.HTM,49PBS880001,BS880001,UH-1B,63-08621,690703,61 AHC
,,AR,,,,TRUE,https://www.vhpa.org/KIA/incident/69070348PXT255548.HTM,48PXT255548,XT255548,OH-6A,67-16617,690703,E/82 ARTY 1 CAV
,69070444.KIA,AR,WAB4AA,,,TRUE,https://www.vhpa.org/KIA/incident/69070444KIA.HTM,49PAS993993,AS993993,OH-6A,66-07812,690704,1 BDE 101 ABN
,,AR,WGZ6B0,,,TRUE,https://www.vhpa.org/KIA/incident/69070448PVS750503.HTM,48PVS750503,VS750503,AH-1G,67-15454,690704,B/7/1 CAV
,69070404.KIA,AR,WAGTB0,,,TRUE,https://www.vhpa.org/KIA/incident/69070404KIA.HTM,48PYU215088,YU215088,OH-6A,67-16533,690704,B/1/9 CAV
,,AR,WALND0,,,TRUE,https://www.vhpa.org/KIA/incident/69070648PWT982566.HTM,48PWT982566,WT982566,OH-6A,68-17171,690706,D/3/4 CAV
,,AR,WG2BAA,,,TRUE,https://www.vhpa.org/KIA/incident/69070748PXU652085.HTM,48PXU652085,XU652085,OH-6A,67-16664,690707,ACT/11 ACR
,69070808.KIA,AR,WC3GAA,,,TRUE,https://www.vhpa.org/KIA/incident/69070808KIA.HTM,48PXT766164,XT766164,UH-1H,66-16880,690708,116 AHC
,69070911.KIA,AR,WC3FAA,,,TRUE,https://www.vhpa.org/KIA/incident/69070948PYT269052.HTM,48PYT269052,YT269052,UH-1D,64-13789,690709,68 AVN
,,AF,,,,TRUE,https://www.vhpa.org/KIA/incident/69071047PQQ172028.HTM,47PQQ172028,QQ172028,HH-43B,60-0278,690710,38 ARRS
,690710221ACD,AR,WG2BAA,,Crashed 2 KM East-Southeast of Quan Loi Air Field due to bad weather.,TRUE,https://www.vhpa.org/KIA/incident/690710221ACD.HTM,48PXT830899,XT830899,AH-1G,67-15638,690710,ACT/11 ACR
,69071010.KIA,AR,WAGFAA,,,TRUE,https://www.vhpa.org/KIA/incident/69071010KIA.HTM,48PXT381844,XT381844,OH-6A,67-16644,690710,1 BDE 1 CAV
,69071212.KIA,AR,WFBDAA,,,TRUE,https://www.vhpa.org/KIA/incident/69071212KIA.HTM,48PYT439242,YT439242,UH-1D,66-01150,690712,199 BDE
,,AR,WAHMD0,,This DIA grid is in the Gulf of Thailand so is probably wrong 48PST875293.,TRUE,https://www.vhpa.org/KIA/incident/69071248PST875293.HTM,48PST875293,ST875293,AH-1G,67-15514,690712,D/1/4 CAV
,69071320.KIA,AR,WG20AA,,Shot down and exploded on the south bank of Cua Dai River 7 KM East-Southeast of Hoi An.,TRUE,https://www.vhpa.org/KIA/incident/69071320KIA.HTM,49PBT205539,BT205539,OH-6A,68-17165,690713,F/8 CAV
1466,690714231ACD,AR,WAGTC0,,,TRUE,https://www.vhpa.org/KIA/incident/690714231ACD.HTM,48PXT910459,XT910459,UH-1B,62-02063,690714,C/1/9 CAV
,,AR,WFJ8B0,,,TRUE,https://www.vhpa.org/KIA/incident/69071448QYC155957.HTM,48QYC155957,YC155957,AH-1G,68-15075,690714,B/4/77 ARA 101 ABN
,69071515.KIA,AR,WAGTC0,https://www.vhpa.org/pictures/6716639.jpg,,TRUE,https://www.vhpa.org/KIA/incident/69071515KIA.HTM,48PXT837514,XT837514,OH-6A,67-16639,690715,C/1/9 CAV
,,AR,WDF2D0,,,TRUE,https://www.vhpa.org/KIA/incident/69071648PXS149571.HTM,48PXS149571,XS149571,OH-6A,67-16674,690716,D/3/5 CAV
,,AR,WDF2D0,,,TRUE,https://www.vhpa.org/KIA/incident/69071648PXS149571.HTM,48PXS149571,XS149571,OH-6A,67-16686,690716,D/3/5 CAV
,69071919.KIA,AF,,,HH-43B was destroyed by blast and flying debris when a crashed and burning B-52 blew up.,TRUE,https://www.vhpa.org/KIA/incident/69071919KIA.HTM,47PQQ190029,QQ190029,HH-43B,59-1562,690719,38 ARRS
,,AR,WAB0A0,,The DIA grid is in Thailand so may not be accurate.,TRUE,https://www.vhpa.org/KIA/incident/69071948PUC785175.HTM,48PUC785175,UC785175,OH-6A,67-16271,690719,A/2/17 CAV
,,AR,WACYD0,,,TRUE,https://www.vhpa.org/KIA/incident/69072048PXS093995.HTM,48PXS093995,XS093995,OH-6A,66-07904,690720,D/1/1 CAV
,,AR,WC3GAA,,,TRUE,https://www.vhpa.org/KIA/incident/69072148PXT438125.HTM,48PXT438125,XT438125,UH-1D,66-00897,690721,116 AHC
,690721051ACD,AR,WALZB0,,,TRUE,https://www.vhpa.org/KIA/incident/690721051ACD.HTM,48PXT438125,XT438125,AH-1G,67-15539,690721,B/25 AVN 25 INF
,69072121.HEL,AR,WAGTC0,,,TRUE,https://www.vhpa.org/KIA/incident/69072121HEL.HTM,48PYT146571,YT146571,OH-6A,67-16566,690721,C/1/9 CAV 1 CAV
,,AR,WGZ6A0,,Crashed after experiencing tail rotor failure.,TRUE,https://www.vhpa.org/KIA/incident/69072348PWS785146.HTM,48PWS785146,WS785146,OH-6A,67-16074,690723,A/7/1 CAV
,,AR,WGLLAA,,,TRUE,https://www.vhpa.org/KIA/incident/69072349PBT461075.HTM,49PBT461075,BT461075,OH-6A,67-16510,690723,DIV ART 23 INF
,690724211ACD,AR,WC3HAA,,,TRUE,https://www.vhpa.org/KIA/incident/690724211ACD.HTM,48PYS299466,YS299466,UH-1D,65-09612,690724,128 AHC
,69072414.KIA,AR,WC43AA,,,TRUE,https://www.vhpa.org/KIA/incident/69072414KIA.HTM,48PXS275903,XS275903,UH-1D,66-00879,690724,175 AHC
,,AR,WG2BAA,,,TRUE,https://www.vhpa.org/KIA/incident/69072448PXT763809.HTM,48PXT763809,XT763809,OH-6A,67-16221,690724,ACT/11 ACR
,,AR,WAYCAA,,,TRUE,https://www.vhpa.org/KIA/incident/69072548PXR097815.HTM,48PXR097815,XR097815,UH-1D,64-13797,690725,121 AHC
,,AR,WDX9AA,,,TRUE,https://www.vhpa.org/KIA/incident/69072649PBR713412.HTM,49PBR713412,BR713412,UH-1B,63-12937,690726,238 AVN
,,AR,WAZVAA,,,TRUE,https://www.vhpa.org/KIA/incident/69072649PAR817773.HTM,49PAR817773,AR817773,OH-6A,67-16610,690726,937 ENG
,,AR,WAL1AA,,,TRUE,https://www.vhpa.org/KIA/incident/69072848PXT565236.HTM,48PXT565236,XT565236,OH-6A,67-16131,690728,2 BDE 25 INF
,,AR,WDX6AA,,,TRUE,https://www.vhpa.org/KIA/incident/69073048PWR476040.HTM,48PWR476040,WR476040,AH-1G,67-15566,690730,235 AVN
,690802211ACD,AR,WFJ5C0,,,TRUE,https://www.vhpa.org/KIA/incident/690802211ACD.HTM,49PBT143074,BT143074,CH-47C,67-18513,690802,C/159 AVN
,,AR,WAAMB0,,,TRUE,https://www.vhpa.org/KIA/incident/69080348PXS330959.HTM,48PXS330959,XS330959,OH-6A,67-16308,690803,B/3/17 CAV
,69080404.KIA,AR,WAKED0,,,TRUE,https://www.vhpa.org/KIA/incident/69080404KIA.HTM,48PZA081273,ZA081273,AH-1G,66-15272,690804,D/1/10 CAV 4 INF
,,AR,WAB0A0,,,TRUE,https://www.vhpa.org/KIA/incident/69080448QYD373016.HTM,48QYD373016,YD373016,AH-1G,67-15699,690804,A/2/17 CAV
,,AR,WC5GAA,,,FALSE,https://www.vhpa.org/KIA/incident/69080448PXT073548.HTM,48PXT073548,XT073548,UH-1H,67-17858,690804,610 TC CO
,,AR,WAB4AA,,,TRUE,https://www.vhpa.org/KIA/incident/69080549PBT174097.HTM,49PBT174097,BT174097,OH-6A,67-16467,690805,1 BDE 101 ABN
,,AR,WAB0B0,,,TRUE,https://www.vhpa.org/KIA/incident/69080649PBS082895.HTM,49PBS082895,BS082895,OH-6A,65-13001,690806,B/2/17 CAV
,,AR,WAGTB0,,,TRUE,https://www.vhpa.org/KIA/incident/69080648PXT998958.HTM,48PXT998958,XT998958,OH-6A,66-07867,690806,B/1/9 CAV
,,AR,WAYAAA,,,TRUE,https://www.vhpa.org/KIA/incident/69080649PBR517617.HTM,49PBR517617,BR517617,UH-1H,67-17409,690806,119 AHC
,,AR,WC7ZAA,,,TRUE,https://www.vhpa.org/KIA/incident/69080648PYU955537.HTM,48PYU955537,YU955537,UH-1H,67-17713,690806,155 AHC
,,AF,,,,TRUE,https://www.vhpa.org/KIA/incident/69080749PCP114344.HTM,49PCP114344,CP114344,HH-43B,60-0282,690807,
,,AR,WAHMD0,,,TRUE,https://www.vhpa.org/KIA/incident/69080749PBT282077.HTM,49PBT282077,BT282077,OH-6A,67-16080,690807,D/1/4 CAV
,,AR,WC5CAA,,,TRUE,https://www.vhpa.org/KIA/incident/69080749PBT282077.HTM,49PBT282077,BT282077,OH-6A,67-16306,690807,604 TC CO
,,AR,WAHBB0,,,TRUE,https://www.vhpa.org/KIA/incident/69080848PXT857164.HTM,48PXT857164,XT857164,UH-1C,66-15208,690808,B/1 AVN 1 INF
,69080888.KIA,AR,WAZNBO,,,TRUE,https://www.vhpa.org/KIA/incident/69080888KIA.HTM,49PBR572672,BR572672,OH-6A,67-16612,690808,B/7/17 CAV
1478,69080911.KIA,MC,,,,TRUE,https://www.vhpa.org/KIA/incident/69080911KIA.HTM,48QXD960180,XD960180,UH-1E,155339,690809,
,,AR,WGZ6B0,,,TRUE,https://www.vhpa.org/KIA/incident/69080948PXS443019.HTM,48PXS443019,XS443019,OH-6A,67-16004,690809,B/7/1 CAV
,69080999.KIA,AR,WAGTA0,,Shot down 6 KM East-Northeast of Bo Tuc on route 246.,TRUE,https://www.vhpa.org/KIA/incident/69080999KIA.HTM,48PXT435881,XT435881,OH-6A,67-16269,690809,A/1/9 CAV 1 CAV
,,AR,WG20AA,,,TRUE,https://www.vhpa.org/KIA/incident/69080949PBT479149.HTM,49PBT479149,BT479149,OH-6A,68-17157,690809,F/8 CAV
,,NA,,,,TRUE,https://www.vhpa.org/KIA/incident/69081048QYC664992.HTM,48QYC664992,YC664992,UH-2A,149767,690810,
,69081010.KIA,AR,WACYD0,,,TRUE,https://www.vhpa.org/KIA/incident/69081010KIA.HTM,49PBT133332,BT133332,AH-1G,67-15678,690810,D/1/1 CAV
,,AR,WFJ8B0,,,TRUE,https://www.vhpa.org/KIA/incident/69081048PYC639704.HTM,48PYC639704,YC639704,AH-1G,68-15099,690810,B/4/77 ARA 101 ABN
,,AR,WC42AA,,,TRUE,https://www.vhpa.org/KIA/incident/69081249PBS547761.HTM,49PBS547761,BS547761,UH-1C,64-14109,690812,174 AHC
1481,69081317.KIA,AR,WC4YAA,,,TRUE,https://www.vhpa.org/KIA/incident/69081317KIA.HTM,48PYA913769,YA913769,UH-1C,66-15136,690813,170 AHC
,,AR,WC3EAA,,,TRUE,https://www.vhpa.org/KIA/incident/69081449PCQ295272.HTM,49PCQ295272,CQ295272,UH-1D,66-16311,690814,48 AHC
,69081422.KIA,AR,WAGTA0,,,TRUE,https://www.vhpa.org/KIA/incident/69081422KIA.HTM,48PXT236788,XT236788,OH-6A,67-16287,690814,A/1/9 CAV
,69081444.KIA,AR,WALZA0,,,TRUE,https://www.vhpa.org/KIA/incident/69081444KIA.HTM,48PXT475107,XT475107,UH-1H,67-19531,690814,A/25 AVN 25 INF
,69081555.KIA,AR,WC42AA,,,TRUE,https://www.vhpa.org/KIA/incident/69081555KIA.HTM,49PBS622352,BS622352,UH-1D,66-00993,690815,174 AHC
,,AR,WARTAA,,Aircraft received small arms fire and 50 cal. causing the engine to catch on fire and the helicopter to crash. There were no casualties.,TRUE,https://www.vhpa.org/KIA/incident/69081549PBT176226.HTM,49PBT176226,BT176226,UH-1H,66-17133,690815,71 AHC
,,AR,WFJGAA,,,TRUE,https://www.vhpa.org/KIA/incident/69081549PBS529742.HTM,49PBS529742,BS529742,UH-1H,67-17531,690815,282 AHC
,690816141ACD,AR,WAAXD0,,,TRUE,https://www.vhpa.org/KIA/incident/690816141ACD.HTM,48PXT405702,XT405702,AH-1G,67-15733,690816,D/229 AVN
,,AR,WADPD0,,,TRUE,https://www.vhpa.org/KIA/incident/69081749PBN271465.HTM,49PBN271465,BN271465,OH-6A,67-16151,690817,D/2/1 CAV
,,AR,WAHBB0,,,TRUE,https://www.vhpa.org/KIA/incident/69081748PXT766182.HTM,48PXT766182,XT766182,OH-6A,68-17166,690817,B/1 AVN 1 INF
,,AR,WC3EAA,,,TRUE,https://www.vhpa.org/KIA/incident/69081849PBP972824.HTM,49PBP972824,BP972824,UH-1B,62-04578,690818,48 AHC
,,AR,WCLNAA,,,TRUE,https://www.vhpa.org/KIA/incident/69081849PCR090225.HTM,49PCR090225,CR090225,UH-1C,65-09474,690818,79 TC CO
,690818221ACD,AR,WAHBB0,,,TRUE,https://www.vhpa.org/KIA/incident/690818221ACD.HTM,48PXT583402,XT583402,AH-1G,67-15765,690818,B/1 AVN 1 INF
,,AR,WAX5AA,,Engine failure on approach to LZ.,TRUE,https://www.vhpa.org/KIA/incident/69081848PYB882858.HTM,48PYB882858,YB882858,UH-1H,68-15633,690818,57 AHC
,69081999.KIA,AR,WARTAA,,,TRUE,https://www.vhpa.org/KIA/incident/69081999KIA.HTM,49PAT997228,AT997228,UH-1D,66-16303,690819,71 AHC
,,AR,WARTAA,,,TRUE,https://www.vhpa.org/KIA/incident/69081949PBT033209.HTM,49PBT033209,BT033209,UH-1H,66-16663,690819,71 AHC
,,AR,WDUTAA,,,TRUE,https://www.vhpa.org/KIA/incident/69082048PYT057184.HTM,48PYT057184,YT057184,UH-1H,66-00969,690820,187 AHC
,690820251ACD,AR,WDF2D0,,,TRUE,https://www.vhpa.org/KIA/incident/690820251ACD.HTM,48PXT437383,XT437383,AH-1G,68-15032,690820,D/3/5 CAV
,69082116.KIA,AR,WAGTB0,,,TRUE,https://www.vhpa.org/KIA/incident/69082116KIA.HTM,48PXU689030,XU689030,OH-6A,66-07922,690821,B/1/9 CAV
,,AR,WAB3A0,,,TRUE,https://www.vhpa.org/KIA/incident/69082248QYD628608.HTM,48QYD628608,YD628608,UH-1H,66-16979,690822,A/101 AVN
,,AR,WFJ4A0,,,TRUE,https://www.vhpa.org/KIA/incident/69082348QYC529896.HTM,48QYC529896,YC529896,UH-1H,67-17644,690823,A/158 AVN
,,AF,,,,TRUE,https://www.vhpa.org/KIA/incident/69082549PAQ850001.HTM,49PAQ850001,AQ850001,UH-1F,66-01217,690825,20 SOS
,690826222ACD,AR,WGZ6A0,,,TRUE,https://www.vhpa.org/KIA/incident/690826222ACD.HTM,49PBS815345,BS815345,UH-1D,66-16743,690826,A/7/1 CAV
,,AR,WAAMC0,,,TRUE,https://www.vhpa.org/KIA/incident/69082648PYT566335.HTM,48PYT566335,YT566335,OH-6A,66-17797,690826,C/3/17 CAV
,,AR,WAHEAA,,,TRUE,https://www.vhpa.org/KIA/incident/69082848PXT693182.HTM,48PXT693182,XT693182,OH-6A,68-17185,690828,2 BDE 1 INF
,690830071ACD,AR,WDU6AA,,,TRUE,https://www.vhpa.org/KIA/incident/690830071ACD.HTM,48PYS278872,YS278872,CH-47A,64-13161,690830,205 ASHC
,,VF,,,,TRUE,https://www.vhpa.org/KIA/incident/69090048PWR038137.HTM,48PWR038137,WR038137,UH-1H,68-15457,690900,
,,VF,,,,FALSE,https://www.vhpa.org/KIA/incident/69090048PXR113976.HTM,48PXR113976,XR113976,UH-1H,68-15504,690900,
,,VF,,,,FALSE,https://www.vhpa.org/KIA/incident/69090048PWR195715.HTM,48PWR195715,WR195715,UH-1H,68-15517,690900,
,,VF,,,,TRUE,https://www.vhpa.org/KIA/incident/69090049PBT022345.HTM,49PBT022345,BT022345,UH-1H,68-15708,690900,
,,VF,,,,TRUE,https://www.vhpa.org/KIA/incident/69090048PWR200482.HTM,48PWR200482,WR200482,UH-1H,68-15789,690900,
1487,69090101.KIA,MC,,,,TRUE,https://www.vhpa.org/KIA/incident/69090101KIA.HTM,48QYD343114,YD343114,CH-53A,153282,690901,HMH-361
,,AR,WAX7AA,,"Shot down in the LZ on a night mission with two other slicks, two gun ships and C&C.",TRUE,https://www.vhpa.org/KIA/incident/69090148PWT900000.HTM,48PWT900000,WT900000,UH-1D,66-16849,690901,114 AHC
,69090202.KIA,AR,WDFHAA,,,FALSE,https://www.vhpa.org/KIA/incident/69090202KIA.HTM,48PXT245670,XT245670,UH-1H,66-16700,690902,520 TC BN
,,AR,WAAMA0,,,TRUE,https://www.vhpa.org/KIA/incident/69090348PXT949072.HTM,48PXT949072,XT949072,AH-1G,67-15588,690903,A/3/17 CAV
,69090330.KIA,AR,WAAVA0,,,TRUE,https://www.vhpa.org/KIA/incident/69090330KIA.HTM,48PXT889994,XT889994,UH-1H,68-16059,690903,A/227 AVN
,,AR,WAAGAA,,,TRUE,https://www.vhpa.org/KIA/incident/69090448PYT021147.HTM,48PYT021147,YT021147,OH-6A,66-07858,690904,11 GS 1 CAV
,,AR,WGZ6C0,,,TRUE,https://www.vhpa.org/KIA/incident/69090448PVS890127.HTM,48PVS890127,VS890127,UH-1D,66-16685,690904,C/7/1 CAV
,,AR,WC3HAA,,,TRUE,https://www.vhpa.org/KIA/incident/69090548PYU342089.HTM,48PYU342089,YU342089,UH-1B,64-13978,690905,128 AHC
,69090505.KIA,AR,WG2BAA,,,TRUE,https://www.vhpa.org/KIA/incident/69090548PXU709112.HTM,48PXU709112,XU709112,AH-1G,67-15861,690905,ACT/11 ACR
,69090515.KIA,AR,WAGYAA,,,TRUE,https://www.vhpa.org/KIA/incident/69090515KIA.HTM,48PXT327714,XT327714,UH-1H,68-15670,690905,15 MED 1 CAV
,,AR,WAG3B0,,,TRUE,https://www.vhpa.org/KIA/incident/69090648PYT074497.HTM,48PYT074497,YT074497,AH-1G,67-15728,690906,B/2/20 ARA 1 CAV
,,AR,WAX6AA,,,TRUE,https://www.vhpa.org/KIA/incident/69090749PBN565795.HTM,49PBN565795,BN565795,UH-1C,66-15113,690907,92 AHC
,,AR,WAGTC0,,,TRUE,https://www.vhpa.org/KIA/incident/69090748PYU124143.HTM,48PYU124143,YU124143,OH-6A,67-16567,690907,C/1/9 CAV
,69090707.KIA,AR,WAGYAA,,,TRUE,https://www.vhpa.org/KIA/incident/69090707KIA.HTM,48PXT708827,XT708827,UH-1H,68-15449,690907,15 MED 1 CAV
,,AR,WAHMD0,,"Caught in a cross fire during a VR near Lai Khe. Pilot hit 5 times, crashed and rolled.",TRUE,https://www.vhpa.org/KIA/incident/69090748PXT783311.HTM,48PXT783311,XT783311,OH-6A,68-17227,690907,D/1/4 CAV
,,AR,WAX8AA,,,TRUE,https://www.vhpa.org/KIA/incident/69090848PYT022054.HTM,48PYT022054,YT022054,UH-1C,66-15032,690908,117 AHC
,69090999.KIA,AR,WAZNC0,,,TRUE,https://www.vhpa.org/KIA/incident/69090999KIA.HTM,49PBR862946,BR862946,OH-6A,67-16108,690909,C/7/17 CAV
,,AR,WAGTA0,,,TRUE,https://www.vhpa.org/KIA/incident/69090948PXT127548.HTM,48PXT127548,XT127548,AH-1G,68-15004,690909,A/1/9 CAV
,69091010.KIA,AR,WC4YAA,,,TRUE,https://www.vhpa.org/KIA/incident/69091010KIA.HTM,48PZA025457,ZA025457,UH-1D,66-16602,690910,170 AHC
,69091111.KIA,AR,WAHMD0,,,TRUE,https://www.vhpa.org/KIA/incident/69091111KIA.HTM,48PXT491623,XT491623,OH-6A,67-16312,690911,D/1/4 CAV
,,AR,WARJAA,,,TRUE,https://www.vhpa.org/KIA/incident/69091249PBS917130.HTM,49PBS917130,BS917130,OH-6A,66-07921,690912,173 ABN
,,AR,WAB3C0,,,TRUE,https://www.vhpa.org/KIA/incident/69091348QYC440960.HTM,48QYC440960,YC440960,UH-1D,66-16472,690913,C/101 AVN
,,AR,WAGTC0,,,TRUE,https://www.vhpa.org/KIA/incident/69091348PYU269089.HTM,48PYU269089,YU269089,OH-6A,67-16413,690913,C/1/9 CAV
,,AR,WAAXC0,,,TRUE,https://www.vhpa.org/KIA/incident/69091348PXT344825.HTM,48PXT344825,XT344825,UH-1H,68-15565,690913,C/229 AVN
,,AR,WC07AA,,,TRUE,https://www.vhpa.org/KIA/incident/69091449PBP925819.HTM,49PBP925819,BP925819,UH-1C,66-15019,690914,134 AHC
,690914141ACD,AR,WDUVAA,,,TRUE,https://www.vhpa.org/KIA/incident/690914141ACD.HTM,49PAR486764,AR486764,UH-1H,67-17316,690914,189 AHC
,,AR,WC5LAA,,,TRUE,https://www.vhpa.org/KIA/incident/69091649PBS773094.HTM,49PBS773094,BS773094,CH-47C,68-15841,690916,180 ASHC
,,AR,WC3FAA,,,TRUE,https://www.vhpa.org/KIA/incident/69091748PYT634926.HTM,48PYT634926,YT634926,UH-1D,63-08822,690917,68 AVN
,,AR,WDUWAA,,,TRUE,https://www.vhpa.org/KIA/incident/69091748PXS895906.HTM,48PXS895906,XS895906,UH-1D,66-16578,690917,190 AHC
,,AR,WAAXA0,,,TRUE,https://www.vhpa.org/KIA/incident/69091748PXT419457.HTM,48PXT419457,XT419457,UH-1H,66-16922,690917,A/229 AVN
,,AR,WAB0B0,,,TRUE,https://www.vhpa.org/KIA/incident/69091748QYC674778.HTM,48QYC674778,YC674778,OH-6A,67-16531,690917,B/2/17 CAV
,,AR,WGZ6A0,,,TRUE,https://www.vhpa.org/KIA/incident/69091948PWS730459.HTM,48PWS730459,WS730459,OH-6A,66-17756,690919,A/7/1 CAV
,,AR,WAGFAA,,,TRUE,https://www.vhpa.org/KIA/incident/69091948PXT509678.HTM,48PXT509678,XT509678,OH-6A,67-16541,690919,1 BDE 1 CAV
,,AR,WGLLAA,,,TRUE,https://www.vhpa.org/KIA/incident/69091949PAT962248.HTM,49PAT962248,AT962248,OH-6A,68-17262,690919,DIV ART 23 INF
,,AR,WAAMB0,,,TRUE,https://www.vhpa.org/KIA/incident/69092048PXS678592.HTM,48PXS678592,XS678592,OH-6A,67-16488,690920,B/3/17 CAV
,,AR,WDF2D0,,,TRUE,https://www.vhpa.org/KIA/incident/69092048PWS948699.HTM,48PWS948699,WS948699,OH-6A,68-17222,690920,D/3/5 CAV
,,AR,WDF2D0,,,TRUE,https://www.vhpa.org/KIA/incident/69092048PWS948699.HTM,48PWS948699,WS948699,OH-6A,68-17224,690920,D/3/5 CAV
,,AR,WAB0B0,,,TRUE,https://www.vhpa.org/KIA/incident/69092148QZC057926.HTM,48QZC057926,ZC057926,AH-1G,67-15704,690921,B/2/17 CAV
,,AR,WAGTC0,,,TRUE,https://www.vhpa.org/KIA/incident/69092148PYU087161.HTM,48PYU087161,YU087161,OH-6A,67-16294,690921,C/1/9 CAV
,,AR,WGPRAA,,,TRUE,https://www.vhpa.org/KIA/incident/69092248PXR061594.HTM,48PXR061594,XR061594,UH-1C,66-15168,690922,336 AHC
,690922242ACD,AR,WGPRAA,,,TRUE,https://www.vhpa.org/KIA/incident/690922242ACD.HTM,48PXR061594,XR061594,UH-1C,66-15210,690922,336 AHC
,69092244.KIA,AR,WARTAA,,,TRUE,https://www.vhpa.org/KIA/incident/69092244KIA.HTM,49PBT033228,BT033228,UH-1D,66-16332,690922,71 AHC
,,AR,WAB5AA,,,TRUE,https://www.vhpa.org/KIA/incident/69092248PYC643372.HTM,48PYC643372,YC643372,OH-6A,67-16448,690922,2 BDE 101 ABN
,,AR,WARTAA,,,TRUE,https://www.vhpa.org/KIA/incident/69092249PBT033228.HTM,49PBT033228,BT033228,UH-1H,68-15264,690922,71 AHC
,,AR,,,,TRUE,https://www.vhpa.org/KIA/incident/69092448PYU324126.HTM,48PYU324126,YU324126,OH-6A,67-16530,690924,HHD 44 ENG GP
,,AR,WAAMB0,,,TRUE,https://www.vhpa.org/KIA/incident/69092448PXS333019.HTM,48PXS333019,XS333019,OH-6A,67-16585,690924,B/3/17 CAV
,,AR,WAGWB0,,,TRUE,https://www.vhpa.org/KIA/incident/69092548PXT857164.HTM,48PXT857164,XT857164,OH-6A,66-07869,690925,B/15 TC 1 CAV
,,AR,,,,TRUE,https://www.vhpa.org/KIA/incident/69092548PXT090824.HTM,48PXT090824,XT090824,OH-6A,67-16452,690925,DIVARTY 25 INF
,,AR,WAB0C0,,,TRUE,https://www.vhpa.org/KIA/incident/69092648QYD526219.HTM,48QYD526219,YD526219,OH-6A,67-16302,690926,C/2/17 CAV
1493,69092727.KIA,AR,WAX5AA,,Shot down during string extraction mission in Laos.,TRUE,https://www.vhpa.org/KIA/incident/69092727KIA.HTM,48PYB458318,YB458318,UH-1H,68-15558,690927,57 AHC
,,AR,WAZNC0,,Shot down by NVA firing AKs at very close range.,TRUE,https://www.vhpa.org/KIA/incident/69092849PBS828112.HTM,49PBS828112,BS828112,OH-6A,66-07875,690928,C/7/17 CAV
,691002181ACD,AR,WAJ4AA,,,TRUE,https://www.vhpa.org/KIA/incident/691002181ACD.HTM,49PBR661616,BR661616,OH-6A,68-17232,691002,2 BDE 4 INF
,,AR,WABCAA,,,TRUE,https://www.vhpa.org/KIA/incident/69100348PXT747237.HTM,48PXT747237,XT747237,OH-6A,67-16626,691003,3 BDE 82 ABN
,,AR,WGZ6B0,,,TRUE,https://www.vhpa.org/KIA/incident/69100448PXS040479.HTM,48PXS040479,XS040479,OH-6A,66-07831,691004,B/7/1 CAV
,69100404.KIA,AR,WARJAA,,,TRUE,https://www.vhpa.org/KIA/incident/69100404KIA.HTM,49PBS864186,BS864186,OH-6A,66-14385,691004,173 ABN
,,AR,WAB0A0,,,TRUE,https://www.vhpa.org/KIA/incident/69100548QXD882618.HTM,48QXD882618,XD882618,OH-6A,67-16258,691005,A/2/17 CAV
,,AF,,,,TRUE,https://www.vhpa.org/KIA/incident/69100648QXD085281.HTM,48QXD085281,XD085281,CH-3C,62-12579,691006,21 SOS
,,AR,WC3JAA,,,TRUE,https://www.vhpa.org/KIA/incident/69100649PCR038465.HTM,49PCR038465,CR038465,UH-1B,63-08693,691006,129 AHC
,,AF,,,,TRUE,https://www.vhpa.org/KIA/incident/69100648QXD085281.HTM,48QXD085281,XD085281,CH-3C,64-14222,691006,21 SOS
,,AR,WCLNAA,,,TRUE,https://www.vhpa.org/KIA/incident/69100649PBR910226.HTM,49PBR910226,BR910226,OH-6A,66-07808,691006,79 TC CO
,691007201ACD,AR,WGLEA0,,Crashed in bay 8 KM W-NW of Chu Lai Airfield.,TRUE,https://www.vhpa.org/KIA/incident/691007201ACD.HTM,49PBT462095,BT462095,UH-1H,68-15761,691007,A/123 AVN 23 INF
,69100808.KIA,AR,WAAMA0,,,TRUE,https://www.vhpa.org/KIA/incident/69100808KIA.HTM,48PYS206816,YS206816,OH-6A,67-16329,691008,A/3/17 CAV
1499,69100823.KIA,AR,WFJ4D0,,,TRUE,https://www.vhpa.org/KIA/incident/69100823KIA.HTM,48QYC280885,YC280885,AH-1G,68-15044,691008,D/158 AVN
,69100888.KIA,AR,WFJ4D0,,Tail rotor hit by small arms fire causing the loss of anti-torque control which resulted in a spin and crash while looking for Watkins.,TRUE,https://www.vhpa.org/KIA/incident/69100888KIA.HTM,48QYD470375,YD470375,AH-1G,68-15145,691008,D/158 AVN
1500,691009301ACD,AR,WAX9AA,,,TRUE,https://www.vhpa.org/KIA/incident/691009301ACD.HTM,48PYT267273,YT267273,UH-1D,63-08826,691009,118 AHC
,691009331ACD,AR,WAX9AA,,,TRUE,https://www.vhpa.org/KIA/incident/691009331ACD.HTM,48PYT185092,YT185092,UH-1C,66-00530,691009,118 AHC
,69100999.KIA,AR,WDU0AA,,,TRUE,https://www.vhpa.org/KIA/incident/69100999KIA.HTM,48PXU833215,XU833215,UH-1D,66-01106,691009,195 AHC
,,AR,WGZ6A0,,,TRUE,https://www.vhpa.org/KIA/incident/69100948PVR909372.HTM,48PVR909372,VR909372,OH-6A,67-16643,691009,A/7/1 CAV
,,AR,WAGTB0,,,TRUE,https://www.vhpa.org/KIA/incident/69101048PXU906123.HTM,48PXU906123,XU906123,UH-1H,66-16924,691010,B/1/9 CAV
,,AR,WAGTB0,,,TRUE,https://www.vhpa.org/KIA/incident/69101048PXU906123.HTM,48PXU906123,XU906123,OH-6A,67-16512,691010,B/1/9 CAV
,,VF,,,,TRUE,https://www.vhpa.org/KIA/incident/69101348PWR196137.HTM,48PWR196137,WR196137,UH-1H,67-15404,691013,
,691013281ACD,AR,WGPRAA,,,TRUE,https://www.vhpa.org/KIA/incident/691013281ACD.HTM,48PYS583582,YS583582,UH-1H,68-16176,691013,336 AHC
,,AR,WAB0C0,,,TRUE,https://www.vhpa.org/KIA/incident/69101448QYD778074.HTM,48QYD778074,YD778074,OH-6A,67-16394,691014,C/2/17 CAV
,,AR,WGZ6B0,,,TRUE,https://www.vhpa.org/KIA/incident/69101448PXR664744.HTM,48PXR664744,XR664744,OH-6A,67-16618,691014,B/7/1 CAV
,,AR,WADPD0,,,TRUE,https://www.vhpa.org/KIA/incident/69101448PYS299466.HTM,48PYS299466,YS299466,OH-6A,67-16683,691014,D/2/1 CAV
,69102020.KIA,AR,WAHFAA,,,TRUE,https://www.vhpa.org/KIA/incident/69102048PXT837459.HTM,48PXT837459,XT837459,OH-6A,68-17231,691020,3 BDE 1 INF
,,AF,,,,TRUE,https://www.vhpa.org/KIA/incident/69102149PAQ887037.HTM,49PAQ887037,AQ887037,UH-1F,63-13155,691021,
,691021211ACD,AR,WDUVAA,,,FALSE,https://www.vhpa.org/KIA/incident/691021211ACD.HTM,48PYA934583,YA934583,UH-1H,68-16094,691021,189 AHC
,69102323.KIA,AR,WALZB0,,,FALSE,https://www.vhpa.org/KIA/incident/69102323KIA.HTM,48PXT332171,XT332171,UH-1C,66-00683,691023,B/25 AVN 25 INF
,,AR,WAB3A0,,,TRUE,https://www.vhpa.org/KIA/incident/69102348QYD473255.HTM,48QYD473255,YD473255,UH-1D,66-01119,691023,A/101 AVN
,,AF,,,,TRUE,https://www.vhpa.org/KIA/incident/69102448PXC892456.HTM,48PXC892456,XC892456,HH-3,66-13281,691024,
,69102555.KIA,AR,WAB3B0,,,TRUE,https://www.vhpa.org/KIA/incident/69102555KIA.HTM,48QYC603759,YC603759,UH-1D,65-09738,691025,B/101 AVN
,,AR,WAGHAA,,,TRUE,https://www.vhpa.org/KIA/incident/69102648PXU887197.HTM,48PXU887197,XU887197,OH-6A,67-16680,691026,3 BDE 1 CAV
,691028241ACD,AR,WAGYAA,,,TRUE,https://www.vhpa.org/KIA/incident/691028241ACD.HTM,48PXT928441,XT928441,UH-1H,64-13746,691028,15 MED 1 CAV
,69102890.KIA,AR,WDUYAA,,,TRUE,https://www.vhpa.org/KIA/incident/69102890KIA.HTM,48PZT259230,ZT259230,UH-1C,66-15075,691028,192 AHC
,691028231ACD,AR,WAX5AA,,,TRUE,https://www.vhpa.org/KIA/incident/691028231ACD.HTM,48PZB034214,ZB034214,UH-1C,66-15129,691028,57 AHC
,,AR,WAGWB0,,,TRUE,https://www.vhpa.org/KIA/incident/69102848PXT912146.HTM,48PXT912146,XT912146,OH-6A,67-16276,691028,B/15 TC 1 CAV
,69102888.KIA,AR,WALND0,,,TRUE,https://www.vhpa.org/KIA/incident/69102888KIA.HTM,48PXT165345,XT165345,OH-6A,68-17149,691028,D/3/4 CAV
,,AR,WDUYAA,,,TRUE,https://www.vhpa.org/KIA/incident/69102948QYD061491.HTM,48QYD061491,YD061491,UH-1H,68-15399,691029,192 AHC
,69102929.KIA,AR,,,"After making repeated contact with the VC and reporting that the Observer was hit bad, the aircraft exploded in mid-air.",TRUE,https://www.vhpa.org/KIA/incident/69102929KIA.HTM,48PVR963150,VR963150,OH-6A,68-17186,691029,D/3/5 CAV
,69103099.KIA,AR,WC3EAA,,,TRUE,https://www.vhpa.org/KIA/incident/69103099KIA.HTM,48PYU593534,YU593534,UH-1B,63-08587,691030,48 AHC
,691031201ACD,AR,WAAXB0,,,TRUE,https://www.vhpa.org/KIA/incident/691031201ACD.HTM,48PXT254659,XT254659,UH-1H,66-16650,691031,B/229 AVN
,,AR,WAB0B0,,,TRUE,https://www.vhpa.org/KIA/incident/69103148QYC691870.HTM,48QYC691870,YC691870,UH-1H,67-17692,691031,B/2/17 CAV
1508,69110110.KIA,MC,,,,TRUE,https://www.vhpa.org/KIA/incident/69110110KIA.HTM,49QBT144755,BT144755,CH-53A,152394,691101,
,69110122.KIA,AR,WC3GAA,,,TRUE,https://www.vhpa.org/KIA/incident/69110122KIA.HTM,48PXT109695,XT109695,UH-1D,65-09721,691101,116 AHC
,69110144.KIA,AR,WAHMD0,,,TRUE,https://www.vhpa.org/KIA/incident/69110144KIA.HTM,48PXT656403,XT656403,UH-1H,67-18576,691101,D/1/4 CAV
,69110222.KIA,AR,WAZNB0,,,TRUE,https://www.vhpa.org/KIA/incident/69110222KIA.HTM,48PYU791665,YU791665,OH-6A,66-07894,691102,B/7/17 CAV
1512,,AR,WAZNB0,,,TRUE,https://www.vhpa.org/KIA/incident/69110248PYU793658.HTM,48PYU793658,YU793658,OH-6A,66-17760,691102,B/7/17 CAV
1513,,AR,WAZNB0,,,TRUE,https://www.vhpa.org/KIA/incident/69110248PYU796658.HTM,48PYU796658,YU796658,AH-1G,67-15616,691102,B/7/17 CAV
,691102151ACD,AR,WGZ6B0,,,TRUE,https://www.vhpa.org/KIA/incident/691102151ACD.HTM,48PWS858275,WS858275,OH-6A,67-16230,691102,B/7/1 CAV
,69110202.KIA,AR,WAGGAA,,"Hit by B-40 rocket whlile hovering, 13 KM Southeast of Phuoc Binh.",TRUE,https://www.vhpa.org/KIA/incident/69110202KIA.HTM,48PYT243992,YT243992,OH-6A,67-16419,691102,2 BDE 1 CAV
,691103291ACD,AR,WALZB0,,,TRUE,https://www.vhpa.org/KIA/incident/691103291ACD.HTM,48PXT565218,XT565218,UH-1C,66-00674,691103,B/25 AVN 25 INF
,,AR,WC7ZAA,,,TRUE,https://www.vhpa.org/KIA/incident/69110348PYA557433.HTM,48PYA557433,YA557433,UH-1C,66-15232,691103,155 AHC
,,AR,WFELAA,,,FALSE,https://www.vhpa.org/KIA/incident/69110448PWR548833.HTM,48PWR548833,WR548833,UH-1C,66-15215,691104,162 AHC
,,AR,WGZ6A0,,,TRUE,https://www.vhpa.org/KIA/incident/69110548PVR872648.HTM,48PVR872648,VR872648,OH-6A,67-16409,691105,A/7/1 CAV
,,AR,WGZ6A0,,,TRUE,https://www.vhpa.org/KIA/incident/69110548PVR872648.HTM,48PVR872648,VR872648,OH-6A,67-16484,691105,A/7/1 CAV
,69110666.KIA,AR,WAHMD0,,,TRUE,https://www.vhpa.org/KIA/incident/69110666KIA.HTM,48PXT838348,XT838348,OH-6A,68-17269,691106,D/1/4 CAV
,,AR,WGPPAA,,,TRUE,https://www.vhpa.org/KIA/incident/69110748PXT344862.HTM,48PXT344862,XT344862,AH-1G,67-15694,691107,334 AHC
,69110707.KIA,AR,WAG3B0,,,TRUE,https://www.vhpa.org/KIA/incident/69110707KIA.HTM,48PXU977326,XU977326,AH-1G,67-15712,691107,B/2/20 ARA 1 CAV
,69110777.KIA,AR,WAAXA0,,Hit by .51 cal fire.  Two crew members jumped from the back of the burning helicopter 10 km south of Bu Dop Air Field.,TRUE,https://www.vhpa.org/KIA/incident/69110777KIA.HTM,48PXU963189,XU963189,UH-1H,68-15311,691107,A/229 AVN 1 CAV
,,AR,WG20AA,,,TRUE,https://www.vhpa.org/KIA/incident/69110749PBT228059.HTM,49PBT228059,BT228059,OH-6A,68-17275,691107,F/8 CAV
,,AR,WAAWB0,,,TRUE,https://www.vhpa.org/KIA/incident/69110848PXU907031.HTM,48PXU907031,XU907031,CH-47A,66-19084,691108,B/228 AVN
,,AR,WAGTB0,,,TRUE,https://www.vhpa.org/KIA/incident/69110848PXU852031.HTM,48PXU852031,XU852031,OH-6A,67-16374,691108,B/1/9 CAV
,,AR,WGPPAA,,,TRUE,https://www.vhpa.org/KIA/incident/69110848PYT380831.HTM,48PYT380831,YT380831,AH-1G,68-15056,691108,334 AHC
,,AR,WGPQAA,,,TRUE,https://www.vhpa.org/KIA/incident/69110848PXS315111.HTM,48PXS315111,XS315111,UH-1H,68-16160,691108,335 AHC
,,AR,WAX7AA,,,TRUE,https://www.vhpa.org/KIA/incident/69111048PXR061594.HTM,48PXR061594,XR061594,UH-1H,64-13714,691110,114 AHC
,,AR,WFBDAA,,,TRUE,https://www.vhpa.org/KIA/incident/69111048PYT622132.HTM,48PYT622132,YT622132,OH-6A,67-16066,691110,199 BDE
,,AR,WAGTA0,,,TRUE,https://www.vhpa.org/KIA/incident/69111148PXT055584.HTM,48PXT055584,XT055584,AH-1G,66-15323,691111,A/1/9 CAV
,,AR,WDYBAA,,,TRUE,https://www.vhpa.org/KIA/incident/69111248PXS587610.HTM,48PXS587610,XS587610,UH-1C,66-15204,691112,240 AHC
,,AR,WAAXC0,,,TRUE,https://www.vhpa.org/KIA/incident/69111248PXT127548.HTM,48PXT127548,XT127548,UH-1D,66-16232,691112,C/229 AVN
,,AR,WFJ6AA,,,TRUE,https://www.vhpa.org/KIA/incident/69111248QYD060638.HTM,48QYD060638,YD060638,OH-6A,67-16500,691112,163 AVN 101 ABN
,,AR,WAB4AA,,,TRUE,https://www.vhpa.org/KIA/incident/69111248QYD060638.HTM,48QYD060638,YD060638,UH-1H,67-19496,691112,1 BDE 101 ABN
,,AR,WAB0B0,,,TRUE,https://www.vhpa.org/KIA/incident/69111348QYC637943.HTM,48QYC637943,YC637943,OH-6A,67-16378,691113,B/2/17 CAV
,,AR,WDUTAA,,,TRUE,https://www.vhpa.org/KIA/incident/69111448PXT164511.HTM,48PXT164511,XT164511,UH-1H,67-17384,691114,187 AHC
,,AR,WAGTC0,,,TRUE,https://www.vhpa.org/KIA/incident/69111548PYU105217.HTM,48PYU105217,YU105217,OH-6A,66-07901,691115,C/1/9 CAV
,69111515.KIA,AR,WARTAA,,,FALSE,https://www.vhpa.org/KIA/incident/69111515KIA.HTM,49PBT179466,BT179466,UH-1D,66-16260,691115,71 AHC
,,AR,WAAXB0,,,TRUE,https://www.vhpa.org/KIA/incident/69111548PXT837514.HTM,48PXT837514,XT837514,UH-1H,67-17376,691115,B/229 AVN
,,AR,WAYAAA,,Believe this aircraft was destroyed during a sapper attack at Camp Radcliff.,TRUE,https://www.vhpa.org/KIA/incident/69111549PBR462470.HTM,49PBR462470,BR462470,UH-1H,68-15270,691115,119 AHC
,69111555.KIA,AR,WC42AA,,,TRUE,https://www.vhpa.org/KIA/incident/69111549PBS475724.HTM,49PBS475724,BS475724,UH-1H,68-15661,691115,174 AHC
,,AR,WAYAAA,,Believe this aircraft was destroyed during a sapper attack at Camp Radcliff.,TRUE,https://www.vhpa.org/KIA/incident/69111549PBR462470.HTM,49PBR462470,BR462470,UH-1H,68-16091,691115,119 AHC
,,AR,WAYAAA,,Believe this aircraft was destroyed during a sapper attack at Camp Radcliff.,TRUE,https://www.vhpa.org/KIA/incident/69111549PBR462470.HTM,49PBR462470,BR462470,UH-1H,68-16095,691115,119 AHC
,,AR,WAYAAA,,Believe this aircraft was destroyed during a sapper attack at Camp Radcliff.,TRUE,https://www.vhpa.org/KIA/incident/69111549PBR462470.HTM,49PBR462470,BR462470,UH-1H,68-16285,691115,119 AHC
,,AR,WAYCAA,,,TRUE,https://www.vhpa.org/KIA/incident/69111648PWR530814.HTM,48PWR530814,WR530814,UH-1D,64-13531,691116,121 AHC
,,AR,WAYAAA,,Believe this aircraft was destroyed during a sapper attack at Camp Radcliff.,TRUE,https://www.vhpa.org/KIA/incident/69111649PBR462470.HTM,49PBR462470,BR462470,UH-1C,65-09469,691116,119 AHC
,,AR,WDYBAA,,,TRUE,https://www.vhpa.org/KIA/incident/69111648PXS659739.HTM,48PXS659739,XS659739,UH-1C,66-00723,691116,240 AHC
,,AR,WAZNA0,,Believe this aircraft was destroyed during a sapper attack at Camp Radcliff.,TRUE,https://www.vhpa.org/KIA/incident/69111649PBR462470.HTM,49PBR462470,BR462470,AH-1G,67-15592,691116,A/7/17 CAV
,,AR,WAZNA0,,Believe this aircraft was destroyed during a sapper attack at Camp Radcliff.,TRUE,https://www.vhpa.org/KIA/incident/69111649PBR462470.HTM,49PBR462470,BR462470,OH-6A,67-16073,691116,A/7/17 CAV
,,AR,WAZNA0,,Believe this aircraft was destroyed during a sapper attack at Camp Radcliff.,TRUE,https://www.vhpa.org/KIA/incident/69111649PBR462470.HTM,49PBR462470,BR462470,OH-6A,67-16293,691116,A/7/17 CAV
,,AR,WAZNA0,,Believe this aircraft was destroyed during a sapper attack at Camp Radcliff.,TRUE,https://www.vhpa.org/KIA/incident/69111649PBR500673.HTM,49PBR500673,BR500673,OH-6A,67-16653,691116,A/7/17 CAV
,,AR,WAZNA0,,Believe this aircraft was destroyed during a sapper attack at Camp Radcliff.,TRUE,https://www.vhpa.org/KIA/incident/69111649PBR462470.HTM,49PBR462470,BR462470,OH-6A,67-16676,691116,A/7/17 CAV
,,VF,,,,TRUE,https://www.vhpa.org/KIA/incident/69111648PWS375305.HTM,48PWS375305,WS375305,UH-1H,68-15453,691116,
,,AR,WAJ3AA,,,TRUE,https://www.vhpa.org/KIA/incident/69111649PBR462470.HTM,49PBR462470,BR462470,OH-6A,68-17237,691116,1 BDE 4 INF
,69111717.KIA,MC,,,Believed to be the HMM-262 CH-46D which crashed on land due to hostile causes.,FALSE,https://www.vhpa.org/KIA/incident/69111717KIA.HTM,49PBT219494,BT219494,CH-46D,153961,691117,HMM-262
,,AR,WAGFAA,,,TRUE,https://www.vhpa.org/KIA/incident/69111748PXT382623.HTM,48PXT382623,XT382623,UH-1H,68-16058,691117,1 BDE 1 CAV
,,AR,WAGFAA,,,TRUE,https://www.vhpa.org/KIA/incident/69111948PXT435807.HTM,48PXT435807,XT435807,OH-6A,66-14399,691119,1 BDE 1 CAV
,,AR,WDF2D0,,,TRUE,https://www.vhpa.org/KIA/incident/69111948PXR555559.HTM,48PXR555559,XR555559,UH-1D,66-16142,691119,D/3/5 CAV
,69112020.KIA,AR,WDF2D0,,,TRUE,https://www.vhpa.org/KIA/incident/69112020KIA.HTM,48PXS040331,XS040331,OH-6A,66-07776,691120,D/3/5 CAV
,691120171ACD,AR,WAZNC0,,Crashed into tall trees after experiencing a tail rotor failure that may have resulted from enemy SA fire. Burned and exploded.,TRUE,https://www.vhpa.org/KIA/incident/691120171ACD.HTM,49PBS774131,BS774131,OH-6A,67-16086,691120,C/7/17 CAV
,,AR,WAGFAA,,,TRUE,https://www.vhpa.org/KIA/incident/69112148PXT308807.HTM,48PXT308807,XT308807,OH-6A,67-16100,691121,1 BDE 1 CAV
,,AR,WARTAA,,,TRUE,https://www.vhpa.org/KIA/incident/69112149PBT088319.HTM,49PBT088319,BT088319,UH-1H,67-17522,691121,71 AHC
,,AR,WAGFAA,,,TRUE,https://www.vhpa.org/KIA/incident/69112248PXT364586.HTM,48PXT364586,XT364586,OH-6A,67-16359,691122,1 BDE 1 CAV
,,AR,,,,TRUE,https://www.vhpa.org/KIA/incident/69112248PYT217830.HTM,48PYT217830,YT217830,OH-6A,67-16655,691122,E/82 ARTY 1 CAV
,,AR,WALND0,,,TRUE,https://www.vhpa.org/KIA/incident/69112348PXT420162.HTM,48PXT420162,XT420162,AH-1G,67-15667,691123,D/3/4 CAV
,,AR,WFJFAA,,,TRUE,https://www.vhpa.org/KIA/incident/69112748PYU808720.HTM,48PYU808720,YU808720,UH-1C,66-15004,691127,281 AHC
,,AR,WC43AA,,,TRUE,https://www.vhpa.org/KIA/incident/69112848PXS368424.HTM,48PXS368424,XS368424,UH-1C,66-15152,691128,175 AHC
,69112964.KIA,MC,,,Synchronization shaft between the transmissions failed allowing the intermeshing rotor blades to make contact destroying the helicopter.,TRUE,https://www.vhpa.org/KIA/incident/69112964KIA.HTM,49PAT977348,AT977348,CH-46A,153996,691129,HMM-364
,,AR,WAGTB0,,,TRUE,https://www.vhpa.org/KIA/incident/69112948PYU069124.HTM,48PYU069124,YU069124,OH-6A,66-14383,691129,B/1/9 CAV
,69112999.KIA,AR,WAGTB0,,,TRUE,https://www.vhpa.org/KIA/incident/69112999KIA.HTM,48PYU069124,YU069124,AH-1G,68-15188,691129,B/1/9 CAV
,69112929.KIA,AR,WAAGAA,,,TRUE,https://www.vhpa.org/KIA/incident/69112929KIA.HTM,48PYU069124,YU069124,UH-1H,68-15246,691129,11 GS 1 CAV
,69113030.KIA,AR,WGPRAA,,,TRUE,https://www.vhpa.org/KIA/incident/69113030KIA.HTM,48PWQ092800,WQ092800,UH-1H,67-17214,691130,336 AHC
,,AR,WFJ4A0,,,TRUE,https://www.vhpa.org/KIA/incident/69113048QYD239437.HTM,48QYD239437,YD239437,UH-1H,67-17641,691130,A/158 AVN
1533,69120210.KIA,AR,WC3JAA,,,TRUE,https://www.vhpa.org/KIA/incident/69120210KIA.HTM,49PBR750850,BR750850,UH-1B,64-13959,691202,129 AHC
,,AR,WGZ6A0,,,TRUE,https://www.vhpa.org/KIA/incident/69120348PWT911068.HTM,48PWT911068,WT911068,OH-6A,67-16238,691203,A/7/1 CAV
,,AR,WDUXAA,,,TRUE,https://www.vhpa.org/KIA/incident/69120448PWT091048.HTM,48PWT091048,WT091048,UH-1D,66-00950,691204,191 AHC
,,AR,WAG3B0,,,TRUE,https://www.vhpa.org/KIA/incident/69120448PYV135065.HTM,48PYV135065,YV135065,AH-1G,67-15525,691204,B/2/20 ARA 1 CAV
,69120404.KIA,AR,WC3FAA,,,TRUE,https://www.vhpa.org/KIA/incident/69120404KIA.HTM,48PZT004302,ZT004302,UH-1H,68-15325,691204,68 AVN
,,AR,WDX9AA,,,TRUE,https://www.vhpa.org/KIA/incident/69120649PBR768467.HTM,49PBR768467,BR768467,UH-1B,64-14008,691206,238 AVN
,69120657.KIA,AR,WAX5AA,,"Hit by small arms fire, resulting in loss of power at a low altitude above thick jungle canopy.",TRUE,https://www.vhpa.org/KIA/incident/69120657KIA.HTM,48PZB036029,ZB036029,UH-1D,66-16699,691206,57 AHC
,,AR,WGZ6A0,,Rotor wash picked up rubber membrane that bent stabilizer into tail rotor. Tail rotor failure. Spinning aircraft struck revetment.,TRUE,https://www.vhpa.org/KIA/incident/69120748PWS018643.HTM,48PWS018643,WS018643,OH-6A,67-16673,691207,A/7/1 CAV
,,AR,WAAXD0,,,TRUE,https://www.vhpa.org/KIA/incident/69120748PXT491476.HTM,48PXT491476,XT491476,AH-1G,68-15114,691207,D/229 AVN
,,AR,WFJ8B0,,,TRUE,https://www.vhpa.org/KIA/incident/69120748QYD413967.HTM,48QYD413967,YD413967,AH-1G,68-15119,691207,B/4/77 ARA 101 ABN
,691209191ACD,AR,WGLEA0,,,TRUE,https://www.vhpa.org/KIA/incident/691209191ACD.HTM,49PBS508466,BS508466,UH-1H,68-16220,691209,A/123 AVN 23 INF
,,AR,WDYEAA,,,TRUE,https://www.vhpa.org/KIA/incident/69121049PAN830082.HTM,49PAN830082,AN830082,CH-47A,66-00109,691210,243 ASHC
,,AR,WFELAA,,,TRUE,https://www.vhpa.org/KIA/incident/69121048PXS039663.HTM,48PXS039663,XS039663,UH-1H,67-17836,691210,162 AHC
,,AR,WAGHAA,,,TRUE,https://www.vhpa.org/KIA/incident/69121148PXT816901.HTM,48PXT816901,XT816901,OH-6A,67-16662,691211,3 BDE 1 CAV
,69121212.KIA,AR,WAGTC0,,,TRUE,https://www.vhpa.org/KIA/incident/69121212KIA.HTM,48PYU269181,YU269181,OH-6A,67-16143,691212,C/1/9 CAV
,,AR,WAB0B0,,,TRUE,https://www.vhpa.org/KIA/incident/69121348QYC440997.HTM,48QYC440997,YC440997,UH-1H,67-17693,691213,B/2/17 CAV
,69121414.KIA,NA,WEAWLF,,Seawolf 313 Detachment 2 crashed during a low level recon killing AMS1 Larry R. Johnson.,FALSE,https://www.vhpa.org/KIA/incident/69121448PYS015690.HTM,48PYS015690,YS015690,UH-1B,63-08694,691214,HA(L)-3
,,AR,WAAMA0,,,TRUE,https://www.vhpa.org/KIA/incident/69121448PYS114834.HTM,48PYS114834,YS114834,OH-6A,67-16410,691214,A/3/17 CAV
,69121555.KIA,AR,WC44AA,,,TRUE,https://www.vhpa.org/KIA/incident/69121555KIA.HTM,49PBT585018,BT585018,UH-1H,68-16206,691215,176 AHC
,,AR,WAGTC0,,,TRUE,https://www.vhpa.org/KIA/incident/69121648PYT325978.HTM,48PYT325978,YT325978,OH-6A,66-07826,691216,C/1/9 CAV
,69121666.KIA,AR,WDX6AA,,,TRUE,https://www.vhpa.org/KIA/incident/69121666KIA.HTM,48PWR549593,WR549593,AH-1G,67-15799,691216,235 AVN
,,AR,WGPPAA,,,TRUE,https://www.vhpa.org/KIA/incident/69121748PXT729311.HTM,48PXT729311,XT729311,AH-1G,67-15839,691217,334 AHC
,69121919.KIA,AR,WAG3C0,,,TRUE,https://www.vhpa.org/KIA/incident/69121919KIA.HTM,48PXT562863,XT562863,AH-1G,67-15739,691219,C/2/20 ARA
,69122111.KIA,AR,WFJ4C0,,,TRUE,https://www.vhpa.org/KIA/incident/69122111KIA.HTM,48QYD024638,YD024638,UH-1D,66-16517,691221,C/158 AVN
,69122121.KIA,AR,WAGTA0,,,TRUE,https://www.vhpa.org/KIA/incident/69122121KIA.HTM,48PXT181843,XT181843,OH-6A,67-16142,691221,A/1/9 CAV
1539,69122216.TXT,AR,WAX5AA,,,TRUE,https://www.vhpa.org/KIA/incident/69122216TXT.HTM,48PYA678975,YA678975,UH-1C,66-00587,691222,57 AHC
,69122212.KIA,AR,WGPPAA,,,TRUE,https://www.vhpa.org/KIA/incident/69122212KIA.HTM,48QYD013345,YD013345,AH-1G,67-15812,691222,334 AHC
,,AR,WAX9AA,,,TRUE,https://www.vhpa.org/KIA/incident/69122248PXS714629.HTM,48PXS714629,XS714629,UH-1H,67-17739,691222,118 AHC
,,AR,WALND0,,,TRUE,https://www.vhpa.org/KIA/incident/69122448PXT693182.HTM,48PXT693182,XT693182,OH-6A,68-17285,691224,D/3/4 CAV
,,AR,WC3JAA,,,TRUE,https://www.vhpa.org/KIA/incident/69122649PCQ133915.HTM,49PCQ133915,CQ133915,UH-1B,62-02036,691226,129 AHC
,,AR,WAZNC0,,"Crashed while attempting to lift out a deer they had shot for a ""Christmas meal.""",TRUE,https://www.vhpa.org/KIA/incident/69122649PBS900204.HTM,49PBS900204,BS900204,OH-6A,66-17753,691226,C/7/17 CAV
,,AR,WFBDAA,,,TRUE,https://www.vhpa.org/KIA/incident/69122648PYT623114.HTM,48PYT623114,YT623114,OH-6A,67-16227,691226,199 BDE
,,AR,WGLLAA,,,TRUE,https://www.vhpa.org/KIA/incident/69122649PBT211170.HTM,49PBT211170,BT211170,OH-6A,67-16451,691226,DIV ART 23 INF
,,AR,WG20AA,,,TRUE,https://www.vhpa.org/KIA/incident/69122649PBT106338.HTM,49PBT106338,BT106338,OH-6A,68-17152,691226,F/8 CAV
,69122727.KIA,AR,WACJA0,,,TRUE,https://www.vhpa.org/KIA/incident/69122727KIA.HTM,48QYD617128,YD617128,OH-6A,67-16226,691227,A/377 ART 101 ABN
,691227101ACD,AR,WAAMC0,,,TRUE,https://www.vhpa.org/KIA/incident/691227101ACD.HTM,48PXT821109,XT821109,AH-1G,68-15065,691227,C/3/17 CAV
,,AR,WAGTA0,,,TRUE,https://www.vhpa.org/KIA/incident/69122948PXT163843.HTM,48PXT163843,XT163843,OH-6A,66-07882,691229,A/1/9 CAV
,69123030.KIA,AR,WAGTC0,,,TRUE,https://www.vhpa.org/KIA/incident/69123030KIA.HTM,48PYU232217,YU232217,OH-6A,67-16390,691230,C/1/9 CAV 1 CAV
,700102041ACD,AR,WAAVD0,,,TRUE,https://www.vhpa.org/KIA/incident/700102041ACD.HTM,48PWQ366985,WQ366985,UH-1M,66-00726,700102,D/227 AVN
,70010303.KIA,AR,WAGTA0,,,FALSE,https://www.vhpa.org/KIA/incident/70010303KIA.HTM,48PXT382772,XT382772,AH-1G,68-15138,700103,A/1/9 CAV
,700104111ACD,AR,WAGTC0,,,TRUE,https://www.vhpa.org/KIA/incident/700104111ACD.HTM,48PYT000571,YT000571,OH-6A,66-07829,700104,C/1/9 CAV
,,AR,WAX5AA,,,TRUE,https://www.vhpa.org/KIA/incident/70010448PYB764211.HTM,48PYB764211,YB764211,UH-1H,68-15690,700104,57 AHC
,,AR,WAX5AA,,,TRUE,https://www.vhpa.org/KIA/incident/70010448PYB764211.HTM,48PYB764211,YB764211,UH-1H,68-16403,700104,57 AHC
,,AR,WAGYAA,,,TRUE,https://www.vhpa.org/KIA/incident/70010548PXT381788.HTM,48PXT381788,XT381788,UH-1H,66-16733,700105,15 MED 1 CAV
,,AR,WAB0B0,,,TRUE,https://www.vhpa.org/KIA/incident/70010548QXD831323.HTM,48QXD831323,XD831323,OH-6A,67-16401,700105,B/2/17 CAV
,,AR,WC44AA,,,TRUE,https://www.vhpa.org/KIA/incident/70010649PBT247188.HTM,49PBT247188,BT247188,UH-1C,66-15073,700106,176 AHC
,,AR,WALZB0,,,TRUE,https://www.vhpa.org/KIA/incident/70010848PXT273604.HTM,48PXT273604,XT273604,UH-1C,66-00620,700108,B/25 AVN 25 INF
,70010808.KIA,AR,WAX7AA,,Crashed in the Mekong River.,TRUE,https://www.vhpa.org/KIA/incident/70010808KIA.HTM,48PWS620588,WS620588,UH-1H,66-16871,700108,114 AHC
,70010888.KIA,AR,WADPD0,,Shot down while supporting C/75 Infantry LRRP team 15 KM North of Nui Con Doi (hill 331) crashed and burned.,TRUE,https://www.vhpa.org/KIA/incident/70010888KIA.HTM,48PZT130414,ZT130414,OH-6A,67-16249,700108,D/2/1 CAV
,,AR,WAZNA0,,,TRUE,https://www.vhpa.org/KIA/incident/70010849PBR336471.HTM,49PBR336471,BR336471,OH-6A,67-16666,700108,A/7/17 CAV
1547,70011010.KIA,AR,WARTAA,,,TRUE,https://www.vhpa.org/KIA/incident/70011010KIA.HTM,49PBT239141,BT239141,UH-1C,66-00739,700110,71 AHC
,70011111.KIA,MC,,https://www.vhpa.org/pictures/153401.jpg,,TRUE,https://www.vhpa.org/KIA/incident/70011111KIA.HTM,49PBT045755,BT045755,CH-46D,153401,700111,HMM-263
,700111081ACD,AR,WC07AA,,,TRUE,https://www.vhpa.org/KIA/incident/700111081ACD.HTM,49PBR657695,BR657695,UH-1C,66-15151,700111,134 AHC
,,AR,WC3HAA,,,TRUE,https://www.vhpa.org/KIA/incident/70011148PXT857164.HTM,48PXT857164,XT857164,UH-1H,67-17807,700111,128 AHC
,,AR,WAB0A0,,,TRUE,https://www.vhpa.org/KIA/incident/70011248QYD261068.HTM,48QYD261068,YD261068,OH-6A,67-16365,700112,A/2/17 CAV
,70011212.KIA,AR,WAAMB0,,,TRUE,https://www.vhpa.org/KIA/incident/70011212KIA.HTM,48PXS587591,XS587591,OH-6A,67-16371,700112,B/3/17 CAV
,,AR,WAL2AA,,,TRUE,https://www.vhpa.org/KIA/incident/70011249PBR897890.HTM,49PBR897890,BR897890,OH-6A,67-16503,700112,3 BDE 25 INF
,,AR,WAYCAA,,Downed by enemy fire during a gun run supporting TIGER SURPRISE on a night mission.,TRUE,https://www.vhpa.org/KIA/incident/70011448PWR914594.HTM,48PWR914594,WR914594,UH-1B,63-08553,700114,121 AHC
,,AR,WDUVAA,,,TRUE,https://www.vhpa.org/KIA/incident/70011448PYB781321.HTM,48PYB781321,YB781321,UH-1C,66-00533,700114,189 AHC
,70011414.KIA,AR,WAB3A0,,,TRUE,https://www.vhpa.org/KIA/incident/70011414KIA.HTM,48QYC458960,YC458960,UH-1H,67-17349,700114,A/101 AVN 101 ABN
,,AR,WC3EAA,,,TRUE,https://www.vhpa.org/KIA/incident/70011649PBN786990.HTM,49PBN786990,BN786990,UH-1D,66-16759,700116,48 AHC
,,AR,WAGTB0,,,TRUE,https://www.vhpa.org/KIA/incident/70011648PYT617796.HTM,48PYT617796,YT617796,OH-6A,66-17807,700116,B/1/9 CAV
,,AR,WAAMA0,,,TRUE,https://www.vhpa.org/KIA/incident/70011648PWR037556.HTM,48PWR037556,WR037556,OH-6A,67-16261,700116,A/3/17 CAV
,,AF,,,Dropped from US Army Crane when cable failed near Da Nang.,TRUE,https://www.vhpa.org/KIA/incident/70011749QBT023837.HTM,49QBT023837,BT023837,HH-3,66-13278,700117,
,,AR,WG2BAA,,,TRUE,https://www.vhpa.org/KIA/incident/70011748PXT708753.HTM,48PXT708753,XT708753,OH-6A,67-16352,700117,ACT/11 ACR
,70011717.KIA,AR,WG6LAA,,,FALSE,https://www.vhpa.org/KIA/incident/70011717KIA.HTM,48QXD745442,XD745442,OH-6A,67-16485,700117,24 CORP ARTY
,,AR,WGLEA0,,,TRUE,https://www.vhpa.org/KIA/incident/70011749PBT002597.HTM,49PBT002597,BT002597,OH-6A,68-17312,700117,A/123 AVN 23 INF
,,AR,WDYEAA,,,TRUE,https://www.vhpa.org/KIA/incident/70011849PBP305200.HTM,49PBP305200,BP305200,CH-47A,65-07988,700118,243 ASHC
,,AR,WAHBA0,,,TRUE,https://www.vhpa.org/KIA/incident/70011848PXT528439.HTM,48PXT528439,XT528439,UH-1H,68-15587,700118,A/1 AVN 1 INF
,,AR,WAAVD0,,,TRUE,https://www.vhpa.org/KIA/incident/70011948PYT216996.HTM,48PYT216996,YT216996,AH-1G,67-15756,700119,D/227 AVN
,70012020.KIA,AR,WG2BAA,,,TRUE,https://www.vhpa.org/KIA/incident/70012020KIA.HTM,48PXU923234,XU923234,OH-6A,66-07895,700120,ACT/11 ACR
,,AR,WAX6AA,,,TRUE,https://www.vhpa.org/KIA/incident/70012148QXD422375.HTM,48QXD422375,XD422375,UH-1H,67-17269,700121,92 AHC
,,AR,WAGTC0,,,TRUE,https://www.vhpa.org/KIA/incident/70012248PYU433053.HTM,48PYU433053,YU433053,OH-6A,67-16045,700122,C/1/9 CAV
,,AR,WAB0B0,,Pilot was shot in the head and the helicopter took several hits then crashed. Blues rescued the badly wounded pilot and observer.,FALSE,https://www.vhpa.org/KIA/incident/70012248QYC404996.HTM,48QYC404996,YC404996,OH-6A,67-16678,700122,B/2/17 CAV
,,AR,WAGYAA,,,TRUE,https://www.vhpa.org/KIA/incident/70012248PXT417770.HTM,48PXT417770,XT417770,UH-1H,67-17536,700122,15 MED 1 CAV
,,AR,WC5DAA,,,TRUE,https://www.vhpa.org/KIA/incident/70012449PBP987456.HTM,49PBP987456,BP987456,UH-1C,66-00647,700124,605 TC CO
,70012424.KIA,AR,WGZ6A0,,,TRUE,https://www.vhpa.org/KIA/incident/70012424KIA.HTM,48PWS948515,WS948515,UH-1H,67-17559,700124,A/7/1 CAV
,70012626.KIA,AR,WGPPAA,,,TRUE,https://www.vhpa.org/KIA/incident/70012626KIA.HTM,48PWS948515,WS948515,AH-1G,66-15274,700126,334 AHC
,,AR,WDUWAA,,,TRUE,https://www.vhpa.org/KIA/incident/70012848PXT985128.HTM,48PXT985128,XT985128,UH-1B,64-14056,700128,190 AHC
1552,70012850.KIA,AF,,,,TRUE,https://www.vhpa.org/KIA/incident/70012850KIA.HTM,48QWF582048,WF582048,HH-53B,66-14434,700128,40 ARRS
,,AR,WAAMA0,,,TRUE,https://www.vhpa.org/KIA/incident/70012848PWR878538.HTM,48PWR878538,WR878538,OH-6A,67-16445,700128,A/3/17 CAV
,70012812.KIA,AR,WAGTC0,,,TRUE,https://www.vhpa.org/KIA/incident/70012812KIA.HTM,48PYU542035,YU542035,AH-1G,68-17057,700128,C/1/9 CAV 1 CAV
,,AR,WAZNC0,,,TRUE,https://www.vhpa.org/KIA/incident/70012949PBS755039.HTM,49PBS755039,BS755039,OH-6A,67-16619,700129,C/7/17 CAV
,70013131.KIA,AR,WAB0B0,,,TRUE,https://www.vhpa.org/KIA/incident/70013131KIA.HTM,48QYC940910,YC940910,OH-6A,67-16223,700131,B/2/17 CAV
,70013142.KIA,AR,WALZB0,,,TRUE,https://www.vhpa.org/KIA/incident/70013142KIA.HTM,48PXT163714,XT163714,UH-1H,68-15462,700131,B/25 AVN 25 INF
,70013124.KIA,AR,WFJ4C0,,,TRUE,https://www.vhpa.org/KIA/incident/70013124KIA.HTM,48QYD491237,YD491237,UH-1H,68-15563,700131,C/158 AVN
,700131061ACD,AR,WAL0AA,,,TRUE,https://www.vhpa.org/KIA/incident/700131061ACD.HTM,48PXT146511,XT146511,OH-6A,68-17210,700131,1 BDE 25 INF
,,VF,WE4HAA,,,TRUE,https://www.vhpa.org/KIA/incident/70020049PCR017258.HTM,49PCR017258,CR017258,UH-1H,67-17548,700200,142 TC CO
,,VF,WCLSAA,,,TRUE,https://www.vhpa.org/KIA/incident/70020048PZC155492.HTM,48PZC155492,ZC155492,UH-1H,67-17563,700200,388 TC CO
,,VF,WDF2D0,,,TRUE,https://www.vhpa.org/KIA/incident/70020048PWR825760.HTM,48PWR825760,WR825760,UH-1H,68-16561,700200,D/3/5 CAV
,70020199.KIA,AR,WC3HAA,,"After an explosion from within the ship, control was lost and the aircraft turned over on its right side.  The gunner was trapped.",TRUE,https://www.vhpa.org/KIA/incident/70020199KIA.HTM,48PXT729292,XT729292,UH-1D,66-00981,700201,128 AHC
,,AF,,,,TRUE,https://www.vhpa.org/KIA/incident/70020348QXD562615.HTM,48QXD562615,XD562615,HH-3E,66-13288,700203,
,,AR,WGPQAA,,,TRUE,https://www.vhpa.org/KIA/incident/70020448PXS570167.HTM,48PXS570167,XS570167,UH-1B,62-02028,700204,335 AHC
,70020444.KIA,AR,WFJ4D0,,,TRUE,https://www.vhpa.org/KIA/incident/70020444KIA.HTM,48QYD056462,YD056462,AH-1G,68-15175,700204,D/158 AVN
1556,70020524.KIA,AR,WAB5AA,,,TRUE,https://www.vhpa.org/KIA/incident/70020524KIA.HTM,48QYD494093,YD494093,UH-1H,68-16441,700205,2 BDE 101 ABN
,700206191ACD,AR,WFJFAA,,Engine failure and a post crash fire.,TRUE,https://www.vhpa.org/KIA/incident/700206191ACD.HTM,49PBR999235,BR999235,UH-1H,68-16525,700206,281 AHC
,700208111ACD,AR,WFJ4A0,,,TRUE,https://www.vhpa.org/KIA/incident/700208111ACD.HTM,48QYD937169,YD937169,UH-1D,66-16848,700208,A/158 AVN
,,AR,WDU0AA,,,TRUE,https://www.vhpa.org/KIA/incident/70020848PYU050364.HTM,48PYU050364,YU050364,UH-1H,67-17443,700208,195 AHC
,700210211ACD,AR,WCLQAA,,,TRUE,https://www.vhpa.org/KIA/incident/700210211ACD.HTM,49QBT004727,BT004727,UH-1D,66-16664,700210,335 TC
,,AR,WAGTA0,,,TRUE,https://www.vhpa.org/KIA/incident/70021048PXT471863.HTM,48PXT471863,XT471863,OH-6A,67-16614,700210,A/1/9 CAV
,70021101.KIA,AR,WGZ6B0,https://www.vhpa.org/pictures/6607928.jpg,,TRUE,https://www.vhpa.org/KIA/incident/70021101KIA.HTM,48PWT765160,WT765160,OH-6A,66-07928,700211,B/7/1 CAV
,70021111.KIA,AR,WC4YAA,,,TRUE,https://www.vhpa.org/KIA/incident/70021111KIA.HTM,49PBR426452,BR426452,UH-1C,66-15093,700211,170 AHC
,,AR,WDYEAA,,,TRUE,https://www.vhpa.org/KIA/incident/70021149PBP458035.HTM,49PBP458035,BP458035,CH-47A,66-19095,700211,243 ASHC
,700212201ACD,AR,WAGGAA,,,TRUE,https://www.vhpa.org/KIA/incident/700212201ACD.HTM,48PXT857256,XT857256,OH-6A,67-16144,700212,2 BDE 1 CAV
,,AR,WDF2D0,,,TRUE,https://www.vhpa.org/KIA/incident/70021248PXR682744.HTM,48PXR682744,XR682744,OH-6A,68-17182,700212,D/3/5 CAV
,700213191ACD,AR,WAJ1A0,,,TRUE,https://www.vhpa.org/KIA/incident/700213191ACD.HTM,49PBR512279,BR512279,UH-1D,66-16413,700213,A/4 AVN 4 INF
,,AR,WAAGAA,,,TRUE,https://www.vhpa.org/KIA/incident/70021448QYD147805.HTM,48QYD147805,YD147805,OH-6A,66-07821,700214,11 GS 1 CAV
,700214111ACD,AR,WFJFAA,,Aircraft hit a tree crashed and burned while flying a low level sniffer mission.,TRUE,https://www.vhpa.org/KIA/incident/700214111ACD.HTM,49PBP959436,BP959436,UH-1H,66-17127,700214,281 AHC
,70021515.KIA,AR,WAAGAA,,,TRUE,https://www.vhpa.org/KIA/incident/70021515KIA.HTM,48PYS260798,YS260798,OH-6A,66-07879,700215,11 GS 1 CAV
,,AR,WACYD0,,,TRUE,https://www.vhpa.org/KIA/incident/70021549PBS475780.HTM,49PBS475780,BS475780,AH-1G,67-15686,700215,D/1/1 CAV
,,AR,WGZ6C0,,,TRUE,https://www.vhpa.org/KIA/incident/70021648PXR573467.HTM,48PXR573467,XR573467,OH-6A,67-16044,700216,C/7/1 CAV
,70021644.KIA,AR,,,,TRUE,https://www.vhpa.org/KIA/incident/70021644KIA.HTM,48PYT095000,YT095000,OH-6A,67-16090,700216,E/82 ARTY 1 CAV
,,AR,WDUYAA,,,TRUE,https://www.vhpa.org/KIA/incident/70021849PBP255222.HTM,49PBP255222,BP255222,UH-1H,67-17476,700218,192 AHC
,70021818.KIA,AR,WAAVA0,,,TRUE,https://www.vhpa.org/KIA/incident/70021818KIA.HTM,48PYU523220,YU523220,UH-1H,68-15251,700218,A/227 AVN
,,AR,WAAVA0,,,TRUE,https://www.vhpa.org/KIA/incident/70021848PXU885164.HTM,48PXU885164,XU885164,UH-1H,68-15735,700218,A/227 AVN
,,AR,WAHMD0,,,TRUE,https://www.vhpa.org/KIA/incident/70021848PXT747237.HTM,48PXT747237,XT747237,OH-6A,68-17304,700218,D/1/4 CAV
,,AR,WGPQAA,,,TRUE,https://www.vhpa.org/KIA/incident/70021948PYS040981.HTM,48PYS040981,YS040981,UH-1B,63-08685,700219,335 AHC
,,AR,WFJ8C0,,,TRUE,https://www.vhpa.org/KIA/incident/70021948QYD154086.HTM,48QYD154086,YD154086,AH-1G,68-15154,700219,C/4/77 ARA 101 ABN
,70021919.KIA,AR,WG20AA,,,TRUE,https://www.vhpa.org/KIA/incident/70021919KIA.HTM,49PBT122227,BT122227,UH-1H,68-16327,700219,F/8 CAV
,,AR,WDYEAA,,,FALSE,https://www.vhpa.org/KIA/incident/70022049PBP649606.HTM,49PBP649606,BP649606,CH-47A,66-19002,700220,243 ASHC
,,AR,WDYEAA,,,FALSE,https://www.vhpa.org/KIA/incident/70022049PBP649606.HTM,49PBP649606,BP649606,CH-47A,66-19002,700220,243 ASHC
,,AR,WAB0C0,,,TRUE,https://www.vhpa.org/KIA/incident/70022048QYD546072.HTM,48QYD546072,YD546072,OH-6A,67-16513,700220,C/2/17 CAV
,,AR,WDF1AA,,,TRUE,https://www.vhpa.org/KIA/incident/70022048PXS550739.HTM,48PXS550739,XS550739,UH-1H,68-15256,700220,3 BDE 9 INF
,,AR,WDUYAA,,,TRUE,https://www.vhpa.org/KIA/incident/70022148PZT256526.HTM,48PZT256526,ZT256526,UH-1C,64-14130,700221,192 AHC
,,,WDUYAA,,,FALSE,https://www.vhpa.org/KIA/incident/70022149PAN735493.HTM,49PAN735493,AN735493,UH-1H,68-15221,700221,192 AHC
,,AR,WG2BAA,,,TRUE,https://www.vhpa.org/KIA/incident/70022248PXU778196.HTM,48PXU778196,XU778196,UH-1H,67-17434,700222,ACT/11 ACR
,,AR,WFJ4D0,,,TRUE,https://www.vhpa.org/KIA/incident/70022248QYD936600.HTM,48QYD936600,YD936600,AH-1G,68-17029,700222,D/158 AVN
,70022333.KIA,AR,WC7ZAA,,,TRUE,https://www.vhpa.org/KIA/incident/70022333KIA.HTM,49PBP806475,BP806475,UH-1C,66-00518,700223,155 AHC
,70022444.KIA,AR,WAB0A0,,,TRUE,https://www.vhpa.org/KIA/incident/70022444KIA.HTM,48QXD866489,XD866489,OH-6A,67-16135,700224,A/2/17 CAV
,700225AA.KIA,AA,,,Aircraft crashed at V (Vientiane) Pad when the pilot allowed the rotor RPM to get too low while overloaded for the altitude.,FALSE,https://www.vhpa.org/KIA/incident/700225AAKIA.HTM,48QTG1696,TG1696,UH-34D,H-46,700225,AIR AMERICA LAOS
,,AR,WAB4AA,,,TRUE,https://www.vhpa.org/KIA/incident/70022648QYD100122.HTM,48QYD100122,YD100122,OH-6A,66-17816,700226,1 BDE 101 ABN
,70022778.KIA,AR,WGPRAA,,Shot down at night while looking to see if there were any survivors from 65-12885.  Three crew members picked up with one KIA.,TRUE,https://www.vhpa.org/KIA/incident/70022778KIA.HTM,48PWR658575,WR658575,UH-1C,65-09437,700227,336 AHC
,70022777.KIA,AR,WGPRAA,,,TRUE,https://www.vhpa.org/KIA/incident/70022777KIA.HTM,48PWR662572,WR662572,UH-1D,65-12885,700227,336 AHC
,,AR,WAB5AA,,,TRUE,https://www.vhpa.org/KIA/incident/70022748QYC797982.HTM,48QYC797982,YC797982,OH-6A,67-16473,700227,2 BDE 101 ABN
1564,70022828.KIA,VF,,,Destroy by enemy fire during a resupply/medevac mission to a Hatchet Force company during HALFBACK.,TRUE,https://www.vhpa.org/KIA/incident/70022828KIA.HTM,48PYB586188,YB586188,CH-34,55-04324,700228,VNAF
,,AR,WARTAA,,,TRUE,https://www.vhpa.org/KIA/incident/70022849PBT212207.HTM,49PBT212207,BT212207,UH-1C,66-00713,700228,71 AHC
,,VF,,,,TRUE,https://www.vhpa.org/KIA/incident/70030048PWT310431.HTM,48PWT310431,WT310431,UH-1H,67-17264,700300,
,,AR,WAZNC0,,,TRUE,https://www.vhpa.org/KIA/incident/70030149PBS576078.HTM,49PBS576078,BS576078,OH-6A,66-14403,700301,C/7/17 CAV
,,AR,WBSUAA,,,TRUE,https://www.vhpa.org/KIA/incident/70030148PXR061594.HTM,48PXR061594,XR061594,UH-1D,66-16464,700301,57 MED DET
,,AR,WDU0AA,,,TRUE,https://www.vhpa.org/KIA/incident/70030148PYU429569.HTM,48PYU429569,YU429569,UH-1H,68-15459,700301,195 AHC
,,AR,WAB3A0,,,TRUE,https://www.vhpa.org/KIA/incident/70030248QXD938342.HTM,48QXD938342,XD938342,UH-1D,66-01115,700302,A/101 AVN
,,AR,WAYAAA,,Lost power during extraction.,TRUE,https://www.vhpa.org/KIA/incident/70030249PBR484913.HTM,49PBR484913,BR484913,UH-1D,66-16273,700302,119 AHC
,70030202.KIA,AR,WAB0C0,,,TRUE,https://www.vhpa.org/KIA/incident/70030202KIA.HTM,48QYD633276,YD633276,OH-6A,66-17772,700302,C/2/17 CAV 101 ABN
,,AR,,,,TRUE,https://www.vhpa.org/KIA/incident/70030248PXT816901.HTM,48PXT816901,XT816901,CH-47B,66-19106,700302,228 ASHC
,,AR,WAGYAA,,,TRUE,https://www.vhpa.org/KIA/incident/70030248PYU359255.HTM,48PYU359255,YU359255,UH-1H,68-16470,700302,15 MED 1 CAV
,,AR,WDYBAA,,,TRUE,https://www.vhpa.org/KIA/incident/70030348PYT186000.HTM,48PYT186000,YT186000,UH-1C,66-15053,700303,240 AHC
,,AR,WAGTA0,,,TRUE,https://www.vhpa.org/KIA/incident/70030448PXT180990.HTM,48PXT180990,XT180990,OH-6A,67-16316,700304,A/1/9 CAV
,70030505.KIA,AR,WDU0AA,,,TRUE,https://www.vhpa.org/KIA/incident/70030505KIA.HTM,48PYU249402,YU249402,UH-1C,64-14120,700305,195 AHC
,,AR,WAAVD0,,,TRUE,https://www.vhpa.org/KIA/incident/70030548PXT926754.HTM,48PXT926754,XT926754,AH-1G,68-15098,700305,D/227 AVN
,,AR,WC08AA,,,TRUE,https://www.vhpa.org/KIA/incident/70030648PXS589186.HTM,48PXS589186,XS589186,UH-1H,68-15312,700306,135 AHC
,,AR,WACFAA,,,TRUE,https://www.vhpa.org/KIA/incident/70030648QYD511053.HTM,48QYD511053,YD511053,UH-1H,68-15385,700306,326 MED 101 ABN
,,AR,WDUVAA,,,TRUE,https://www.vhpa.org/KIA/incident/70030649PAR795478.HTM,49PAR795478,AR795478,UH-1H,68-16162,700306,189 AHC
1568,70030707.KIA,MC,,,Crashed in the ocean while serving as a chase for a VIP Huey. One Gunner survived,TRUE,https://www.vhpa.org/KIA/incident/70030707KIA.HTM,48QZD000065,ZD000065,CH-46A,154043,700307,HMM-263
,,AR,WDUXAA,,,TRUE,https://www.vhpa.org/KIA/incident/70030748PXS350480.HTM,48PXS350480,XS350480,UH-1C,66-00660,700307,191 AHC
,,AR,WAAMC0,,,TRUE,https://www.vhpa.org/KIA/incident/70030748PYT860061.HTM,48PYT860061,YT860061,OH-6A,67-16180,700307,C/3/17 CAV
,,AR,WAGFAA,,,TRUE,https://www.vhpa.org/KIA/incident/70030748PXT180990.HTM,48PXT180990,XT180990,OH-6A,67-16321,700307,1 BDE 1 CAV
,70030777.KIA,AR,WARTAA,,,TRUE,https://www.vhpa.org/KIA/incident/70030777KIA.HTM,49PBS473614,BS473614,UH-1H,68-16284,700307,71 AHC
,,AR,WAX6AA,,"Destroyed by a satchel charge at Flanders Field, Dong Ba Thin, RVN on 3/7/70.",TRUE,https://www.vhpa.org/KIA/incident/70030749PCP022289.HTM,49PCP022289,CP022289,UH-1H,68-16509,700307,92 AHC
,,AR,WC3JAA,,,TRUE,https://www.vhpa.org/KIA/incident/70030849PBR808983.HTM,49PBR808983,BR808983,UH-1D,66-16711,700308,129 AHC
,,AR,WAAXA0,,,TRUE,https://www.vhpa.org/KIA/incident/70030848PXU162009.HTM,48PXU162009,XU162009,UH-1H,68-15282,700308,A/229 AVN
,,AR,WAGTB0,,,TRUE,https://www.vhpa.org/KIA/incident/70030948PYU050235.HTM,48PYU050235,YU050235,OH-6A,67-16602,700309,B/1/9 CAV
,,AR,WGPPAA,,,TRUE,https://www.vhpa.org/KIA/incident/70030948PYU178162.HTM,48PYU178162,YU178162,AH-1G,68-15020,700309,334 AHC
,700310261ACD,AR,WDU0AA,,,TRUE,https://www.vhpa.org/KIA/incident/700310261ACD.HTM,48PYS387983,YS387983,UH-1D,66-16697,700310,195 AHC
,,AR,WAGFAA,,,TRUE,https://www.vhpa.org/KIA/incident/70031148PXT180990.HTM,48PXT180990,XT180990,OH-6A,66-17798,700311,1 BDE 1 CAV
,,AR,WDUWAA,,,TRUE,https://www.vhpa.org/KIA/incident/70031248PYT185185.HTM,48PYT185185,YT185185,UH-1D,65-09925,700312,190 AHC
,700312211ACD,AR,WC3HAA,,,TRUE,https://www.vhpa.org/KIA/incident/700312211ACD.HTM,48PYS425781,YS425781,UH-1D,66-01207,700312,128 AHC
,,AR,WAZNA0,,,TRUE,https://www.vhpa.org/KIA/incident/70031249PBR627801.HTM,49PBR627801,BR627801,OH-6A,66-17831,700312,A/7/17 CAV
,,AR,WBHEAA,,,TRUE,https://www.vhpa.org/KIA/incident/70031249PBS725685.HTM,49PBS725685,BS725685,UH-1H,67-17676,700312,68 MED DET
,,AR,WG2BAA,,,TRUE,https://www.vhpa.org/KIA/incident/70031248PXT164511.HTM,48PXT164511,XT164511,UH-1H,68-16239,700312,ACT/11 ACR
,70031212.KIA,AR,WG20AA,,,TRUE,https://www.vhpa.org/KIA/incident/70031212KIA.HTM,49PAT837249,AT837249,OH-6A,68-17179,700312,F/8 CAV
,,AR,WFELAA,,,TRUE,https://www.vhpa.org/KIA/incident/70031348PXR297982.HTM,48PXR297982,XR297982,UH-1C,66-00711,700313,162 AHC
,,VF,,,,TRUE,https://www.vhpa.org/KIA/incident/70031348PWR347611.HTM,48PWR347611,WR347611,UH-1,68-1424,700313,
,70031415.KIA,AF,,,Crashed in the jungle and destroyed while support LRRP mission. Suspect enemy ground fire caused the crash.,TRUE,https://www.vhpa.org/KIA/incident/70031415KIA.HTM,48PYU825887,YU825887,UH-1F,64-15491,700314,20 SOS
,700314211ACD,AR,WAAXB0,,,TRUE,https://www.vhpa.org/KIA/incident/700314211ACD.HTM,48PYT003110,YT003110,UH-1H,67-17785,700314,B/229 AVN
,,VF,,,,TRUE,https://www.vhpa.org/KIA/incident/70031549PBP149038.HTM,49PBP149038,BP149038,UH-1,,700315,
,70031515.KIA,AR,WAAVA0,,,TRUE,https://www.vhpa.org/KIA/incident/70031515KIA.HTM,48PYU267402,YU267402,UH-1D,66-01185,700315,A/227 AVN
,,VF,,,,TRUE,https://www.vhpa.org/KIA/incident/70031748PVR909740.HTM,48PVR909740,VR909740,UH-1,,700317,
,,VF,,,,TRUE,https://www.vhpa.org/KIA/incident/70031748PVR909740.HTM,48PVR909740,VR909740,UH-1,,700317,
,,VF,,,,TRUE,https://www.vhpa.org/KIA/incident/70031748PWR621999.HTM,48PWR621999,WR621999,UH-1,,700317,
,,AR,WG2BAA,,,TRUE,https://www.vhpa.org/KIA/incident/70031748PXT816901.HTM,48PXT816901,XT816901,OH-6A,67-16022,700317,ACT/11 ACR
,,AR,WAAMA0,,,TRUE,https://www.vhpa.org/KIA/incident/70031748PVR945574.HTM,48PVR945574,VR945574,OH-6A,67-16202,700317,A/3/17 CAV
,700317151ACD,AR,WC03AA,,,TRUE,https://www.vhpa.org/KIA/incident/700317151ACD.HTM,49PBT158360,BT158360,CH-47B,67-18442,700317,132 ASHC
,700317161ACD,AR,WGLEA0,,,TRUE,https://www.vhpa.org/KIA/incident/700317161ACD.HTM,49PBT428015,BT428015,UH-1H,68-16262,700317,A/123 AVN 23 INF
,,VF,,,,TRUE,https://www.vhpa.org/KIA/incident/70031849PCP042529.HTM,49PCP042529,CP042529,UH-1,66-570,700318,
,,AR,WAGTB0,,,TRUE,https://www.vhpa.org/KIA/incident/70031848PYU123290.HTM,48PYU123290,YU123290,OH-6A,67-16537,700318,B/1/9 CAV
,,AR,WGZ6B0,,,TRUE,https://www.vhpa.org/KIA/incident/70031848PWS986294.HTM,48PWS986294,WS986294,OH-6A,67-16588,700318,B/7/1 CAV
,,VF,,,,TRUE,https://www.vhpa.org/KIA/incident/70031849PCP042529.HTM,49PCP042529,CP042529,UH-1,68-050,700318,
,70031910.KIA,AF,,,Shot down during a training flight in a free fire area.,TRUE,https://www.vhpa.org/KIA/incident/70031910KIA.HTM,49PAP922981,AP922981,UH-1F,65-07944,700319,20 SOS
,,AR,WADPD0,,,TRUE,https://www.vhpa.org/KIA/incident/70031949PAN890616.HTM,49PAN890616,AN890616,OH-6A,67-16196,700319,D/2/1 CAV
,,AR,WADPD0,,,TRUE,https://www.vhpa.org/KIA/incident/70031949PAN890616.HTM,49PAN890616,AN890616,UH-1H,68-15250,700319,D/2/1 CAV
,,AR,WFJ5A0,,,TRUE,https://www.vhpa.org/KIA/incident/70032048QYD525311.HTM,48QYD525311,YD525311,CH-47C,67-18535,700320,A/159 AVN
1577,70032110.KIA,MC,,,,TRUE,https://www.vhpa.org/KIA/incident/70032110KIA.HTM,48QYC457733,YC457733,UH-1E,152427,700321,HML-167
,70032121.KIA,AR,WFJ4A0,,,TRUE,https://www.vhpa.org/KIA/incident/70032121KIA.HTM,48QYD526219,YD526219,UH-1H,67-17648,700321,A/158 AVN 101 ABN
,70032202.KIA,AR,WDUWAA,,"Helicopter hit by an RPG during a combat assault approximately 12 KM south of Tanh Linh.  (Note:  If this is correct, the UTM is wrong.)",TRUE,https://www.vhpa.org/KIA/incident/70032202KIA.HTM,48PYT930167,YT930167,UH-1D,65-09629,700322,190 AHC
,70032214.KIA,AR,WHZMAA,,,TRUE,https://www.vhpa.org/KIA/incident/70032214KIA.HTM,48PVR961617,VR961617,AH-1G,68-15070,700322,C/16 CAV
,,AR,WAX8AA,,,TRUE,https://www.vhpa.org/KIA/incident/70032248PYS132852.HTM,48PYS132852,YS132852,UH-1H,68-16454,700322,117 AHC
,,AR,WAL2AA,,,TRUE,https://www.vhpa.org/KIA/incident/70032248PXT693163.HTM,48PXT693163,XT693163,OH-6A,68-17293,700322,3 BDE 25 INF
,70032333.KIA,AR,WFJ8B0,,,TRUE,https://www.vhpa.org/KIA/incident/70032333KIA.HTM,48QYD737016,YD737016,AH-1G,67-15602,700323,B/4/77 ARA 101 ABN
,,AR,WAAMA0,,,TRUE,https://www.vhpa.org/KIA/incident/70032348PVR982666.HTM,48PVR982666,VR982666,OH-6A,68-17330,700323,A/3/17 CAV
,,AR,WAJ1B0,,,TRUE,https://www.vhpa.org/KIA/incident/70032449PBR460470.HTM,49PBR460470,BR460470,UH-1C,66-00516,700324,B/4 AVN 4 INF
,,AR,WAGHAA,,,TRUE,https://www.vhpa.org/KIA/incident/70032448PYT034976.HTM,48PYT034976,YT034976,OH-6A,67-16552,700324,3 BDE 1 CAV
1578,70032410.KIA,AR,WC4YAA,https://www.vhpa.org/pictures/6815262.jpg,,TRUE,https://www.vhpa.org/KIA/incident/70032410KIA.HTM,48PYB484003,YB484003,UH-1H,68-15262,700324,170 AHC
,,AR,WC41AA,,,TRUE,https://www.vhpa.org/KIA/incident/70032548PXT801403.HTM,48PXT801403,XT801403,UH-1D,66-00790,700325,173 AVN
,,AR,WAZNA0,,,TRUE,https://www.vhpa.org/KIA/incident/70032549PBR446710.HTM,49PBR446710,BR446710,UH-1H,68-15406,700325,A/7/17 CAV
,,AR,WAAMB0,,,TRUE,https://www.vhpa.org/KIA/incident/70032648PXS659739.HTM,48PXS659739,XS659739,OH-6A,67-16104,700326,B/3/17 CAV
,,AR,WAB3D0,,,TRUE,https://www.vhpa.org/KIA/incident/70032748QYD633257.HTM,48QYD633257,YD633257,AH-1G,67-15764,700327,D/101 AVN
,,AR,WACYD0,,,TRUE,https://www.vhpa.org/KIA/incident/70032749PAS900765.HTM,49PAS900765,AS900765,AH-1G,68-15024,700327,D/1/1 CAV
,70032727.KIA,AR,WDFHAA,,,TRUE,https://www.vhpa.org/KIA/incident/70032727KIA.HTM,48QYD293345,YD293345,OH-58A,68-16785,700327,520 TC BN
,,AR,WDX9AA,,,TRUE,https://www.vhpa.org/KIA/incident/70032849PCQ156376.HTM,49PCQ156376,CQ156376,UH-1B,63-08639,700328,238 AVN
,,AR,WC7ZAA,,,TRUE,https://www.vhpa.org/KIA/incident/70033049PBQ071312.HTM,49PBQ071312,BQ071312,UH-1C,65-09512,700330,155 AHC
,,AR,WAGYAA,,,TRUE,https://www.vhpa.org/KIA/incident/70033048PYU213365.HTM,48PYU213365,YU213365,UH-1H,68-15497,700330,15 MED 1 CAV
,70033111.KIA,AR,WGPQAA,,,TRUE,https://www.vhpa.org/KIA/incident/70033111KIA.HTM,48PXS479112,XS479112,UH-1H,68-16076,700331,335 AHC
,,AR,WDFHAA,,,TRUE,https://www.vhpa.org/KIA/incident/70033148PXT816901.HTM,48PXT816901,XT816901,UH-1H,69-15074,700331,520 TC BN
,,VF,WBHEAA,,,TRUE,https://www.vhpa.org/KIA/incident/70040048PXR060950.HTM,48PXR060950,XR060950,UH-1H,67-17629,700400,68 MED DET
,,AR,WG2BAA,,,TRUE,https://www.vhpa.org/KIA/incident/70040148PXT508918.HTM,48PXT508918,XT508918,OH-6A,67-16309,700401,ACT/11 ACR
,,AR,WADPD0,,,TRUE,https://www.vhpa.org/KIA/incident/70040149PBN253484.HTM,49PBN253484,BN253484,OH-6A,67-16574,700401,D/2/1 CAV
,,AR,WFJ8B0,,,TRUE,https://www.vhpa.org/KIA/incident/70040148QYD332051.HTM,48QYD332051,YD332051,AH-1G,68-15060,700401,B/4/77 ARA 101 ABN
,70040202.KIA,AR,WAYCAA,,,TRUE,https://www.vhpa.org/KIA/incident/70040202KIA.HTM,48PXS003681,XS003681,UH-1H,66-16991,700402,121 AHC
,,AR,WGPRAA,,,TRUE,https://www.vhpa.org/KIA/incident/70040348PWR439851.HTM,48PWR439851,WR439851,UH-1C,66-00549,700403,336 AHC
,,AR,WC4YAA,,,TRUE,https://www.vhpa.org/KIA/incident/70040348PXB883405.HTM,48PXB883405,XB883405,UH-1C,66-15166,700403,170 AHC
,,AR,WDUVAA,,,TRUE,https://www.vhpa.org/KIA/incident/70040348PYB906360.HTM,48PYB906360,YB906360,UH-1H,68-16409,700403,189 AHC
,,AR,WAZNB0,,,TRUE,https://www.vhpa.org/KIA/incident/70040448PYB998158.HTM,48PYB998158,YB998158,AH-1G,67-15609,700404,B/7/17 CAV
,70040505.KIA,AR,WG20AA,,,TRUE,https://www.vhpa.org/KIA/incident/70040505KIA.HTM,49PBT212207,BT212207,OH-6A,68-17151,700405,F/8 CAV
,,AR,WAKED0,,,TRUE,https://www.vhpa.org/KIA/incident/70040649PBR480452.HTM,49PBR480452,BR480452,UH-1H,66-16597,700406,D/1/10 CAV
,,AR,WAKED0,,,TRUE,https://www.vhpa.org/KIA/incident/70040649PBR467478.HTM,49PBR467478,BR467478,UH-1H,66-16603,700406,D/1/10 CAV
,,AR,WAKED0,,,TRUE,https://www.vhpa.org/KIA/incident/70040649PBR480452.HTM,49PBR480452,BR480452,UH-1H,66-16614,700406,D/1/10 CAV
,,AR,WAZNC0,,,TRUE,https://www.vhpa.org/KIA/incident/70040649PBR484876.HTM,49PBR484876,BR484876,OH-6A,67-16605,700406,C/7/17 CAV
,,AR,WAKED0,,,TRUE,https://www.vhpa.org/KIA/incident/70040649PBR467478.HTM,49PBR467478,BR467478,UH-1H,68-15339,700406,D/1/10 CAV
,,AR,WAX5AA,,,TRUE,https://www.vhpa.org/KIA/incident/70040649PBR484876.HTM,49PBR484876,BR484876,UH-1H,68-15559,700406,57 AHC
,,AR,WAX5AA,,,TRUE,https://www.vhpa.org/KIA/incident/70040649PBR484876.HTM,49PBR484876,BR484876,UH-1H,68-15569,700406,57 AHC
,,AR,WAKED0,,,TRUE,https://www.vhpa.org/KIA/incident/70040649PBR480452.HTM,49PBR480452,BR480452,OH-6A,68-17205,700406,D/1/10 CAV
,,AR,WFJFAA,,,TRUE,https://www.vhpa.org/KIA/incident/70040749PAR795478.HTM,49PAR795478,AR795478,UH-1C,65-09433,700407,281 AHC
,70040707.KIA,AR,WBSXAA,,,TRUE,https://www.vhpa.org/KIA/incident/70040707KIA.HTM,48PXT183308,XT183308,UH-1H,69-15038,700407,159 MED
,70040999.KIA,AR,WAGTB0,,,TRUE,https://www.vhpa.org/KIA/incident/70040999KIA.HTM,48PXU575822,XU575822,OH-6A,67-16556,700409,B/1/9 CAV
,,AR,WGPRAA,,,TRUE,https://www.vhpa.org/KIA/incident/70041148PXR006594.HTM,48PXR006594,XR006594,UH-1C,65-09417,700411,336 AHC
,70041100.BAT,AR,WAZNA0,,,TRUE,https://www.vhpa.org/KIA/incident/70041100BAT.HTM,48PYB854175,YB854175,OH-6A,65-12942,700411,A/7/17 CAV
,70041122.KIA,AR,WAZNC0,,,TRUE,https://www.vhpa.org/KIA/incident/70041122KIA.HTM,49PBR806651,BR806651,OH-6A,67-16573,700411,C/7/17 CAV
,,AR,WAYPAA,,,TRUE,https://www.vhpa.org/KIA/incident/70041149PBR860725.HTM,49PBR860725,BR860725,UH-1H,68-16298,700411,61 AHC
,,AR,WAB3A0,,,TRUE,https://www.vhpa.org/KIA/incident/70041248QYD581090.HTM,48QYD581090,YD581090,UH-1D,66-16465,700412,A/101 AVN
1593,70041230.KIA,AR,WAZNA0,,Was shot down during a VR mission east and south of Dak To.,TRUE,https://www.vhpa.org/KIA/incident/70041230KIA.HTM,48PYB853347,YB853347,OH-6A,67-16634,700412,A/7/17 CAV
,70041629.KIA,AR,WG2BAA,,,TRUE,https://www.vhpa.org/KIA/incident/70041629KIA.HTM,48PXT562863,XT562863,UH-1H,68-16387,700412,ACT/11 ACR
,,AR,WAAMC0,,,TRUE,https://www.vhpa.org/KIA/incident/70041248PYS241945.HTM,48PYS241945,YS241945,OH-58A,68-16848,700412,C/3/17 CAV
,,AR,WEAWLF,,,TRUE,https://www.vhpa.org/KIA/incident/70041348PVS345690.HTM,48PVS345690,VS345690,UH-1B,64-14031,700413,HA(L)-3
,,AR,WC3FAA,,,TRUE,https://www.vhpa.org/KIA/incident/70041348PYS042778.HTM,48PYS042778,YS042778,UH-1C,65-09439,700413,68 AVN
,70041313.KIA,AR,WFJ5B0,,,TRUE,https://www.vhpa.org/KIA/incident/70041313KIA.HTM,48QYD015595,YD015595,CH-47B,66-19101,700413,B/159 AVN
,,AR,WGZ6B0,,,TRUE,https://www.vhpa.org/KIA/incident/70041348PXS058534.HTM,48PXS058534,XS058534,OH-6A,67-16233,700413,B/7/1 CAV
,,AR,WAB5AA,,,TRUE,https://www.vhpa.org/KIA/incident/70041348QZD152043.HTM,48QZD152043,ZD152043,UH-1H,68-16319,700413,2 BDE 101 ABN
,70041522.KIA,AF,,,,TRUE,https://www.vhpa.org/KIA/incident/70041522KIA.HTM,48PYB905452,YB905452,HH-3E,66-13280,700415,37 ARRS
,70041525.KIA,AR,WAZNA0,,,TRUE,https://www.vhpa.org/KIA/incident/70041525KIA.HTM,48PYB923415,YB923415,OH-6A,67-16553,700415,A/7/17 CAV
1594,70041515.KIA,AR,WC4YAA,,,TRUE,https://www.vhpa.org/KIA/incident/70041515KIA.HTM,48PYB895442,YB895442,UH-1H,68-16203,700415,170 AHC
,70041555.KIA,AR,WAAXA0,,,TRUE,https://www.vhpa.org/KIA/incident/70041555KIA.HTM,48PWT999787,WT999787,UH-1H,68-16209,700415,A/229 AVN
,,AR,WAB0B0,,,TRUE,https://www.vhpa.org/KIA/incident/70041748QYC495831.HTM,48QYC495831,YC495831,OH-6A,67-16067,700417,B/2/17 CAV
,700417351ACD,AR,WALZA0,https://www.vhpa.org/pictures/6717706.jpg,,TRUE,https://www.vhpa.org/KIA/incident/700417351ACD.HTM,48PYT004054,YT004054,UH-1H,67-17706,700417,A/25 AVN 25 INF
,,AR,WAB0T0,,,TRUE,https://www.vhpa.org/KIA/incident/70041748QYD349143.HTM,48QYD349143,YD349143,UH-1H,67-19514,700417,HHT/2/17 CAV
,,AR,WFJ4D0,,,TRUE,https://www.vhpa.org/KIA/incident/70041748QYD317162.HTM,48QYD317162,YD317162,AH-1G,68-15082,700417,D/158 AVN
,,AR,WAYAAA,,Enemy fire caused fire and aircraft was destroyed after successful forced landing.,TRUE,https://www.vhpa.org/KIA/incident/70041848PYB906397.HTM,48PYB906397,YB906397,UH-1C,66-00639,700418,119 AHC
,,AR,WGCCAA,,,TRUE,https://www.vhpa.org/KIA/incident/70041849PAN867137.HTM,49PAN867137,AN867137,UH-1H,68-15488,700418,247 MED DET
,70041911.KIA,AR,WAYAAA,,"Sources indicate to the VHPA that this was the aircraft in which these 119th KIAs were flying. Details, please contact the VHPA.",TRUE,https://www.vhpa.org/KIA/incident/70041911KIA.HTM,49PAR900181,AR900181,UH-1H,66-16586,700419,119 AHC
,,AR,WARTAA,,,TRUE,https://www.vhpa.org/KIA/incident/70041949PBT155005.HTM,49PBT155005,BT155005,UH-1H,68-15225,700419,71 AHC
,70041919.KIA,AR,WC4YAA,,,TRUE,https://www.vhpa.org/KIA/incident/70041919KIA.HTM,48PYB905415,YB905415,UH-1H,68-16578,700419,170 AHC
,,AR,WACYD0,,,TRUE,https://www.vhpa.org/KIA/incident/70041949PBS477964.HTM,49PBS477964,BS477964,OH-6A,68-17278,700419,D/1/1 CAV
,,AR,WALZB0,,,TRUE,https://www.vhpa.org/KIA/incident/70042148PXT164511.HTM,48PXT164511,XT164511,UH-1C,65-09524,700421,B/25 AVN 25 INF
,70042121.KIA,AR,WE4HAA,,,TRUE,https://www.vhpa.org/KIA/incident/70042121KIA.HTM,48PYT221203,YT221203,OH-6A,67-16396,700421,142 TC CO
,,AR,WC5CAA,,,TRUE,https://www.vhpa.org/KIA/incident/70042148PYB888415.HTM,48PYB888415,YB888415,UH-1H,69-15093,700421,604 TC CO
,,AR,WAB6AA,,,TRUE,https://www.vhpa.org/KIA/incident/70042248QYC423959.HTM,48QYC423959,YC423959,OH-6A,67-16190,700422,3 BDE 101 ABN
,70042222.KIA,AR,WAGTT0,,,TRUE,https://www.vhpa.org/KIA/incident/70042222KIA.HTM,48PXT417789,XT417789,OH-6A,68-17156,700422,HHT/1/9 CAV
1603,70042310.KIA,AR,WG20AA,,,TRUE,https://www.vhpa.org/KIA/incident/70042310KIA.HTM,48PZC113153,ZC113153,AH-1G,67-15612,700423,F/8 CAV
,,AR,WBSZAA,,,TRUE,https://www.vhpa.org/KIA/incident/70042348QYD915427.HTM,48QYD915427,YD915427,UH-1H,67-17763,700423,283 MED DET
,,AR,WDF2D0,,,TRUE,https://www.vhpa.org/KIA/incident/70042348PWS113113.HTM,48PWS113113,WS113113,AH-1G,68-15005,700423,D/3/5 CAV
,70042488.KIA,AR,WC4YAA,,,TRUE,https://www.vhpa.org/KIA/incident/70042488KIA.HTM,48PYB887433,YB887433,UH-1H,67-17232,700424,170 AHC
,70042555.KIA,AR,WDUVAA,,,TRUE,https://www.vhpa.org/KIA/incident/70042555KIA.HTM,48PYB887433,YB887433,UH-1C,66-15158,700425,189 AHC
,70042525.KIA,AR,WC44AA,,Helicopter hit by small arms fire on liftoff from an LZ causing the tail rotor to hit a tree which caused the helicopter to crash.,TRUE,https://www.vhpa.org/KIA/incident/70042525KIA.HTM,49PBS189857,BS189857,UH-1H,68-15376,700425,176 AHC
,700426121ACD,AR,WFELAA,,,TRUE,https://www.vhpa.org/KIA/incident/700426121ACD.HTM,48PXS423517,XS423517,UH-1C,66-15214,700426,162 AHC
,70042777.KIA,AR,WFJFAA,,,TRUE,https://www.vhpa.org/KIA/incident/70042777KIA.HTM,49PBR064327,BR064327,UH-1D,66-00870,700427,281 AHC
,70042727.KIA,AR,WACYD0,,,TRUE,https://www.vhpa.org/KIA/incident/70042727KIA.HTM,49PBS548908,BS548908,OH-6A,67-16023,700427,D/1/1 CAV
,,AR,WG2BAA,,,TRUE,https://www.vhpa.org/KIA/incident/70042748PXT399881.HTM,48PXT399881,XT399881,OH-6A,67-16458,700427,ACT/11 ACR
,70042999.KIA,AR,WAB6AA,,,TRUE,https://www.vhpa.org/KIA/incident/70042999KIA.HTM,48QYD367162,YD367162,OH-6A,66-07843,700429,3 BDE 101 ABN
,,AR,WDPCAA,,,TRUE,https://www.vhpa.org/KIA/incident/70042949PBS777482.HTM,49PBS777482,BS777482,OH-6A,67-16024,700429,11 BDE
,,AR,WARTAA,,,TRUE,https://www.vhpa.org/KIA/incident/70043049PAT908211.HTM,49PAT908211,AT908211,UH-1C,65-12772,700430,71 AHC
,70043044.KIA,AR,WBMZAA,,,TRUE,https://www.vhpa.org/KIA/incident/70043044KIA.HTM,48PZT006062,ZT006062,UH-1D,66-16793,700430,45 MED
,,AR,WFJ4D0,,,TRUE,https://www.vhpa.org/KIA/incident/70043048QYD309549.HTM,48QYD309549,YD309549,AH-1G,67-15635,700430,D/158 AVN
,,AR,WAB0B0,,,TRUE,https://www.vhpa.org/KIA/incident/70043048QYD474126.HTM,48QYD474126,YD474126,OH-6A,67-16039,700430,B/2/17 CAV
,70043022.KIA,AR,WAZNB0,,,TRUE,https://www.vhpa.org/KIA/incident/70043022KIA.HTM,48PZB106196,ZB106196,OH-6A,67-16126,700430,B/7/17 CAV
,70043033.KIA,AR,WAB0B0,,,TRUE,https://www.vhpa.org/KIA/incident/70043033KIA.HTM,48QYD474144,YD474144,OH-6A,67-16431,700430,B/2/17 CAV
,,AR,WAGFAA,,,TRUE,https://www.vhpa.org/KIA/incident/70043048PXT018732.HTM,48PXT018732,XT018732,OH-6A,68-17350,700430,1 BDE 1 CAV
,,VF,,,,TRUE,https://www.vhpa.org/KIA/incident/70050048PWS271930.HTM,48PWS271930,WS271930,UH-1H,67-17433,700500,
,,VF,,,,TRUE,https://www.vhpa.org/KIA/incident/70050049PCP020380.HTM,49PCP020380,CP020380,UH-1H,68-15701,700500,
,,VF,,,,TRUE,https://www.vhpa.org/KIA/incident/70050048QYD761215.HTM,48QYD761215,YD761215,UH-1,70-16858,700500,
,,AR,WD64AA,,,TRUE,https://www.vhpa.org/KIA/incident/70050149PAT904244.HTM,49PAT904244,AT904244,UH-1H,67-17618,700501,236 MED DET
,,AR,WD64AA,,,TRUE,https://www.vhpa.org/KIA/incident/70050149PAT913617.HTM,49PAT913617,AT913617,UH-1H,67-17622,700501,236 MED DET
,,AR,WAAVB0,,,TRUE,https://www.vhpa.org/KIA/incident/70050148PXT673513.HTM,48PXT673513,XT673513,UH-1H,68-15740,700501,B/227 AVN
,,AR,WG2BAA,,,TRUE,https://www.vhpa.org/KIA/incident/70050248PXT471973.HTM,48PXT471973,XT471973,AH-1G,68-15121,700502,ACT/11 ACR
,,AR,WARTAA,,,TRUE,https://www.vhpa.org/KIA/incident/70050249PAT926266.HTM,49PAT926266,AT926266,UH-1H,68-16201,700502,71 AHC
,,AR,WAAVC0,,,TRUE,https://www.vhpa.org/KIA/incident/70050248PXU906141.HTM,48PXU906141,XU906141,UH-1H,68-16494,700502,C/227 AVN
1610,70050224.KIA,AR,WAAXB0,,,TRUE,https://www.vhpa.org/KIA/incident/70050224KIA.HTM,48PXU243013,XU243013,UH-1H,68-16512,700502,B/229 AVN
,70050222.KIA,AR,WAGTA0,,,TRUE,https://www.vhpa.org/KIA/incident/70050222KIA.HTM,48PXT416991,XT416991,OH-6A,68-17214,700502,A/1/9 CAV
,,AR,WBSUAA,,,TRUE,https://www.vhpa.org/KIA/incident/70050348PWS091367.HTM,48PWS091367,WS091367,UH-1D,66-16462,700503,57 MED DET
,,AR,WDF2D0,,,TRUE,https://www.vhpa.org/KIA/incident/70050348PWR530814.HTM,48PWR530814,WR530814,AH-1G,67-15545,700503,D/3/5 CAV
,,AR,,,,TRUE,https://www.vhpa.org/KIA/incident/70050349PAN794064.HTM,49PAN794064,AN794064,OH-6A,67-16169,700503,7 CORPS SPT COM
,,AR,WC5EAA,,,TRUE,https://www.vhpa.org/KIA/incident/70050349PAN794064.HTM,49PAN794064,AN794064,OH-6A,67-16173,700503,608 TC CO
,,AR,WC5EAA,,,TRUE,https://www.vhpa.org/KIA/incident/70050349PAN794064.HTM,49PAN794064,AN794064,OH-6A,67-16463,700503,608 TC CO
,,AR,,,,TRUE,https://www.vhpa.org/KIA/incident/70050349PAN794064.HTM,49PAN794064,AN794064,OH-6A,67-16474,700503,7 CORPS SPT COM
,,AR,,,,TRUE,https://www.vhpa.org/KIA/incident/70050349PAN794064.HTM,49PAN794064,AN794064,UH-1H,67-17333,700503,7 CORPS SPT COM
,,AR,,,,FALSE,https://www.vhpa.org/KIA/incident/70050349PAN794064.HTM,49PAN794064,AN794064,UH-1H,67-17343,700503,7 CORPS SPT COM
,,AR,WFJ8B0,,,TRUE,https://www.vhpa.org/KIA/incident/70050348QYD812149.HTM,48QYD812149,YD812149,AH-1G,68-15050,700503,B/4/77 ARA 101 ABN
,,AR,WFJ8B0,,,TRUE,https://www.vhpa.org/KIA/incident/70050348QYD812149.HTM,48QYD812149,YD812149,AH-1G,68-15107,700503,B/4/77 ARA 101 ABN
,,AR,WFJ8B0,,,TRUE,https://www.vhpa.org/KIA/incident/70050348QYD812149.HTM,48QYD812149,YD812149,AH-1G,68-15141,700503,B/4/77 ARA 101 ABN
,,AR,WACYD0,,,TRUE,https://www.vhpa.org/KIA/incident/70050349PAT908266.HTM,49PAT908266,AT908266,AH-1G,68-15162,700503,D/1/1 CAV
,,AR,WHZMAA,,,TRUE,https://www.vhpa.org/KIA/incident/70050348PWR091335.HTM,48PWR091335,WR091335,OH-6A,68-17349,700503,C/16 CAV
,,AR,WC5EAA,,,TRUE,https://www.vhpa.org/KIA/incident/70050349PAN794064.HTM,49PAN794064,AN794064,OH-6A,69-15965,700503,608 TC CO
,700504352ACD,AR,WFJ8B0,,,TRUE,https://www.vhpa.org/KIA/incident/700504352ACD.HTM,48QYD474108,YD474108,AH-1G,67-15620,700504,B/4/77 ARA 101 ABN
,,AR,WAAWC0,,,TRUE,https://www.vhpa.org/KIA/incident/70050448PXT985128.HTM,48PXT985128,XT985128,CH-47B,67-18480,700504,C/228 AVN
,,AR,WALND0,,,TRUE,https://www.vhpa.org/KIA/incident/70050448QYD475113.HTM,48QYD475113,YD475113,UH-1H,68-16224,700504,D/3/4 CAV
,70050545.KIA,AR,WC3GAA,,,TRUE,https://www.vhpa.org/KIA/incident/70050545KIA.HTM,48PXT564568,XT564568,UH-1C,64-14189,700505,116 AHC
,,AR,WAX5AA,,,TRUE,https://www.vhpa.org/KIA/incident/70050548PYA791436.HTM,48PYA791436,YA791436,UH-1C,66-00656,700505,57 AHC
,70050566.KIA,AR,WFJ4D0,,,TRUE,https://www.vhpa.org/KIA/incident/70050566KIA.HTM,48QYD128761,YD128761,AH-1G,67-15634,700505,D/158 AVN
,70050505.KIA,AR,WAZNC0,,Shot down almost immediately after crossing into Cambodia. Observer died immediately. Pilot rescued.,TRUE,https://www.vhpa.org/KIA/incident/70050505KIA.HTM,48PYA631250,YA631250,OH-6A,67-16554,700505,C/7/17 CAV
,70050599.KIA,AR,WFJ5B0,,,TRUE,https://www.vhpa.org/KIA/incident/70050599KIA.HTM,48QYD399298,YD399298,CH-47B,67-18435,700505,B/159 AVN
,,AR,WDU0AA,,,TRUE,https://www.vhpa.org/KIA/incident/70050548PXT816901.HTM,48PXT816901,XT816901,UH-1H,68-15525,700505,195 AHC
,70050666.KIA,AR,WFJ4C0,,,TRUE,https://www.vhpa.org/KIA/incident/70050666KIA.HTM,48QXD973379,XD973379,UH-1D,66-16707,700506,C/158 AVN
,70050606.KIA,AR,WAGTC0,,,TRUE,https://www.vhpa.org/KIA/incident/70050606KIA.HTM,48PXU959418,XU959418,OH-6A,67-16115,700506,C/1/9 CAV
,70050611.KIA,AR,WALZB0,,,TRUE,https://www.vhpa.org/KIA/incident/70050611KIA.HTM,48PXT657145,XT657145,AH-1G,68-15043,700506,B/25 AVN 25 INF
,70050622.KIA,AR,WAX6AA,,,TRUE,https://www.vhpa.org/KIA/incident/70050622KIA.HTM,48PYA483617,YA483617,UH-1H,68-15412,700506,92 AHC
1612,70050610.KIA,AR,WFJ4B0,,,TRUE,https://www.vhpa.org/KIA/incident/70050610KIA.HTM,48QXD968382,XD968382,UH-1H,68-15663,700506,B/158 AVN
,,AR,WAGTC0,,,TRUE,https://www.vhpa.org/KIA/incident/70050648PXU959418.HTM,48PXU959418,XU959418,UH-1H,68-16234,700506,C/1/9 CAV
,,AR,WFJ4B0,,,TRUE,https://www.vhpa.org/KIA/incident/70050648QYD044380.HTM,48QYD044380,YD044380,UH-1H,68-16548,700506,B/158 AVN
,,AR,WAAMA0,,,TRUE,https://www.vhpa.org/KIA/incident/70050748PWT909639.HTM,48PWT909639,WT909639,OH-6A,67-16285,700507,A/3/17 CAV
,,AR,WAAMA0,,,TRUE,https://www.vhpa.org/KIA/incident/70050748PWT946529.HTM,48PWT946529,WT946529,OH-6A,67-16337,700507,A/3/17 CAV
,70050707.KIA,AR,WAYPAA,,,TRUE,https://www.vhpa.org/KIA/incident/70050707KIA.HTM,48PYA719417,YA719417,UH-1H,68-16396,700507,61 AHC
,,AR,WEAWLF,,,TRUE,https://www.vhpa.org/KIA/incident/70050848PWS396862.HTM,48PWS396862,WS396862,UH-1B,63-08643,700508,HA(L)-3
,,AR,WAX6AA,,,TRUE,https://www.vhpa.org/KIA/incident/70050849PAR848403.HTM,49PAR848403,AR848403,UH-1H,68-16120,700508,92 AHC
,,AR,WAGFAA,,,TRUE,https://www.vhpa.org/KIA/incident/70050848PXT398991.HTM,48PXT398991,XT398991,OH-6A,68-17292,700508,1 BDE 1 CAV
,70050888.KIA,AR,WALZA0,,,TRUE,https://www.vhpa.org/KIA/incident/70050888KIA.HTM,48PXT490715,XT490715,UH-1H,69-15058,700508,A/25 AVN 25 INF
,70050911.KIA,AR,WDUVAA,,Shot down near LZ Gypsy 14 KM W-SW of Pleiku City with a camera crew on board.,TRUE,https://www.vhpa.org/KIA/incident/70050911KIA.HTM,48PZA101451,ZA101451,UH-1D,65-10079,700509,189 AHC
,,AR,WC42AA,,,TRUE,https://www.vhpa.org/KIA/incident/70050949PBS478606.HTM,49PBS478606,BS478606,UH-1C,66-00590,700509,174 AHC
1616,70050909.KIA,AR,WDUXAA,,,TRUE,https://www.vhpa.org/KIA/incident/70050909KIA.HTM,48PXR320920,XR320920,UH-1C,66-15148,700509,191 AHC
,70050999.KIA,AR,WAAXD0,,,TRUE,https://www.vhpa.org/KIA/incident/70050999KIA.HTM,48PXT506998,XT506998,AH-1G,68-15184,700509,D/229 AVN
,,AR,WAAVB0,,,TRUE,https://www.vhpa.org/KIA/incident/70050948PYU121530.HTM,48PYU121530,YU121530,UH-1H,68-16316,700509,B/227 AVN
,70051055.KIA,AR,WD65AA,,,TRUE,https://www.vhpa.org/KIA/incident/70051055KIA.HTM,48QYD025564,YD025564,UH-1H,67-17673,700510,237 MED DET
,70051011.KIA,AR,WGZ6C0,,,TRUE,https://www.vhpa.org/KIA/incident/70051011KIA.HTM,48PWT309435,WT309435,UH-1H,68-16599,700510,C/7/1 CAV
,,AR,WAB0A0,,,TRUE,https://www.vhpa.org/KIA/incident/70051148QYD117270.HTM,48QYD117270,YD117270,OH-6A,66-07844,700511,A/2/17 CAV
,,AR,WALND0,,,TRUE,https://www.vhpa.org/KIA/incident/70051148PXU143119.HTM,48PXU143119,XU143119,AH-1G,67-15858,700511,D/3/4 CAV
,,AR,,,,TRUE,https://www.vhpa.org/KIA/incident/70051148QYD563164.HTM,48QYD563164,YD563164,CH-47C,67-18508,700511,159 ASHC
,,AR,WDUVAA,,,TRUE,https://www.vhpa.org/KIA/incident/70051248PYB887452.HTM,48PYB887452,YB887452,UH-1D,66-01061,700512,189 AHC
,,AR,WC4YAA,,,TRUE,https://www.vhpa.org/KIA/incident/70051248PYB917445.HTM,48PYB917445,YB917445,UH-1H,68-15447,700512,170 AHC
,70051212.KIA,AR,WAZVAA,,,TRUE,https://www.vhpa.org/KIA/incident/70051212KIA.HTM,48PZA097458,ZA097458,UH-1H,68-16342,700512,937 ENG
,,AR,WGLEB0,,,TRUE,https://www.vhpa.org/KIA/incident/70051249PBS581613.HTM,49PBS581613,BS581613,OH-6A,68-17313,700512,B/123 AVN 23 INF
,,AR,WGPRAA,,,TRUE,https://www.vhpa.org/KIA/incident/70051248PWR037500.HTM,48PWR037500,WR037500,UH-1H,69-15151,700512,336 AHC
,700513211ACD,AR,WC42AA,,Engine failure 1 KM southwest of Mo Duc Airfield.,TRUE,https://www.vhpa.org/KIA/incident/700513211ACD.HTM,49PBS724537,BS724537,UH-1C,66-00662,700513,174 AHC
,70051313.KIA,AR,WC42AA,,,TRUE,https://www.vhpa.org/KIA/incident/70051313KIA.HTM,49PBS581613,BS581613,UH-1H,67-17588,700513,174 AHC
,700513251ACD,AR,WC5LAA,,,TRUE,https://www.vhpa.org/KIA/incident/700513251ACD.HTM,48PYA881455,YA881455,CH-47C,68-15837,700513,180 ASHC
,70051444.KIA,AR,WAGTA0,,,TRUE,https://www.vhpa.org/KIA/incident/70051444KIA.HTM,48PXU253009,XU253009,OH-6A,67-16199,700514,A/1/9 CAV
,700514171ACD,AR,WDUTAA,,,TRUE,https://www.vhpa.org/KIA/incident/700514171ACD.HTM,48PXT305220,XT305220,UH-1H,67-17767,700514,187 AHC
,70051414.KIA,AR,WC3GAA,,,TRUE,https://www.vhpa.org/KIA/incident/70051414KIA.HTM,48PWT963695,WT963695,UH-1H,68-16205,700514,116 AHC
,70051515.KIA,AR,WAAXC0,,,TRUE,https://www.vhpa.org/KIA/incident/70051515KIA.HTM,48PYU067401,YU067401,UH-1H,68-15728,700515,C/229 AVN
,,AR,WAGYAA,,,TRUE,https://www.vhpa.org/KIA/incident/70051648PYU104401.HTM,48PYU104401,YU104401,UH-1H,68-16465,700516,15 MED 1 CAV
,,AR,WARTAA,,,TRUE,https://www.vhpa.org/KIA/incident/70051749PAT890267.HTM,49PAT890267,AT890267,UH-1H,67-17497,700517,71 AHC
,70051721.KIA,AR,WFJ5B0,,,TRUE,https://www.vhpa.org/KIA/incident/70051721KIA.HTM,48QYD418384,YD418384,CH-47C,67-18497,700517,B/159 ASHB 101 ABN
,,AR,WC5GAA,,,TRUE,https://www.vhpa.org/KIA/incident/70051748QYD348291.HTM,48QYD348291,YD348291,UH-1H,69-15212,700517,610 TC CO
,,AR,WAB0C0,,,TRUE,https://www.vhpa.org/KIA/incident/70051848QYD974040.HTM,48QYD974040,YD974040,OH-6A,67-16236,700518,C/2/17 CAV
,70051818.KIA,AR,WFJ4C0,,,TRUE,https://www.vhpa.org/KIA/incident/70051818KIA.HTM,48QYD296161,YD296161,UH-1H,68-16375,700518,C/158 AVN
,70051999.KIA,AR,WC08AA,,Shot down in a quad 50 trap. The entire crew of four was killed.,TRUE,https://www.vhpa.org/KIA/incident/70051999KIA.HTM,48PWS201496,WS201496,UH-1C,66-00527,700519,135 AHC
,,AR,WARTAA,,,TRUE,https://www.vhpa.org/KIA/incident/70052049PAT890230.HTM,49PAT890230,AT890230,UH-1H,68-16100,700520,71 AHC
,,AR,WHB1AA,,,TRUE,https://www.vhpa.org/KIA/incident/70052148PYC486075.HTM,48PYC486075,YC486075,OH-6A,66-07897,700521,166 TC DET
,,AR,WAGGAA,,,TRUE,https://www.vhpa.org/KIA/incident/70052148PYU139549.HTM,48PYU139549,YU139549,OH-6A,67-16149,700521,2 BDE 1 CAV
,,AR,WAB0B0,,,TRUE,https://www.vhpa.org/KIA/incident/70052148QYD510108.HTM,48QYD510108,YD510108,OH-6A,67-16229,700521,B/2/17 CAV
,70052111.KIA,AR,WAG7E0,,,TRUE,https://www.vhpa.org/KIA/incident/70052111KIA.HTM,48PYU086382,YU086382,OH-6A,67-16454,700521,E/82 ARTY 1 CAV
,,AR,WAB0A0,,,TRUE,https://www.vhpa.org/KIA/incident/70052148QXD779248.HTM,48QXD779248,XD779248,OH-6A,67-16606,700521,A/2/17 CAV
,70052122.KIA,AR,WALND0,,,TRUE,https://www.vhpa.org/KIA/incident/70052122KIA.HTM,48PXT398936,XT398936,OH-6A,68-17321,700521,D/3/4 CAV
,,AR,WGZ6A0,,,TRUE,https://www.vhpa.org/KIA/incident/70052248PWT291048.HTM,48PWT291048,WT291048,OH-6A,67-16603,700522,A/7/1 CAV
,700522211ACD,AR,WAAVC0,,,TRUE,https://www.vhpa.org/KIA/incident/700522211ACD.HTM,48PYU356587,YU356587,UH-1H,67-17226,700522,C/227 AVN
,70052222.KIA,AR,WFBFAA,,"Received between 10 and 20 rounds of small arms fire, crashed and burned.  FO survived.",TRUE,https://www.vhpa.org/KIA/incident/70052222KIA.HTM,49PBS459891,BS459891,OH-6A,68-17354,700522,198 BDE
,700523121ACD,AR,WAB0C0,,,TRUE,https://www.vhpa.org/KIA/incident/700523121ACD.HTM,48QZD117042,ZD117042,OH-6A,66-07889,700523,C/2/17 CAV
,70052344.KIA,AR,WFJ4B0,,,TRUE,https://www.vhpa.org/KIA/incident/70052344KIA.HTM,48QXD903268,XD903268,UH-1H,68-15628,700523,B/158 AVN
,70052333.KIA,AR,WAAVC0,,,TRUE,https://www.vhpa.org/KIA/incident/70052333KIA.HTM,48PYU356587,YU356587,UH-1H,68-16300,700523,C/227 AVN
,70052419.BAT,AR,WAYAAA,,Shot down by ARVN 105 fire while relocating troops from the 47th ARVN Regt to a new LZ.,TRUE,https://www.vhpa.org/KIA/incident/70052419BAT.HTM,48PYA740159,YA740159,UH-1D,66-16834,700524,119 AHC
,,AR,WAGYAA,,,TRUE,https://www.vhpa.org/KIA/incident/70052448PYU106051.HTM,48PYU106051,YU106051,UH-1H,67-17485,700524,15 MED 1 CAV
,70052424.KIA,AR,WAGYAA,,,TRUE,https://www.vhpa.org/KIA/incident/70052424KIA.HTM,48PXU507010,XU507010,UH-1H,69-15121,700524,15 MED 1 CAV
,,AR,WFJ4B0,,,TRUE,https://www.vhpa.org/KIA/incident/70052548QXD850267.HTM,48QXD850267,XD850267,UH-1H,67-17654,700525,B/158 AVN
,,AR,WC7ZAA,,,TRUE,https://www.vhpa.org/KIA/incident/70052648PYU626866.HTM,48PYU626866,YU626866,UH-1H,68-15310,700526,155 AHC
,,AR,WAAXB0,,,TRUE,https://www.vhpa.org/KIA/incident/70052648PXU722454.HTM,48PXU722454,XU722454,UH-1H,69-15072,700526,B/229 AVN
,70052666.KIA,AR,,,,TRUE,https://www.vhpa.org/KIA/incident/70052666KIA.HTM,48QYD331217,YD331217,UH-1H,69-15139,700526,326 MED 101 CAV
,70052727.KIA,AR,WAGTC0,,,TRUE,https://www.vhpa.org/KIA/incident/70052727KIA.HTM,48PYU304347,YU304347,OH-6A,67-16547,700527,C/1/9 CAV
,,AR,WAJ1A0,,,TRUE,https://www.vhpa.org/KIA/incident/70052849PBR277635.HTM,49PBR277635,BR277635,UH-1H,68-16240,700528,A/4 AVN 4 INF
,70052929.KIA,AR,WHB1AA,,,TRUE,https://www.vhpa.org/KIA/incident/70052929KIA.HTM,49PBS616520,BS616520,OH-6A,66-17766,700529,166 TC DET
,,AR,,,,TRUE,https://www.vhpa.org/KIA/incident/70052948PXU362010.HTM,48PXU362010,XU362010,OH-6A,68-17239,700529,DIVARTY 25 INF
,,AR,WDYDAA,,,TRUE,https://www.vhpa.org/KIA/incident/70053048PXS148977.HTM,48PXS148977,XS148977,CH-47A,66-00076,700530,242 ASHC
,,AR,WAAWC0,,,TRUE,https://www.vhpa.org/KIA/incident/70053148PYU052069.HTM,48PYU052069,YU052069,CH-47B,67-18485,700531,C/228 AVN
,,VF,,,,TRUE,https://www.vhpa.org/KIA/incident/70060049PBN195350.HTM,49PBN195350,BN195350,UH-1H,68-15606,700600,
,,VF,,,,TRUE,https://www.vhpa.org/KIA/incident/70060049PCP040520.HTM,49PCP040520,CP040520,UH-1H,68-15611,700600,
,,VF,,,,TRUE,https://www.vhpa.org/KIA/incident/70060048PYA584284.HTM,48PYA584284,YA584284,UH-1H,68-15615,700600,
,,AR,WDUYAA,,,TRUE,https://www.vhpa.org/KIA/incident/70060149PBP186149.HTM,49PBP186149,BP186149,UH-1C,66-15115,700601,192 AHC
,,AR,WD65AA,,,TRUE,https://www.vhpa.org/KIA/incident/70060148QYD027361.HTM,48QYD027361,YD027361,UH-1H,67-17671,700601,237 MED DET
,,AR,WDUYAA,,,TRUE,https://www.vhpa.org/KIA/incident/70060248PZT072764.HTM,48PZT072764,ZT072764,UH-1C,66-15049,700602,192 AHC
,70060304.KIA,AR,WAZNB0,,,TRUE,https://www.vhpa.org/KIA/incident/70060304KIA.HTM,48PZA131587,ZA131587,OH-6A,67-16444,700603,B/7/17 CAV
,,AR,WGCCAA,,,TRUE,https://www.vhpa.org/KIA/incident/70060349PBN547795.HTM,49PBN547795,BN547795,UH-1H,68-16558,700603,247 MED DET
,,AR,WD65AA,,,TRUE,https://www.vhpa.org/KIA/incident/70060348QYD063325.HTM,48QYD063325,YD063325,UH-1H,69-15131,700603,237 MED DET
1627,70060404.KIA,MC,,,,TRUE,https://www.vhpa.org/KIA/incident/70060404KIA.HTM,48PYC252494,YC252494,CH-46D,153403,700604,
,,AR,WGLLAA,,,TRUE,https://www.vhpa.org/KIA/incident/70060448PZT819268.HTM,48PZT819268,ZT819268,OH-6A,68-17305,700604,DIV ART 23 INF
,,AR,WGLLAA,,,TRUE,https://www.vhpa.org/KIA/incident/70060449PAT872230.HTM,49PAT872230,AT872230,OH-6A,68-17319,700604,DIV ART 23 INF
,70060544.KIA,AR,WAB0B0,,,TRUE,https://www.vhpa.org/KIA/incident/70060544KIA.HTM,48QYD475071,YD475071,OH-6A,67-16405,700605,B/2/17 CAV 101 ABN
,70060555.KIA,AR,WAYAAA,,Shot down by enemy fire with Infantry troops on board. Crashed and burned in some water.,TRUE,https://www.vhpa.org/KIA/incident/70060555KIA.HTM,49PBR316361,BR316361,UH-1H,68-16354,700605,119 AHC
,,AR,WAGFAA,,,TRUE,https://www.vhpa.org/KIA/incident/70060548PXU507066.HTM,48PXU507066,XU507066,OH-6A,68-17201,700605,1 BDE 1 CAV
,700606131ACD,AR,WC3GAA,,,TRUE,https://www.vhpa.org/KIA/incident/700606131ACD.HTM,48PXS586812,XS586812,UH-1C,65-09494,700606,116 AHC
,,AR,WC44AA,,,TRUE,https://www.vhpa.org/KIA/incident/70060649PBS332781.HTM,49PBS332781,BS332781,UH-1H,67-17447,700606,176 AHC
,70060606.KIA,AR,WAL2AA,,,TRUE,https://www.vhpa.org/KIA/incident/70060606KIA.HTM,48PXT545475,XT545475,OH-6A,68-17366,700606,3 BDE 25 INF
,,AR,WC3EAA,,,TRUE,https://www.vhpa.org/KIA/incident/70060849PBN492814.HTM,49PBN492814,BN492814,UH-1H,68-15398,700608,48 AHC
,,AR,WFJ5B0,,,TRUE,https://www.vhpa.org/KIA/incident/70060948QYD830149.HTM,48QYD830149,YD830149,CH-47B,66-19142,700609,B/159 AVN
,,AR,WAZNB0,,,TRUE,https://www.vhpa.org/KIA/incident/70060949PBR335398.HTM,49PBR335398,BR335398,OH-6A,67-16575,700609,B/7/17 CAV
,70060949.KIA,AR,WBM2AA,,Shot down in flames while attempting to medevac SGT McMahan. All the crew managed to escape but SP4 Lamborn was killed outside.,TRUE,https://www.vhpa.org/KIA/incident/70060949KIA.HTM,49PBR968761,BR968761,UH-1H,68-16347,700609,498 MED
1631,70060925.KIA,AR,WALND0,,,TRUE,https://www.vhpa.org/KIA/incident/70060925KIA.HTM,48PXT376955,XT376955,OH-6A,68-17359,700609,D/3/4 CAV
,,AR,WARTAA,,,TRUE,https://www.vhpa.org/KIA/incident/70061049PAT854193.HTM,49PAT854193,AT854193,UH-1H,66-16353,700610,71 AHC
,700610311ACD,AR,WDUVAA,,"Experience broken transmission strap while avoiding hostile fire, then an engine failure.",TRUE,https://www.vhpa.org/KIA/incident/700610311ACD.HTM,48PZA063310,ZA063310,UH-1D,66-16409,700610,189 AHC
,70061175.KIA,AR,WC43AA,,Shot down while support an ARVN troop relocation.,TRUE,https://www.vhpa.org/KIA/incident/70061175KIA.HTM,48PWR348501,WR348501,UH-1C,66-15086,700611,175 AHC
,,AR,WGZ6B0,,,TRUE,https://www.vhpa.org/KIA/incident/70061248PWR402832.HTM,48PWR402832,WR402832,OH-6A,67-16429,700612,B/7/1 CAV
,,AR,WGLLAA,,,TRUE,https://www.vhpa.org/KIA/incident/70061249PAT962247.HTM,49PAT962247,AT962247,OH-6A,68-17323,700612,DIV ART 23 INF
,,AR,WGZ6A0,,,TRUE,https://www.vhpa.org/KIA/incident/70061348PXS478480.HTM,48PXS478480,XS478480,AH-1G,68-17050,700613,A/7/1 CAV
,,AR,WGZ6C0,,,TRUE,https://www.vhpa.org/KIA/incident/70061548PWT983105.HTM,48PWT983105,WT983105,OH-6A,67-16005,700615,C/7/1 CAV
,,AR,WG1RAA,,,TRUE,https://www.vhpa.org/KIA/incident/70061548PYB871267.HTM,48PYB871267,YB871267,AH-1G,68-15078,700615,361 AWC
,,AR,WAAMA0,,,TRUE,https://www.vhpa.org/KIA/incident/70061748PWS346717.HTM,48PWS346717,WS346717,OH-6A,67-16262,700617,A/3/17 CAV
,70061919.KIA,AR,WAZNC0,,,TRUE,https://www.vhpa.org/KIA/incident/70061919KIA.HTM,49PBR842762,BR842762,OH-6A,67-16244,700619,C/7/17 CAV
,,AR,WFELAA,,,TRUE,https://www.vhpa.org/KIA/incident/70062048PXS515370.HTM,48PXS515370,XS515370,UH-1C,65-09454,700620,162 AHC
,,AR,WHZMAA,,,TRUE,https://www.vhpa.org/KIA/incident/70062048PVR890077.HTM,48PVR890077,VR890077,OH-6A,68-17199,700620,C/16 CAV
,,AR,WFJ6AA,,,TRUE,https://www.vhpa.org/KIA/incident/70062148QYD439052.HTM,48QYD439052,YD439052,OH-6A,67-16368,700621,163 AVN 101 ABN
,,AR,WGZ6C0,,,TRUE,https://www.vhpa.org/KIA/incident/70062148PWS895183.HTM,48PWS895183,WS895183,UH-1H,69-15197,700621,C/7/1 CAV
,70062215.KIA,AR,WALND0,,Shot up during aborted mini-cav insertion 12 KM Northeast of Katum.,FALSE,https://www.vhpa.org/KIA/incident/70062215KIA.HTM,48PXT417987,XT417987,UH-1H,68-16217,700622,D/3/4 CAV 25 INF
,70062219.BAT,AR,WAYAAA,,Destroyed by enemy mortar fire while sitting in LZ Nutmeg.,TRUE,https://www.vhpa.org/KIA/incident/70062219BAT.HTM,49PBR227380,BR227380,UH-1H,68-16362,700622,119 AHC
,70062388.KIA,AR,WDU1AA,,,TRUE,https://www.vhpa.org/KIA/incident/70062388KIA.HTM,49PBR085505,BR085505,CH-47A,65-07966,700623,196 ASHC
,,AR,WAGTA0,,,TRUE,https://www.vhpa.org/KIA/incident/70062348PYU302587.HTM,48PYU302587,YU302587,OH-6A,65-12999,700623,A/1/9 CAV
,,AR,WBMZAA,,,TRUE,https://www.vhpa.org/KIA/incident/70062348PZT004246.HTM,48PZT004246,ZT004246,UH-1H,67-17242,700623,45 MED
,,AR,WAZNC0,,,TRUE,https://www.vhpa.org/KIA/incident/70062349PCR022760.HTM,49PCR022760,CR022760,UH-1H,67-17327,700623,C/7/17 CAV
,,AR,WAZNC0,,,FALSE,https://www.vhpa.org/KIA/incident/70062349PCR038787.HTM,49PCR038787,CR038787,UH-1H,67-17346,700623,C/7/17 CAV
,,AR,WAAWB0,,,TRUE,https://www.vhpa.org/KIA/incident/70062448PXU324378.HTM,48PXU324378,XU324378,CH-47A,66-19059,700624,B/228 AVN
,,AR,WAX7AA,,,TRUE,https://www.vhpa.org/KIA/incident/70062448PWS018440.HTM,48PWS018440,WS018440,AH-1G,67-15786,700624,114 AHC
,,AR,WAAXA0,,,TRUE,https://www.vhpa.org/KIA/incident/70062448PXU922510.HTM,48PXU922510,XU922510,UH-1H,68-16485,700624,A/229 AVN
,,AR,WGZ6A0,,,TRUE,https://www.vhpa.org/KIA/incident/70062448PWS073624.HTM,48PWS073624,WS073624,OH-6A,68-17245,700624,A/7/1 CAV
,,AR,WDQLAA,https://www.vhpa.org/pictures/6816022.jpg,,TRUE,https://www.vhpa.org/KIA/incident/70062548PXU434139.HTM,48PXU434139,XU434139,CH-47C,68-16022,700625,213 ASHC
,,AR,WAGFAA,,,TRUE,https://www.vhpa.org/KIA/incident/70062548PYU320532.HTM,48PYU320532,YU320532,OH-6A,69-15984,700625,1 BDE 1 CAV
,,AR,WAYCAA,,,TRUE,https://www.vhpa.org/KIA/incident/70062648PXR061557.HTM,48PXR061557,XR061557,UH-1B,64-14064,700626,121 AHC
,70062677.KIA,AR,WAG3C0,,,TRUE,https://www.vhpa.org/KIA/incident/70062677KIA.HTM,48PXU759454,XU759454,AH-1G,67-15821,700626,C/2/20 ARA
,,AR,WAGHAA,,,TRUE,https://www.vhpa.org/KIA/incident/70062648PXT816901.HTM,48PXT816901,XT816901,OH-6A,67-16043,700626,3 BDE 1 CAV
,70062666.KIA,AR,WAG3B0,,,TRUE,https://www.vhpa.org/KIA/incident/70062666KIA.HTM,48PYU322366,YU322366,AH-1G,68-15026,700626,B/2/20 ARA 1 CAV
,,AR,WACYD0,,,TRUE,https://www.vhpa.org/KIA/incident/70062649PAT869009.HTM,49PAT869009,AT869009,UH-1H,68-16153,700626,D/1/1 CAV
,,AR,WACYD0,,,TRUE,https://www.vhpa.org/KIA/incident/70062649PAT869009.HTM,49PAT869009,AT869009,UH-1H,68-16385,700626,D/1/1 CAV
,,AR,WDUVAA,,,TRUE,https://www.vhpa.org/KIA/incident/70062848PYA847252.HTM,48PYA847252,YA847252,UH-1C,66-00657,700628,189 AHC
,70063022.KIA,AR,WAAMA0,,,TRUE,https://www.vhpa.org/KIA/incident/70063022KIA.HTM,48PXU422065,XU422065,AH-1G,67-15581,700629,A/3/17 CAV
1645,70063030.KIA,AR,WAAVB0,,,TRUE,https://www.vhpa.org/KIA/incident/70063030KIA.HTM,48PYU372568,YU372568,UH-1D,66-16693,700630,B/227 AVN
,70063055.KIA,AR,WAAVC0,,,TRUE,https://www.vhpa.org/KIA/incident/70063055KIA.HTM,48PYU213402,YU213402,UH-1H,68-15349,700630,C/227 AHB 1 CAV
1643,70063001.TXT,AF,,,,TRUE,https://www.vhpa.org/KIA/incident/70063001TXT.HTM,48QXD617617,XD617617,HH-53C,68-8283,700630,40 ARRS
,,AR,WFJ4D0,,,TRUE,https://www.vhpa.org/KIA/incident/70070148PYA286431.HTM,48PYA286431,YA286431,AH-1G,68-15025,700701,D/158 AVN
,,AR,WAB6AA,,,TRUE,https://www.vhpa.org/KIA/incident/70070348QYD403107.HTM,48QYD403107,YD403107,OH-6A,67-16068,700703,3 BDE 101 ABN
,,AR,WAZNC0,,,TRUE,https://www.vhpa.org/KIA/incident/70070449PBS881020.HTM,49PBS881020,BS881020,UH-1D,66-16723,700704,C/7/17 CAV
,70070404.KIA,AR,WAAMC0,,,TRUE,https://www.vhpa.org/KIA/incident/70070404KIA.HTM,48PYT749281,YT749281,AH-1G,67-15573,700704,C/3/17 CAV
,,AR,WDF2D0,,,TRUE,https://www.vhpa.org/KIA/incident/70070448PXS112645.HTM,48PXS112645,XS112645,OH-6A,67-16153,700704,D/3/5 CAV
,700704121ACD,AR,WCYMAA,,"Water impact approx 1 km off-shore Non Khai Peninsula, 10 km north of Nha Trang City.",TRUE,https://www.vhpa.org/KIA/incident/700704121ACD.HTM,49PCP060650,CP060650,OH-58A,69-16098,700704,52 CAB
,70070777.KIA,AR,WFJ8A0,,Crashed during night ARA mission possibly due to vertigo or target fixation caused by hostile fire.,TRUE,https://www.vhpa.org/KIA/incident/70070777KIA.HTM,48QYC814983,YC814983,AH-1G,68-15136,700707,A/4/77 ARA 101 ABN
,70070850.KIA,AR,WC3EAA,,,TRUE,https://www.vhpa.org/KIA/incident/70070850KIA.HTM,49PBP496256,BP496256,UH-1C,65-09553,700708,48 AHC
,70070811.KIA,AR,WAX8AA,,Weather trapped Dustoff and 2 gunship escort in a valley. All went IFR. This ship crashed into the side of a hill.,TRUE,https://www.vhpa.org/KIA/incident/70070811KIA.HTM,48PYT984412,YT984412,UH-1C,66-15182,700708,117 AHC
,70070817.KIA,AR,WAZNC0,,LOH took intense fire when CPT Speare was given Scout orientation to Dickus. LOH crashed and burned.,TRUE,https://www.vhpa.org/KIA/incident/70070817KIA.HTM,49PBS917075,BS917075,OH-6A,67-16134,700708,C/7/17 CAV
,70070808.KIA,AR,WDPCAA,,,TRUE,https://www.vhpa.org/KIA/incident/70070808KIA.HTM,49PBS743648,BS743648,OH-6A,67-16170,700708,11 BDE
,,AR,WAB4AA,,,TRUE,https://www.vhpa.org/KIA/incident/70070948QYD830167.HTM,48QYD830167,YD830167,OH-6A,67-16497,700709,1 BDE 101 ABN
,70071077.KIA,AR,WDYDAA,,,TRUE,https://www.vhpa.org/KIA/incident/70071077KIA.HTM,48PXT547347,XT547347,CH-47A,65-07999,700710,242 ASHC
,700711071ACD,AR,WC44AA,,,TRUE,https://www.vhpa.org/KIA/incident/700711071ACD.HTM,49PBT121134,BT121134,UH-1C,65-09563,700711,176 AHC
,,AR,WGZ6A0,,,TRUE,https://www.vhpa.org/KIA/incident/70071348PWS985478.HTM,48PWS985478,WS985478,OH-6A,67-16059,700713,A/7/1 CAV
,,AR,WAGTC0,,,TRUE,https://www.vhpa.org/KIA/incident/70071348PYT309665.HTM,48PYT309665,YT309665,OH-6A,67-16290,700713,C/1/9 CAV
,70071555.KIA,AR,WC42AA,,,TRUE,https://www.vhpa.org/KIA/incident/70071555KIA.HTM,49PBS546724,BS546724,UH-1C,66-00646,700715,174 AHC
,,AR,WFJ8C0,,,TRUE,https://www.vhpa.org/KIA/incident/70071548QYD846315.HTM,48QYD846315,YD846315,AH-1G,67-15604,700715,C/4/77 ARA 101 ABN
,,AR,WFJ4B0,,,TRUE,https://www.vhpa.org/KIA/incident/70071548QYD331180.HTM,48QYD331180,YD331180,UH-1H,69-15371,700715,B/158 AVN
,,AR,WDYBAA,,,TRUE,https://www.vhpa.org/KIA/incident/70071848PXS477683.HTM,48PXS477683,XS477683,UH-1C,66-00589,700718,240 AHC
,70071818.KIA,AR,WFJ5A0,,,TRUE,https://www.vhpa.org/KIA/incident/70071818KIA.HTM,48QYD331198,YD331198,CH-47C,68-15810,700718,A/159 AVN
,,AR,WGLEB0,,,TRUE,https://www.vhpa.org/KIA/incident/70071849PBS402615.HTM,49PBS402615,BS402615,OH-6A,68-17351,700718,B/123 AVN 23 INF
,,AR,WAX8AA,,,TRUE,https://www.vhpa.org/KIA/incident/70071948PZS044933.HTM,48PZS044933,ZS044933,UH-1H,67-19517,700719,117 AHC
,,AR,WAGTA0,,,TRUE,https://www.vhpa.org/KIA/incident/70071948PXT542268.HTM,48PXT542268,XT542268,UH-1H,68-16294,700719,A/1/9 CAV
,,AR,WAX8AA,,,TRUE,https://www.vhpa.org/KIA/incident/70071948PYT900290.HTM,48PYT900290,YT900290,UH-1H,69-15044,700719,117 AHC
,,VF,,,,TRUE,https://www.vhpa.org/KIA/incident/70072048PXT511162.HTM,48PXT511162,XT511162,UH-1H,68-15519,700720,
,70072117.KIA,AR,WACFAA,,Shot up during MEDIVAC mission at LZ on east side of hill 805 about 1 km E-SE of FSB Ripcord.,FALSE,https://www.vhpa.org/KIA/incident/70072148QYD384199.HTM,48QYD384199,YD384199,UH-1H,,700721,326 MED 101 ABN
,70072111.KIA,AR,WAZNA0,,,TRUE,https://www.vhpa.org/KIA/incident/70072111KIA.HTM,49PAR887606,AR887606,OH-6A,66-07860,700721,A/7/17 CAV
,,AR,WACFAA,,Shot down at FSB Ripcord during MEDIVAC mission.  RPG blew off tail boom.,TRUE,https://www.vhpa.org/KIA/incident/70072148QYD384199.HTM,48QYD384199,YD384199,UH-1H,66-16822,700721,326 MED 101 ABN
,,AR,WAZNA0,,,TRUE,https://www.vhpa.org/KIA/incident/70072149PAR887606.HTM,49PAR887606,AR887606,OH-6A,67-16311,700721,A/7/17 CAV
,,AR,WFJ4A0,,,TRUE,https://www.vhpa.org/KIA/incident/70072148QYD384199.HTM,48QYD384199,YD384199,UH-1H,68-16549,700721,A/158 AVN
,,AR,WFJ5B0,,,TRUE,https://www.vhpa.org/KIA/incident/70072348QYD349198.HTM,48QYD349198,YD349198,CH-47C,67-18507,700723,B/159 AVN
,,AR,WAGTA0,,,TRUE,https://www.vhpa.org/KIA/incident/70072348PYT141025.HTM,48PYT141025,YT141025,AH-1G,68-15125,700723,A/1/9 CAV
,70072424.KIA,AR,WGZ6B0,,,TRUE,https://www.vhpa.org/KIA/incident/70072424KIA.HTM,48PXS314424,XS314424,OH-6A,66-14400,700724,B/7/1 CAV
,,AR,WAZNB0,,,TRUE,https://www.vhpa.org/KIA/incident/70072449PBR284656.HTM,49PBR284656,BR284656,OH-6A,67-16453,700724,B/7/17 CAV
,,AR,WDX6AA,,,TRUE,https://www.vhpa.org/KIA/incident/70072448PWR914925.HTM,48PWR914925,WR914925,AH-1G,68-15087,700724,235 AVN
,,AR,WD8NAA,,Aircraft accident during maintenance check.,TRUE,https://www.vhpa.org/KIA/incident/70072448PXT073474.HTM,48PXT073474,XT073474,CH-54A,68-18445,700724,273 HHC
,700728191ACD,AR,WAGTC0,,,TRUE,https://www.vhpa.org/KIA/incident/700728191ACD.HTM,48PYT255572,YT255572,AH-1G,66-15305,700728,C/1/9 CAV
,70072828.KIA,AR,WAB0A0,,,TRUE,https://www.vhpa.org/KIA/incident/70072828KIA.HTM,48QXD956305,XD956305,OH-6A,67-16168,700728,A/2/17 CAV
,,AF,,,Crash during a gun training mission. Recovery revealed bullet holes and possible engine failure.,TRUE,https://www.vhpa.org/KIA/incident/70072949PBQ830287.HTM,49PBQ830287,BQ830287,UH-1F,65-07930,700729,20 SOS
,,AR,WG20AA,,,TRUE,https://www.vhpa.org/KIA/incident/70073049PBT263004.HTM,49PBT263004,BT263004,AH-1G,67-15709,700730,F/8 CAV
,,VF,,,,TRUE,https://www.vhpa.org/KIA/incident/70080048PXT245015.HTM,48PXT245015,XT245015,UH-1H,68-15794,700800,
,,VF,WC08AA,,,TRUE,https://www.vhpa.org/KIA/incident/70080048PWR380290.HTM,48PWR380290,WR380290,UH-1H,69-15156,700800,135 AHC
,700801111ACD,AR,WAG3A0,,,TRUE,https://www.vhpa.org/KIA/incident/700801111ACD.HTM,48PXT928478,XT928478,AH-1G,67-15519,700801,A/2/20 ARA 1 CAV
,70080101.KIA,AR,WACJA0,,,TRUE,https://www.vhpa.org/KIA/incident/70080101KIA.HTM,48QYD561330,YD561330,OH-6A,67-16628,700801,A/377 ART 101 ABN
,,AR,WARTAA,,,TRUE,https://www.vhpa.org/KIA/incident/70080548PYC845005.HTM,48PYC845005,YC845005,UH-1H,67-17528,700805,71 AHC
,,AR,WAGTB0,,,TRUE,https://www.vhpa.org/KIA/incident/70080648PXT926828.HTM,48PXT926828,XT926828,OH-6A,67-16345,700806,B/1/9 CAV
,,AR,WC3GAA,,,TRUE,https://www.vhpa.org/KIA/incident/70080749PAS922934.HTM,49PAS922934,AS922934,UH-1D,66-01021,700807,116 AHC
,,AR,WHZMAA,,,TRUE,https://www.vhpa.org/KIA/incident/70080748PWR238648.HTM,48PWR238648,WR238648,OH-6A,69-15970,700807,C/16 CAV
,70080808.KIA,AR,WC41AA,,,TRUE,https://www.vhpa.org/KIA/incident/70080808KIA.HTM,48PXU905289,XU905289,UH-1C,66-00692,700808,173 AVN
,,AR,WC42AA,,,TRUE,https://www.vhpa.org/KIA/incident/70080849PBS691851.HTM,49PBS691851,BS691851,UH-1H,69-15200,700808,174 AHC
,,AR,WAX6AA,,,TRUE,https://www.vhpa.org/KIA/incident/70080948PZT065775.HTM,48PZT065775,ZT065775,UH-1C,66-15201,700809,92 AHC
,,AR,WAB0B0,,,TRUE,https://www.vhpa.org/KIA/incident/70080948QYD295253.HTM,48QYD295253,YD295253,OH-6A,67-16578,700809,B/2/17 CAV
1655,70081010.KIA,AR,WACYD0,,,TRUE,https://www.vhpa.org/KIA/incident/70081010KIA.HTM,48PYC700000,YC700000,UH-1H,68-16520,700810,D/1/1 CAV
,70081111.KIA,AR,WDUWAA,,,TRUE,https://www.vhpa.org/KIA/incident/70081148PXS441646.HTM,48PXS441646,XS441646,UH-1H,69-15125,700811,190 AHC
,70081321.KIA,AF,,,Shot down during an SAR mission.,TRUE,https://www.vhpa.org/KIA/incident/70081321KIA.HTM,48PVC875209,VC875209,CH-3C,63-9681,700813,21 SOS
1657,70081525.KIA,AR,WARTAA,,,TRUE,https://www.vhpa.org/KIA/incident/70081525KIA.HTM,48PYC509163,YC509163,UH-1H,69-15375,700815,71 AHC
,,AR,WAAMC0,,,TRUE,https://www.vhpa.org/KIA/incident/70081648QYD845334.HTM,48QYD845334,YD845334,AH-1G,67-15538,700816,C/3/17 CAV
,70082121.KIA,AR,WDYBAA,,,TRUE,https://www.vhpa.org/KIA/incident/70082121KIA.HTM,48PYS296927,YS296927,UH-1D,66-16735,700821,240 AHC
,70082222.KIA,AR,WAAMC0,,,TRUE,https://www.vhpa.org/KIA/incident/70082222KIA.HTM,48QXD936582,XD936582,OH-58A,69-16089,700822,C/3/17 CAV
,70082424.KIA,AR,WCYNT0,,,TRUE,https://www.vhpa.org/KIA/incident/70082424KIA.HTM,48PXT966257,XT966257,OH-58A,68-16914,700824,HHC/145 CAB
,,AR,WAJ1A0,,,TRUE,https://www.vhpa.org/KIA/incident/70082549PBR319619.HTM,49PBR319619,BR319619,UH-1H,69-15275,700825,A/4 AVN 4 INF
,,AR,WDUWAA,,,TRUE,https://www.vhpa.org/KIA/incident/70082648PVQ927782.HTM,48PVQ927782,VQ927782,UH-1D,64-13549,700826,190 AHC
,70082622.KIA,AR,WC5JAA,,,TRUE,https://www.vhpa.org/KIA/incident/70082622KIA.HTM,49PAT851009,AT851009,CH-47B,67-18445,700826,178 ASHC
,70082666.KIA,AR,WFELAA,,,TRUE,https://www.vhpa.org/KIA/incident/70082666KIA.HTM,48PWR987926,WR987926,UH-1H,69-15429,700826,162 AHC
,,AR,WFJ4C0,,,TRUE,https://www.vhpa.org/KIA/incident/70082848QYD384180.HTM,48QYD384180,YD384180,UH-1H,66-17026,700828,C/158 AVN
,70082828.KIA,AR,WAKED0,,,TRUE,https://www.vhpa.org/KIA/incident/70082828KIA.HTM,49PBR516451,BR516451,UH-1H,69-15025,700828,D/1/10 CAV
,,AR,WFJ4B0,,,TRUE,https://www.vhpa.org/KIA/incident/70082948QXD971582.HTM,48QXD971582,XD971582,UH-1H,67-17653,700829,B/158 AVN
,70082929.KIA,AR,WAB0C0,,,TRUE,https://www.vhpa.org/KIA/incident/70082929KIA.HTM,48QYC761963,YC761963,UH-1H,67-17699,700829,C/2/17 CAV
,,AR,,,,TRUE,https://www.vhpa.org/KIA/incident/70083048PVT964104.HTM,48PVT964104,VT964104,UH-1H,68-15516,700830,
,,AR,WC5LAA,,,TRUE,https://www.vhpa.org/KIA/incident/70083149PBS881020.HTM,49PBS881020,BS881020,CH-47C,68-15994,700831,180 ASHC
,,VF,,,,TRUE,https://www.vhpa.org/KIA/incident/70090049QBT052750.HTM,49QBT052750,BT052750,UH-1D,66-16280,700900,
,,VF,,,,TRUE,https://www.vhpa.org/KIA/incident/70090048QUH325605.HTM,48QUH325605,UH325605,UH-1H,68-15424,700900,
,,VF,,,,TRUE,https://www.vhpa.org/KIA/incident/70090048PWS620789.HTM,48PWS620789,WS620789,UH-1H,68-15779,700900,
,,VF,,,,TRUE,https://www.vhpa.org/KIA/incident/70090048PWS890290.HTM,48PWS890290,WS890290,UH-1H,68-15780,700900,
,700901241ACD,AR,WAGTB0,,,TRUE,https://www.vhpa.org/KIA/incident/700901241ACD.HTM,48PYT553354,YT553354,UH-1H,68-15654,700901,B/1/9 CAV
,,AR,WDUYAA,,,TRUE,https://www.vhpa.org/KIA/incident/70090149PBN456833.HTM,49PBN456833,BN456833,UH-1H,69-15428,700901,192 AHC
,,AR,,,,TRUE,https://www.vhpa.org/KIA/incident/70090348PYT532021.HTM,48PYT532021,YT532021,UH-1D,66-16260,700903,
,,VF,,,,TRUE,https://www.vhpa.org/KIA/incident/70090349PAN957025.HTM,49PAN957025,AN957025,UH-1H,68-15716,700903,
,,AR,WAYBAA,,,TRUE,https://www.vhpa.org/KIA/incident/70090448PYT075239.HTM,48PYT075239,YT075239,UH-1D,66-01131,700904,120 CAC
,,AR,WAGTA0,,,TRUE,https://www.vhpa.org/KIA/incident/70090448PYT186074.HTM,48PYT186074,YT186074,OH-6A,68-17168,700904,A/1/9 CAV
,,AR,WACYD0,,,TRUE,https://www.vhpa.org/KIA/incident/70090449PAT824637.HTM,49PAT824637,AT824637,OH-6A,69-15974,700904,D/1/1 CAV
,,AR,WACJA0,,,TRUE,https://www.vhpa.org/KIA/incident/70090548QYD760074.HTM,48QYD760074,YD760074,OH-6A,67-16392,700905,A/377 ART 101 ABN
,,AR,WGPRAA,,,TRUE,https://www.vhpa.org/KIA/incident/70090648PWR256003.HTM,48PWR256003,WR256003,UH-1C,66-00564,700906,336 AHC
,,AR,WAG7AA,,,TRUE,https://www.vhpa.org/KIA/incident/70090648PYT182553.HTM,48PYT182553,YT182553,OH-6A,67-16247,700906,E/82 ARTY 1 CAV
,,AR,WACYD0,,,TRUE,https://www.vhpa.org/KIA/incident/70090649PBT300151.HTM,49PBT300151,BT300151,OH-6A,69-15975,700906,D/1/1 CAV
,,AR,WAZNC0,,,TRUE,https://www.vhpa.org/KIA/incident/70090749PBR878743.HTM,49PBR878743,BR878743,OH-6A,67-16008,700907,C/7/17 CAV
,,AR,WHZMAA,,,TRUE,https://www.vhpa.org/KIA/incident/70090748PWR201611.HTM,48PWR201611,WR201611,OH-6A,68-17320,700907,C/16 CAV
,,AR,WAAMC0,,,TRUE,https://www.vhpa.org/KIA/incident/70090848QYD184584.HTM,48QYD184584,YD184584,AH-1G,67-15591,700908,C/3/17 CAV
,,AR,WG1RAA,,,TRUE,https://www.vhpa.org/KIA/incident/70090848PZB016214.HTM,48PZB016214,ZB016214,AH-1G,68-17032,700908,361 AWC
,,AR,WC3GAA,,,TRUE,https://www.vhpa.org/KIA/incident/70090949PBS548908.HTM,49PBS548908,BS548908,UH-1C,65-09523,700909,116 AHC
,70090999.KIA,AR,WC44AA,,,TRUE,https://www.vhpa.org/KIA/incident/70090999KIA.HTM,49PBS386799,BS386799,UH-1C,66-00561,700909,176 AHC
,,AR,WAB0C0,,,TRUE,https://www.vhpa.org/KIA/incident/70090948QYC954849.HTM,48QYC954849,YC954849,AH-1G,67-15706,700909,C/2/17 CAV
,,AR,WAZNA0,,,TRUE,https://www.vhpa.org/KIA/incident/70091049PBR734652.HTM,49PBR734652,BR734652,OH-6A,67-16652,700910,A/7/17 CAV
,,AR,WAGTB0,,,TRUE,https://www.vhpa.org/KIA/incident/70091149PBR532322.HTM,49PBR532322,BR532322,OH-6A,67-16430,700911,B/1/9 CAV
,700911151ACD,AR,WAJ3AA,,,TRUE,https://www.vhpa.org/KIA/incident/700911151ACD.HTM,49PBR529325,BR529325,OH-6A,68-17352,700911,1 BDE 4 INF
,,AR,WGZ6A0,,,TRUE,https://www.vhpa.org/KIA/incident/70091248PWR402814.HTM,48PWR402814,WR402814,OH-6A,66-17814,700912,A/7/1 CAV
,700912141ACD,AR,WAAWB0,,,TRUE,https://www.vhpa.org/KIA/incident/700912141ACD.HTM,48PYT183498,YT183498,CH-47A,66-19064,700912,B/228 AVN
,,AR,WAGHAA,,,TRUE,https://www.vhpa.org/KIA/incident/70091248PZT095303.HTM,48PZT095303,ZT095303,UH-1H,69-15075,700912,3 BDE 1 CAV
,,AR,WC3GAA,,,TRUE,https://www.vhpa.org/KIA/incident/70091349PBN112983.HTM,49PBN112983,BN112983,OH-58A,68-16180,700913,116 AHC
,,AR,,,,TRUE,https://www.vhpa.org/KIA/incident/70091448PXT912054.HTM,48PXT912054,XT912054,UH-1H,68-15326,700914,BELL HCPTR
,,AR,WAZNB0,,,TRUE,https://www.vhpa.org/KIA/incident/70091548PZB122362.HTM,48PZB122362,ZB122362,OH-6A,66-17790,700915,B/7/17 CAV
,,AR,WAAMC0,,,TRUE,https://www.vhpa.org/KIA/incident/70091548QYD540588.HTM,48QYD540588,YD540588,OH-58A,68-16822,700915,C/3/17 CAV
,70091515.KIA,AR,WAAMC0,,,TRUE,https://www.vhpa.org/KIA/incident/70091515KIA.HTM,48QXD954545,XD954545,OH-58A,68-16912,700915,C/3/17 CAV
,,AR,WGZ6A0,,,TRUE,https://www.vhpa.org/KIA/incident/70091648PWR073703.HTM,48PWR073703,WR073703,UH-1H,67-17710,700916,A/7/1 CAV
,70091717.KIA,AR,WAAMA0,,,TRUE,https://www.vhpa.org/KIA/incident/70091717KIA.HTM,48PXU819119,XU819119,AH-1G,67-15862,700917,A/3/17 CAV
,,AR,WAGTB0,,,TRUE,https://www.vhpa.org/KIA/incident/70091748PZT167414.HTM,48PZT167414,ZT167414,OH-6A,69-16021,700917,B/1/9 CAV
,,AR,WFJ8A0,,,TRUE,https://www.vhpa.org/KIA/incident/70091848QYC762927.HTM,48QYC762927,YC762927,AH-1G,67-15746,700918,A/4/77 ARA 101 ABN
,,AR,WAZNB0,,,TRUE,https://www.vhpa.org/KIA/incident/70091849PBS180045.HTM,49PBS180045,BS180045,OH-6A,69-16006,700918,B/7/17 CAV
,,AR,WC3JAA,,,TRUE,https://www.vhpa.org/KIA/incident/70091949PCR022705.HTM,49PCR022705,CR022705,UH-1H,68-16170,700919,129 AHC
,,AR,WAZNB0,,,TRUE,https://www.vhpa.org/KIA/incident/70091949PBS180045.HTM,49PBS180045,BS180045,OH-6A,69-16006,700919,B/7/17 CAV
,70092022.KIA,AR,WFJ4C0,,,TRUE,https://www.vhpa.org/KIA/incident/70092022KIA.HTM,48QYD112731,YD112731,UH-1H,67-17597,700920,C/158 AVN
,,AR,WBHEAA,,,TRUE,https://www.vhpa.org/KIA/incident/70092049PBT300077.HTM,49PBT300077,BT300077,UH-1H,68-16483,700920,68 MED DET
,,AR,WC44AA,,,TRUE,https://www.vhpa.org/KIA/incident/70092248QYD330272.HTM,48QYD330272,YD330272,AH-1,68-15333,700922,176 AHC
,,AR,WAAMB0,,,TRUE,https://www.vhpa.org/KIA/incident/70092448PXT949054.HTM,48PXT949054,XT949054,OH-58A,68-16966,700924,B/3/17 CAV
,70092555.KIA,AF,,,,TRUE,https://www.vhpa.org/KIA/incident/70092555KIA.HTM,48PYU899758,YU899758,UH-1F,64-15484,700925,20 SOS
,700926041ACD,AR,WC5GAA,,,TRUE,https://www.vhpa.org/KIA/incident/700926041ACD.HTM,49QAT900968,AT900968,UH-1H,67-17858,700926,610 TC CO
,,AR,WAAXC0,,,TRUE,https://www.vhpa.org/KIA/incident/70092648PYT256480.HTM,48PYT256480,YT256480,UH-1H,68-16123,700926,C/229 AVN
,,AR,WEAEAA,,,TRUE,https://www.vhpa.org/KIA/incident/70092648QYD670147.HTM,48QYD670147,YD670147,UH-1H,68-16368,700926,571 MED DET
,700927111ACD,AR,WD65AA,,,TRUE,https://www.vhpa.org/KIA/incident/700927111ACD.HTM,48QYD382420,YD382420,UH-1H,69-15297,700927,237 MED DET
,70092929.KIA,AR,WAGTE0,,,TRUE,https://www.vhpa.org/KIA/incident/70092929KIA.HTM,48PXT983368,XT983368,OH-6A,67-16342,700929,E/1/9 CAV 1 CAV
,,AR,WGZ6C0,,,TRUE,https://www.vhpa.org/KIA/incident/70093048PXS112608.HTM,48PXS112608,XS112608,OH-6A,68-17281,700930,C/7/1 CAV
,701002061ACD,AR,WC3FAA,,,TRUE,https://www.vhpa.org/KIA/incident/701002061ACD.HTM,48PYS587985,YS587985,UH-1D,64-13526,701002,68 AVN
,,AR,WDYBAA,,,TRUE,https://www.vhpa.org/KIA/incident/70100248PXS932796.HTM,48PXS932796,XS932796,UH-1C,66-00626,701002,240 AHC
,70100303.KIA,AR,WEAWLF,,Seawolf 306 was destroyed by fire from crash landing at Ca Mau after engine failure.  One crewman killed.,TRUE,https://www.vhpa.org/KIA/incident/70100303KIA.HTM,48PWR195143,WR195143,UH-1B,62-04579,701003,HA(L)-3
,,AR,WAZNC0,,,TRUE,https://www.vhpa.org/KIA/incident/70100449PBR772965.HTM,49PBR772965,BR772965,OH-6A,66-07907,701004,C/7/17 CAV
,,AR,WAGTC0,,,TRUE,https://www.vhpa.org/KIA/incident/70100648PXT964497.HTM,48PXT964497,XT964497,OH-6A,66-07813,701006,C/1/9 CAV
,,AR,WGZ6A0,,,TRUE,https://www.vhpa.org/KIA/incident/70100648PVS818569.HTM,48PVS818569,VS818569,OH-6A,66-07931,701006,A/7/1 CAV
,,AR,WAAMC0,,,TRUE,https://www.vhpa.org/KIA/incident/70100848QXD760359.HTM,48QXD760359,XD760359,AH-1G,67-15458,701008,C/3/17 CAV
,,AR,WHZMAA,,,TRUE,https://www.vhpa.org/KIA/incident/70100848PWR238390.HTM,48PWR238390,WR238390,OH-6A,67-16264,701008,C/16 CAV
,,AR,WAAMC0,,,TRUE,https://www.vhpa.org/KIA/incident/70100848QXD760359.HTM,48QXD760359,XD760359,OH-58A,68-16879,701008,C/3/17 CAV
,,AR,,,,TRUE,https://www.vhpa.org/KIA/incident/70101049PBR626671.HTM,49PBR626671,BR626671,OH-58A,69-16087,701010,AVN SEC EBD
,,AR,WAAVD0,,,TRUE,https://www.vhpa.org/KIA/incident/70101648PXT857164.HTM,48PXT857164,XT857164,OH-6A,67-16299,701016,D/227 AVN
,70101742.KIA,AR,WBSYAA,,,TRUE,https://www.vhpa.org/KIA/incident/70101742KIA.HTM,49PCQ300265,CQ300265,UH-1H,69-15466,701017,254 MED DET
1668,70101818.KIA,AR,WAGTC0,,,TRUE,https://www.vhpa.org/KIA/incident/70101818KIA.HTM,48PYT178415,YT178415,OH-6A,67-16193,701018,C/1/9 CAV
,,VF,,,,FALSE,https://www.vhpa.org/KIA/incident/70101848QXD637297.HTM,48QXD637297,XD637297,UH-1H,67-17680,701018,
,,AR,WC44AA,,,TRUE,https://www.vhpa.org/KIA/incident/70101849PBT424039.HTM,49PBT424039,BT424039,UH-1H,68-15333,701018,176 AHC
,,VF,,,Mid-air with RU-6,TRUE,https://www.vhpa.org/KIA/incident/70101948PWS878062.HTM,48PWS878062,WS878062,UH-1H,68-15560,701019,225 SQDN VNAF
,70102020.KIA,AR,WAJ1B0,,,TRUE,https://www.vhpa.org/KIA/incident/70102020KIA.HTM,49PBR442341,BR442341,OH-58A,69-16086,701020,B/4 AVN 4 INF
,,AR,WAKED0,,,TRUE,https://www.vhpa.org/KIA/incident/70102149PBR171233.HTM,49PBR171233,BR171233,UH-1D,66-00998,701021,D/1/10 CAV
,,AR,WAB4AA,,,TRUE,https://www.vhpa.org/KIA/incident/70102148QYD706092.HTM,48QYD706092,YD706092,OH-6A,67-16611,701021,1 BDE 101 ABN
,,AR,WC43AA,,,TRUE,https://www.vhpa.org/KIA/incident/70102248PVS909569.HTM,48PVS909569,VS909569,UH-1D,66-16073,701022,175 AHC
1670,70102424.KIA,AF,,,,TRUE,https://www.vhpa.org/KIA/incident/70102424KIA.HTM,48QWE720566,WE720566,HH-3E,66-13287,701024,21 SOS
,,VF,,,,TRUE,https://www.vhpa.org/KIA/incident/70102948PYS445449.HTM,48PYS445449,YS445449,UH-1H,68-15513,701029,
,,AR,WBMZAA,,,TRUE,https://www.vhpa.org/KIA/incident/70103148PXS239885.HTM,48PXS239885,XS239885,UH-1D,66-16369,701031,45 MED
,,VF,,,,TRUE,https://www.vhpa.org/KIA/incident/70110048PYT011786.HTM,48PYT011786,YT011786,UH-1H,68-16484,701100,
,,AR,WDF2D0,,,TRUE,https://www.vhpa.org/KIA/incident/70110148PVQ963966.HTM,48PVQ963966,VQ963966,AH-1G,67-15672,701101,D/3/5 CAV
,,AR,WAAVD0,,,TRUE,https://www.vhpa.org/KIA/incident/70110148PXT783330.HTM,48PXT783330,XT783330,OH-6A,67-16192,701101,D/227 AVN
,701102021ACD,AR,WDUXAA,,,TRUE,https://www.vhpa.org/KIA/incident/701102021ACD.HTM,48PWS128016,WS128016,UH-1C,66-15219,701102,191 AHC
,,AR,WDUXAA,,,TRUE,https://www.vhpa.org/KIA/incident/70110448PWS858073.HTM,48PWS858073,WS858073,UH-1H,68-15623,701104,191 AHC
,,AR,WGZ6C0,,,TRUE,https://www.vhpa.org/KIA/incident/70110648PWR731796.HTM,48PWR731796,WR731796,OH-6A,69-16029,701106,C/7/1 CAV
,,AR,WC43AA,,,TRUE,https://www.vhpa.org/KIA/incident/70110948PXS570259.HTM,48PXS570259,XS570259,UH-1D,66-01189,701109,175 AHC
,70111021.KIA,VF,,,Crashed near the Thien Duc bridge in the Chau Thanh district while on an ARVN medevac mission.,TRUE,https://www.vhpa.org/KIA/incident/70111021KIA.HTM,48QYD793222,YD793222,UH-1D,66-16858,701110,213 SQDN VNAF
,,AR,WAGTA0,,,TRUE,https://www.vhpa.org/KIA/incident/70111048PYT507925.HTM,48PYT507925,YT507925,AH-1G,68-17038,701110,A/1/9 CAV
,,AR,WGZ6A0,,,TRUE,https://www.vhpa.org/KIA/incident/70111148PWR713814.HTM,48PWR713814,WR713814,OH-6A,67-16389,701111,A/7/1 CAV
,,AR,WC43AA,,,TRUE,https://www.vhpa.org/KIA/incident/70111148PWS894275.HTM,48PWS894275,WS894275,UH-1H,69-15220,701111,175 AHC
,,AR,WAAVD0,,,TRUE,https://www.vhpa.org/KIA/incident/70111448PXT982663.HTM,48PXT982663,XT982663,OH-6A,68-17270,701114,D/227 AVN
,70111999.KIA,AR,WAB0C0,,,TRUE,https://www.vhpa.org/KIA/incident/70111999KIA.HTM,48QYD475052,YD475052,OH-6A,67-16391,701119,C/2/17 CAV
,,AR,WC42AA,,,TRUE,https://www.vhpa.org/KIA/incident/70112349PBS847278.HTM,49PBS847278,BS847278,UH-1C,66-15045,701123,174 AHC
,,AR,WDUXAA,,,TRUE,https://www.vhpa.org/KIA/incident/70112448PVS599348.HTM,48PVS599348,VS599348,UH-1D,65-12875,701124,191 AHC
,,AR,,,,TRUE,https://www.vhpa.org/KIA/incident/70112448QXD720250.HTM,48QXD720250,XD720250,OH-6,67-12304,701124,
1678,70112424.KIA,AR,WAB0A0,,,TRUE,https://www.vhpa.org/KIA/incident/70112424KIA.HTM,48QXD920237,XD920237,OH-6A,67-16384,701124,A/2/17 CAV
,701124211ACD,AR,WG20AA,,,FALSE,https://www.vhpa.org/KIA/incident/701124211ACD.HTM,49PBT523095,BT523095,UH-1H,67-17840,701124,F/8 CAV
,701124121ACD,AR,WFBFAA,,,TRUE,https://www.vhpa.org/KIA/incident/701124121ACD.HTM,49PBS656962,BS656962,OH-6A,68-17177,701124,198 BDE
,,AR,WC43AA,,,TRUE,https://www.vhpa.org/KIA/incident/70112448PWS858404.HTM,48PWS858404,WS858404,UH-1H,69-15397,701124,175 AHC
,,AR,WAZNB0,,,TRUE,https://www.vhpa.org/KIA/incident/70112648PZA063273.HTM,48PZA063273,ZA063273,OH-6A,67-16136,701126,B/7/17 CAV
,70112810.KIA,AR,WC42AA,,,TRUE,https://www.vhpa.org/KIA/incident/70112810KIA.HTM,49PBS527539,BS527539,UH-1H,66-17036,701128,174 AHC
,,VF,,,,TRUE,https://www.vhpa.org/KIA/incident/70120048QYD133339.HTM,48QYD133339,YD133339,UH-1H,67-17306,701200,
,,VF,,,,TRUE,https://www.vhpa.org/KIA/incident/70120048PXT062255.HTM,48PXT062255,XT062255,UH-1H,68-15713,701200,
,701201161ACD,AR,WA1MAA,,Crashed at the mouth of the Ming Yang Pass 4 KM East of Phu Yen Village on QL-19.,FALSE,https://www.vhpa.org/KIA/incident/701201161ACD.HTM,49PBR220524,BR220524,OH-58A,68-16749,701201,7/15 ART
,,AR,WDUSAA,,,TRUE,https://www.vhpa.org/KIA/incident/70120149PBR228510.HTM,49PBR228510,BR228510,OH-58A,68-16791,701201,25 CAC
,,AR,WAX5AA,,,TRUE,https://www.vhpa.org/KIA/incident/70120349PAR867440.HTM,49PAR867440,AR867440,UH-1H,68-15757,701203,57 AHC
,,VF,WAX7AA,,,TRUE,https://www.vhpa.org/KIA/incident/70120348PWR329261.HTM,48PWR329261,WR329261,UH-1H,68-16156,701203,114 AHC
,701204171ACD,AR,WA2FAA,,,TRUE,https://www.vhpa.org/KIA/incident/701204171ACD.HTM,49PBP682926,BP682926,OH-58A,68-16803,701204,2/17 ARTY
,,AR,WHZMAA,,,TRUE,https://www.vhpa.org/KIA/incident/70120548PWS858017.HTM,48PWS858017,WS858017,OH-6A,68-17325,701205,C/16 CAV
,70120808.KIA,AR,WAZNA0,,,TRUE,https://www.vhpa.org/KIA/incident/70120808KIA.HTM,49PAN722249,AN722249,OH-6A,67-16536,701208,A/7/17 CAV
,,AR,WGZ6A0,,,TRUE,https://www.vhpa.org/KIA/incident/70120848PWR164998.HTM,48PWR164998,WR164998,OH-6A,67-16620,701208,A/7/1 CAV
,,AR,WAGTB0,,,TRUE,https://www.vhpa.org/KIA/incident/70121248PZT110561.HTM,48PZT110561,ZT110561,OH-6A,67-16439,701212,B/1/9 CAV
,,AR,WGPQAA,,,TRUE,https://www.vhpa.org/KIA/incident/70121348PXS405443.HTM,48PXS405443,XS405443,UH-1D,66-16408,701213,335 AHC
,,AR,WAGTC0,,,TRUE,https://www.vhpa.org/KIA/incident/70121348PYT348333.HTM,48PYT348333,YT348333,OH-6A,67-16103,701213,C/1/9 CAV
,70121333.KIA,AR,WAAVD0,,,TRUE,https://www.vhpa.org/KIA/incident/70121333KIA.HTM,48PYT543906,YT543906,OH-6A,67-16158,701213,D/227 AVN
,,AR,WAZNA0,,,TRUE,https://www.vhpa.org/KIA/incident/70121449PBN783775.HTM,49PBN783775,BN783775,AH-1G,67-15806,701214,A/7/17 CAV
,70121444.KIA,AR,WACFAA,,"Night/bad weather medevac, hit Coc Muen Mountain (Hill 1298) 19 km N-NW of A Luoi village. 5 killed.",TRUE,https://www.vhpa.org/KIA/incident/70121448QYD313180.HTM,48QYD313180,YD313180,UH-1H,69-15137,701214,326 MED 101 ABN
,,AR,WAGTB0,,,TRUE,https://www.vhpa.org/KIA/incident/70121549PAN761470.HTM,49PAN761470,AN761470,OH-6A,67-16434,701215,B/1/9 CAV
,,AR,WFJ4C0,,,TRUE,https://www.vhpa.org/KIA/incident/70121548QYD438199.HTM,48QYD438199,YD438199,UH-1H,67-17596,701215,C/158 AVN
,,AR,WAAMC0,,,TRUE,https://www.vhpa.org/KIA/incident/70121548QYD183750.HTM,48QYD183750,YD183750,OH-58A,68-16887,701215,C/3/17 CAV
,,AR,WGPPAA,,,TRUE,https://www.vhpa.org/KIA/incident/70121548PXT857164.HTM,48PXT857164,XT857164,UH-1H,69-15530,701215,334 AHC
,,AR,,,,TRUE,https://www.vhpa.org/KIA/incident/70121648QYD279087.HTM,48QYD279087,YD279087,OH-6A,67-16594,701216,
,701216121ACD,AR,WG1JAA,,,TRUE,https://www.vhpa.org/KIA/incident/701216121ACD.HTM,49PBS565325,BS565325,UH-1H,67-17532,701216,358 AVN DET
,,AR,WGZ6B0,,,TRUE,https://www.vhpa.org/KIA/incident/70121848PXS058534.HTM,48PXS058534,XS058534,OH-6A,66-07807,701218,B/7/1 CAV
,,AR,WGZ6B0,,,TRUE,https://www.vhpa.org/KIA/incident/70121848PXS058534.HTM,48PXS058534,XS058534,OH-6A,66-17759,701218,B/7/1 CAV
,,AR,WAGTT0,,,TRUE,https://www.vhpa.org/KIA/incident/70121848PVR854629.HTM,48PVR854629,VR854629,OH-6A,69-16072,701218,HHT/1/9 CAV
,70121910.KIA,NA,WEAWLF,,,TRUE,https://www.vhpa.org/KIA/incident/70121910KIA.HTM,48PWR312426,WR312426,UH-1B,63-12929,701219,HA(L)-3
,,AR,WAB4AA,,,TRUE,https://www.vhpa.org/KIA/incident/70121948QYD618035.HTM,48QYD618035,YD618035,OH-6A,67-16197,701219,1 BDE 101 ABN
,70121920.KIA,AR,WAZNA0,,,TRUE,https://www.vhpa.org/KIA/incident/70121920KIA.HTM,49PBP389497,BP389497,OH-6A,68-17264,701219,A/7/17 CAV
,70121930.KIA,AR,WG2BAA,,,TRUE,https://www.vhpa.org/KIA/incident/70121930KIA.HTM,48PYT002368,YT002368,OH-6A,69-15963,701219,ACT/11 ACR
,70122424.KIA,AR,WAAMA0,,,TRUE,https://www.vhpa.org/KIA/incident/70122424KIA.HTM,48PXT780975,XT780975,AH-1G,68-15171,701224,A/3/17 CAV
,701224091ACD,AR,WAGTC0,,,TRUE,https://www.vhpa.org/KIA/incident/701224091ACD.HTM,48PYT019423,YT019423,OH-6A,69-16024,701224,C/1/9 CAV
,,AR,WAAMA0,,,TRUE,https://www.vhpa.org/KIA/incident/70122548PXU761067.HTM,48PXU761067,XU761067,OH-58A,68-16934,701225,A/3/17 CAV
,,VF,,,,TRUE,https://www.vhpa.org/KIA/incident/71010048PYB838222.HTM,48PYB838222,YB838222,UH-1H,66-17095,710100,
,,VF,,,,TRUE,https://www.vhpa.org/KIA/incident/71010048PXT363058.HTM,48PXT363058,XT363058,UH-1H,68-15726,710100,
,,VF,,,,TRUE,https://www.vhpa.org/KIA/incident/71010049PBR573447.HTM,49PBR573447,BR573447,UH-1H,68-16129,710100,BELL HCPTR
,,VF,,,,TRUE,https://www.vhpa.org/KIA/incident/71010048PYA766326.HTM,48PYA766326,YA766326,UH-1H,68-16137,710100,
,,AR,WAX5AA,,,TRUE,https://www.vhpa.org/KIA/incident/71010549PAR813477.HTM,49PAR813477,AR813477,UH-1C,66-15040,710105,57 AHC
,,VF,,,,TRUE,https://www.vhpa.org/KIA/incident/71010548PWT096322.HTM,48PWT096322,WT096322,UH-1H,67-17313,710105,
1689,71010519.KIA,AR,WAGTT0,,,TRUE,https://www.vhpa.org/KIA/incident/71010519KIA.HTM,48QZD060160,ZD060160,AH-1G,68-17083,710105,HHT/1/9 CAV
,,AR,WAAMC0,,,TRUE,https://www.vhpa.org/KIA/incident/71010649PBS581576.HTM,49PBS581576,BS581576,OH-58A,69-16080,710106,C/3/17 CAV
,71010726.KIA,AR,WAL1AA,,,TRUE,https://www.vhpa.org/KIA/incident/71010726KIA.HTM,48PYS478910,YS478910,UH-1H,69-15557,710107,2 BDE 25 INF
,71010919.KIA,AR,WACJA0,,,TRUE,https://www.vhpa.org/KIA/incident/71010919KIA.HTM,48QYD201750,YD201750,OH-6A,67-16239,710109,A/377 ART 101 ABN
,71011144.KIA,AR,WAZNA0,,,TRUE,https://www.vhpa.org/KIA/incident/71011144KIA.HTM,49PBR232915,BR232915,OH-6A,66-07923,710111,A/7/17 CAV
,71011111.KIA,AR,WDPCAA,,,TRUE,https://www.vhpa.org/KIA/incident/71011111KIA.HTM,49PBS493743,BS493743,OH-6A,69-16030,710111,11 BDE
,,AR,WAZNA0,,,TRUE,https://www.vhpa.org/KIA/incident/71011549PBQ275882.HTM,49PBQ275882,BQ275882,OH-6A,67-16102,710115,A/7/17 CAV
,,VF,,,,TRUE,https://www.vhpa.org/KIA/incident/71011548PXR098635.HTM,48PXR098635,XR098635,UH-1H,68-15324,710115,
,71011523.KIA,AR,WACFAA,,,TRUE,https://www.vhpa.org/KIA/incident/71011523KIA.HTM,48QYD868002,YD868002,UH-1H,68-15572,710115,326 MED 101 ABN
,,AR,WAAMA0,,,TRUE,https://www.vhpa.org/KIA/incident/71011548PXT726919.HTM,48PXT726919,XT726919,OH-58A,68-16926,710115,A/3/17 CAV
,,AR,WAB0B0,,,TRUE,https://www.vhpa.org/KIA/incident/71011648QYC549795.HTM,48QYC549795,YC549795,OH-6A,67-16344,710116,B/2/17 CAV
,71011625.KIA,AR,WC08AA,,,TRUE,https://www.vhpa.org/KIA/incident/71011625KIA.HTM,48PVS945661,VS945661,UH-1H,68-16062,710116,135 AHC
,,AR,WAAVD0,,,TRUE,https://www.vhpa.org/KIA/incident/71011848PXT163861.HTM,48PXT163861,XT163861,AH-1G,67-15569,710118,D/227 AVN
,,AR,WAAVD0,,,TRUE,https://www.vhpa.org/KIA/incident/71011848PXT656292.HTM,48PXT656292,XT656292,OH-6A,67-16658,710118,D/227 AVN
,71011999.KIA,AR,WAB0C0,,,FALSE,https://www.vhpa.org/KIA/incident/71011999KIA.HTM,48QYD313102,YD313102,OH-6A,67-16161,710119,C/2/17 CAV
,,AR,WGPQAA,,,TRUE,https://www.vhpa.org/KIA/incident/71012148PXS423443.HTM,48PXS423443,XS423443,UH-1C,66-00591,710121,335 AHC
,,AR,WG2BAA,,,TRUE,https://www.vhpa.org/KIA/incident/71012148PXT947386.HTM,48PXT947386,XT947386,OH-6A,67-16137,710121,ACT/11 ACR
,71012222.KIA,AR,WDYBAA,,,TRUE,https://www.vhpa.org/KIA/incident/71012222KIA.HTM,48PYS240957,YS240957,UH-1D,66-16356,710122,240 AHC
,71012211.KIA,AR,WALND0,,,TRUE,https://www.vhpa.org/KIA/incident/71012211KIA.HTM,48PYS259964,YS259964,OH-6A,68-17337,710122,D/3/4 CAV
,,AR,WAAVD0,,,TRUE,https://www.vhpa.org/KIA/incident/71012248PXT727698.HTM,48PXT727698,XT727698,OH-6A,69-15962,710122,D/227 AVN
,,AR,WG20AA,,,TRUE,https://www.vhpa.org/KIA/incident/71012349PAT942118.HTM,49PAT942118,AT942118,OH-6A,69-15976,710123,F/8 CAV
,,AR,WAAXD0,,,TRUE,https://www.vhpa.org/KIA/incident/71012948PXT855477.HTM,48PXT855477,XT855477,OH-6A,67-16186,710129,D/229 AVN
,,AR,WAZNA0,,,TRUE,https://www.vhpa.org/KIA/incident/71012948PZV105738.HTM,48PZV105738,ZV105738,OH-6A,69-15968,710129,A/7/17 CAV
,710130011ACD,AR,WC5LAA,,,TRUE,https://www.vhpa.org/KIA/incident/710130011ACD.HTM,49PCQ194252,CQ194252,CH-47C,68-15869,710130,180 ASHC
,,VF,,,,TRUE,https://www.vhpa.org/KIA/incident/71020049QAT950875.HTM,49QAT950875,AT950875,UH-1D,66-16549,710200,
,,VF,,,,TRUE,https://www.vhpa.org/KIA/incident/71020048PZA210490.HTM,48PZA210490,ZA210490,UH-1D,66-16751,710200,
,,VF,,,,TRUE,https://www.vhpa.org/KIA/incident/71020048PVS866766.HTM,48PVS866766,VS866766,UH-1D,66-16771,710200,
,,VF,,,,TRUE,https://www.vhpa.org/KIA/incident/71020048PXR004839.HTM,48PXR004839,XR004839,UH-1,66-17893,710200,
,,VF,,,,TRUE,https://www.vhpa.org/KIA/incident/71020048PWS950010.HTM,48PWS950010,WS950010,UH-1H,67-18570,710200,
,,VF,,,,TRUE,https://www.vhpa.org/KIA/incident/71020048PYT210170.HTM,48PYT210170,YT210170,UH-1H,67-19518,710200,
,,VF,,,,TRUE,https://www.vhpa.org/KIA/incident/71020048PWT200220.HTM,48PWT200220,WT200220,UH-1H,68-15454,710200,
,,VF,,,,TRUE,https://www.vhpa.org/KIA/incident/71020048PXT095755.HTM,48PXT095755,XT095755,UH-1H,68-15468,710200,
,,VF,,,,TRUE,https://www.vhpa.org/KIA/incident/71020048PVR951830.HTM,48PVR951830,VR951830,UH-1H,68-16461,710200,
,,VF,,,,TRUE,https://www.vhpa.org/KIA/incident/71020049PAR770885.HTM,49PAR770885,AR770885,UH-1H,69-15244,710200,
,,VF,,,,TRUE,https://www.vhpa.org/KIA/incident/71020048PXT705365.HTM,48PXT705365,XT705365,UH-1H,69-15434,710200,
,,NA,WEAWLF,,,TRUE,https://www.vhpa.org/KIA/incident/71020248PVQ492755.HTM,48PVQ492755,VQ492755,UH-1B,63-8715,710202,HA(L)-3
,,AR,WGPQAA,,,TRUE,https://www.vhpa.org/KIA/incident/71020448PWS693551.HTM,48PWS693551,WS693551,UH-1C,64-14167,710204,335 AHC
1699,710205091ACD,AR,WDF2D0,,,TRUE,https://www.vhpa.org/KIA/incident/710205091ACD.HTM,48QXD865443,XD865443,AH-1G,66-15340,710205,D/3/5 CAV
,710206091ACD,AR,WC5JAA,,,TRUE,https://www.vhpa.org/KIA/incident/710206091ACD.HTM,49PAT908230,AT908230,CH-47B,67-18493,710206,178 ASHC
,,AR,WC41AA,,,TRUE,https://www.vhpa.org/KIA/incident/71020848QXD725285.HTM,48QXD725285,XD725285,UH-1H,68-15580,710208,173 AVN
,71020888.KIA,AR,WGZ6B0,,,TRUE,https://www.vhpa.org/KIA/incident/71020888KIA.HTM,48QXD583302,XD583302,UH-1H,68-16063,710208,B/7/1 CAV
1700,71020810.KIA,AR,WFJ4C0,,,TRUE,https://www.vhpa.org/KIA/incident/71020810KIA.HTM,48QXD582368,XD582368,UH-1H,68-16307,710208,C/158 AVN
,,AR,WGZ6C0,,,TRUE,https://www.vhpa.org/KIA/incident/71020948PVR909777.HTM,48PVR909777,VR909777,AH-1G,66-15294,710209,C/7/1 CAV
,71020939.KIA,AR,WAB3D0,,,TRUE,https://www.vhpa.org/KIA/incident/71020939KIA.HTM,48QXD902434,XD902434,AH-1G,68-17106,710209,D/101 AVN
1701,71021018.KIA,AR,WAB0B0,,,TRUE,https://www.vhpa.org/KIA/incident/71021018KIA.HTM,48QYD257076,YD257076,OH-6A,66-17765,710210,B/2/17 CAV
,,AR,WFJ8B0,,,TRUE,https://www.vhpa.org/KIA/incident/71021048QXD564376.HTM,48QXD564376,XD564376,AH-1G,67-15848,710210,B/4/77 ARA 101 ABN
,,AR,WAB0A0,,,TRUE,https://www.vhpa.org/KIA/incident/71021048QXD654284.HTM,48QXD654284,XD654284,OH-6A,67-16483,710210,A/2/17 CAV
,,AR,WFJ8A0,,,TRUE,https://www.vhpa.org/KIA/incident/71021048QXD600376.HTM,48QXD600376,XD600376,AH-1G,68-17059,710210,A/4/77 ARA 101 ABN
,,AR,WAB0A0,,,TRUE,https://www.vhpa.org/KIA/incident/71021048QXD689284.HTM,48QXD689284,XD689284,AH-1G,68-17102,710210,A/2/17 CAV
,,VF,WAGGAA,,,TRUE,https://www.vhpa.org/KIA/incident/71021048QXD688469.HTM,48QXD688469,XD688469,UH-1H,69-15528,710210,2 BDE 1 CAV
,71021139.KIA,AR,WFDWD0,,,TRUE,https://www.vhpa.org/KIA/incident/71021139KIA.HTM,48QXD918545,XD918545,UH-1H,67-17768,710211,D/3/5 CAV
,,AR,WG20AA,,,TRUE,https://www.vhpa.org/KIA/incident/71021148QXD688414.HTM,48QXD688414,XD688414,OH-6A,68-17235,710211,F/8 CAV
,,AR,WAAMC0,,Shot down and crashed inverted.  The Huey 67-17768 that tried to rescue them also got shot down killing two.,TRUE,https://www.vhpa.org/KIA/incident/71021148QXD918545.HTM,48QXD918545,XD918545,OH-58A,69-16091,710211,C/3/17 CAV
,,AR,WAB0C0,,,TRUE,https://www.vhpa.org/KIA/incident/71021248QXD634505.HTM,48QXD634505,XD634505,AH-1G,67-15755,710212,C/2/17 CAV
,,AR,WDF2D0,,,TRUE,https://www.vhpa.org/KIA/incident/71021248PWR932925.HTM,48PWR932925,WR932925,OH-6A,67-16182,710212,D/3/5 CAV
1702,71021210.KIA,AR,WAB0C0,,,TRUE,https://www.vhpa.org/KIA/incident/71021210KIA.HTM,48QXD676488,XD676488,AH-1G,68-17089,710212,C/2/17 CAV
,,VF,,,,TRUE,https://www.vhpa.org/KIA/incident/71021348PVT855712.HTM,48PVT855712,VT855712,UH-1H,68-15272,710213,
,,AR,WAZNC0,,,TRUE,https://www.vhpa.org/KIA/incident/71021448QXD796304.HTM,48QXD796304,XD796304,AH-1G,67-15515,710214,C/7/17 CAV
,,AR,WFJ4B0,,,TRUE,https://www.vhpa.org/KIA/incident/71021448QXD510468.HTM,48QXD510468,XD510468,UH-1H,68-16439,710214,B/158 AVN
,,AR,WCLMAA,,,TRUE,https://www.vhpa.org/KIA/incident/71021548PWR018611.HTM,48PWR018611,WR018611,OH-6A,67-16070,710215,56 TC CO
1703,71021520.TXT,AR,WFJ5C0,,,TRUE,https://www.vhpa.org/KIA/incident/71021520TXT.HTM,48QXD369437,XD369437,CH-47C,67-18506,710215,C/159 AVN
,,AR,WC41AA,,,TRUE,https://www.vhpa.org/KIA/incident/71021848QXD848415.HTM,48QXD848415,XD848415,UH-1C,66-15180,710218,173 AVN
,,AR,WGZ6B0,,,TRUE,https://www.vhpa.org/KIA/incident/71021848QXD796359.HTM,48QXD796359,XD796359,UH-1D,66-16248,710218,B/7/1 CAV
,,AR,WAB0A0,,,TRUE,https://www.vhpa.org/KIA/incident/71021848QXD475357.HTM,48QXD475357,XD475357,AH-1G,67-15698,710218,A/2/17 CAV
1705,71021830.KIA,AR,WAB0C0,,,TRUE,https://www.vhpa.org/KIA/incident/71021830KIA.HTM,48QXD465415,XD465415,OH-6A,67-16528,710218,C/2/17 CAV
,,AF,,,,TRUE,https://www.vhpa.org/KIA/incident/71021848QYC138920.HTM,48QYC138920,YC138920,CH-53C,68-10929,710218,
1706,71021810.TXT,AR,WAB3A0,,,TRUE,https://www.vhpa.org/KIA/incident/71021810TXT.HTM,48QYC481785,YC481785,UH-1H,68-15255,710218,A/101 AVN
,,AR,WEAEAA,,,TRUE,https://www.vhpa.org/KIA/incident/71021848QXD581523.HTM,48QXD581523,XD581523,UH-1H,69-15063,710218,571 MED DET
,,AR,WAGTA0,,,TRUE,https://www.vhpa.org/KIA/incident/71021948PYU484551.HTM,48PYU484551,YU484551,OH-6A,67-16348,710219,A/1/9 CAV
1708,71022010.KIA,AR,WC3EAA,,,TRUE,https://www.vhpa.org/KIA/incident/71022010KIA.HTM,48QXD562198,XD562198,UH-1C,66-00700,710220,48 AHC
,71022038.KIA,AR,WDF2D0,,Rolled in on a 14.5 AAA after a Scout took fire. Took hits and caught fire at 500 ft AGL. Crashed hard and burned.,TRUE,https://www.vhpa.org/KIA/incident/71022038KIA.HTM,48QXD652487,XD652487,AH-1G,67-15579,710220,D/3/5 CAV 5 INF
,71022049.KIA,AR,WAAVB0,,Shot down on take off by automatic weapons and B40 fire after picking up a wounded LT from an LZ east of Snuffy.,TRUE,https://www.vhpa.org/KIA/incident/71022049KIA.HTM,48PYU394385,YU394385,UH-1H,68-15589,710220,B/227 AVN
,,AR,WFJ4C0,,,TRUE,https://www.vhpa.org/KIA/incident/71022048QXD581505.HTM,48QXD581505,XD581505,UH-1H,69-15792,710220,C/158 AVN
,,AR,WC42AA,,,TRUE,https://www.vhpa.org/KIA/incident/71022148QXD583284.HTM,48QXD583284,XD583284,UH-1C,66-15161,710221,174 AHC
,,AR,WDUXAA,,,TRUE,https://www.vhpa.org/KIA/incident/71022248PVR963869.HTM,48PVR963869,VR963869,UH-1H,67-17737,710222,191 AHC
,710223122ACD,AR,WC41AA,,,TRUE,https://www.vhpa.org/KIA/incident/710223122ACD.HTM,48QXD547357,XD547357,UH-1C,65-09503,710223,173 AVN
,,AR,,,,TRUE,https://www.vhpa.org/KIA/incident/71022348PWR822796.HTM,48PWR822796,WR822796,UH-1H,68-15490,710223,
,,VF,,,,TRUE,https://www.vhpa.org/KIA/incident/71022348PXS479056.HTM,48PXS479056,XS479056,UH-1H,68-16552,710223,
,71022323.KIA,AR,WDF2D0,,"Scout mission on Laos border in SVN took fire from large enemy force, tried to stretch autorotation and ran out of RPM, crashed & burned",TRUE,https://www.vhpa.org/KIA/incident/71022323KIA.HTM,48QXD652487,XD652487,OH-58A,69-16085,710223,D/3/5 CAV 5 INF
,710224211ACD,AR,WAAMA0,,,TRUE,https://www.vhpa.org/KIA/incident/710224211ACD.HTM,48PXT762883,XT762883,UH-1D,66-16038,710224,A/3/17 CAV
,,AR,WAAMA0,,,TRUE,https://www.vhpa.org/KIA/incident/71022448PWV943347.HTM,48PWV943347,WV943347,AH-1G,68-17097,710224,A/3/17 CAV
,71022555.KIA,AR,WC42AA,,,TRUE,https://www.vhpa.org/KIA/incident/71022555KIA.HTM,48QXD936582,XD936582,UH-1H,68-15403,710225,174 AHC
,,AR,WAGGAA,,,TRUE,https://www.vhpa.org/KIA/incident/71022548QXD725266.HTM,48QXD725266,XD725266,OH-6A,68-17298,710225,2 BDE 1 CAV
,,AR,WGZ6B0,,,TRUE,https://www.vhpa.org/KIA/incident/71022648QXD671321.HTM,48QXD671321,XD671321,OH-6A,67-16054,710226,B/7/1 CAV
,,AR,WGZ6A0,,,TRUE,https://www.vhpa.org/KIA/incident/71022648QXD726211.HTM,48QXD726211,XD726211,OH-6A,67-16630,710226,A/7/1 CAV
1709,71022626.KIA,AR,WAGTB0,,,TRUE,https://www.vhpa.org/KIA/incident/71022626KIA.HTM,48PWU915264,WU915264,OH-6A,69-16067,710226,B/1/9 CAV
1711,71022720.KIA,AR,WGZ6B0,,,TRUE,https://www.vhpa.org/KIA/incident/71022720KIA.HTM,48QXD625208,XD625208,OH-6A,67-16256,710227,B/7/1 CAV
,,AR,WC03AA,,,TRUE,https://www.vhpa.org/KIA/incident/71022748QXD564394.HTM,48QXD564394,XD564394,CH-47B,67-18449,710227,132 ASHC
,,AR,WFJ4D0,,,TRUE,https://www.vhpa.org/KIA/incident/71022748QXD510468.HTM,48QXD510468,XD510468,AH-1G,68-15120,710227,D/158 AVN
,,AR,WG20AA,,,TRUE,https://www.vhpa.org/KIA/incident/71022748QXD760340.HTM,48QXD760340,XD760340,OH-6A,68-17190,710227,F/8 CAV
,,AR,WFJ4C0,,,TRUE,https://www.vhpa.org/KIA/incident/71022848QXD599450.HTM,48QXD599450,XD599450,UH-1H,68-15401,710228,C/158 AVN
,,AR,WC3EAA,,,TRUE,https://www.vhpa.org/KIA/incident/71022848QXD654210.HTM,48QXD654210,XD654210,UH-1H,68-16276,710228,48 AHC
,,AR,WFJ4C0,,,TRUE,https://www.vhpa.org/KIA/incident/71022848QXD581468.HTM,48QXD581468,XD581468,UH-1H,68-16288,710228,C/158 AVN
,,VF,,,,TRUE,https://www.vhpa.org/KIA/incident/71030048PWU935280.HTM,48PWU935280,WU935280,UH-1H,67-17394,710300,
,,VF,,,,TRUE,https://www.vhpa.org/KIA/incident/71030048PVR942103.HTM,48PVR942103,VR942103,UH-1H,67-17847,710300,BEL HEL
,,VF,,,,TRUE,https://www.vhpa.org/KIA/incident/71030048PYB935187.HTM,48PYB935187,YB935187,UH-1H,68-15651,710300,
,,VF,,,,TRUE,https://www.vhpa.org/KIA/incident/71030048PVS996469.HTM,48PVS996469,VS996469,UH-1H,68-15764,710300,
,,VF,,,,TRUE,https://www.vhpa.org/KIA/incident/71030048PWT230257.HTM,48PWT230257,WT230257,UH-1H,68-16192,710300,
,71030122.KIA,AF,,,"During a troop insertion in northern Laos, lost one engine due to hostile fire, FEs bailed out, pilots died in crash.",TRUE,https://www.vhpa.org/KIA/incident/71030122KIA.HTM,48QTG635243,TG635243,CH-53C,68-10931,710301,21 SOS
1712,71030110.KIA,AR,WAAGAA,,,TRUE,https://www.vhpa.org/KIA/incident/71030110KIA.HTM,48PWU955265,WU955265,UH-1H,69-15684,710301,11 GS 1 CAV
,,AR,,,,TRUE,https://www.vhpa.org/KIA/incident/71030348QXD368411.HTM,48QXD368411,XD368411,UH-1H,67-17343,710303,
,,AR,WAB3A0,,,TRUE,https://www.vhpa.org/KIA/incident/71030348QXD422375.HTM,48QXD422375,XD422375,UH-1H,67-17720,710303,A/101 AVN
,,AR,WC42AA,,,TRUE,https://www.vhpa.org/KIA/incident/71030348QXD582394.HTM,48QXD582394,XD582394,UH-1H,68-15639,710303,174 AHC
,,AR,WC3EAA,,,TRUE,https://www.vhpa.org/KIA/incident/71030348QXD646293.HTM,48QXD646293,XD646293,UH-1H,68-16177,710303,48 AHC
,,AR,WARTAA,,,TRUE,https://www.vhpa.org/KIA/incident/71030348QXD422375.HTM,48QXD422375,XD422375,UH-1H,69-15358,710303,71 AHC
,,AR,,,,TRUE,https://www.vhpa.org/KIA/incident/71030348QXD654303.HTM,48QXD654303,XD654303,UH-1,69-16177,710303,
,,AR,WFJ4C0,,,TRUE,https://www.vhpa.org/KIA/incident/71030448QXD315411.HTM,48QXD315411,XD315411,UH-1H,67-17462,710304,C/158 AVN
,,AR,WC3EAA,,,TRUE,https://www.vhpa.org/KIA/incident/71030448QXD600376.HTM,48QXD600376,XD600376,UH-1H,69-15141,710304,48 AHC
,,AR,WFJ4B0,,,TRUE,https://www.vhpa.org/KIA/incident/71030448QYD346401.HTM,48QYD346401,YD346401,UH-1H,69-15894,710304,B/158 AVN
,,AR,WARTAA,,,TRUE,https://www.vhpa.org/KIA/incident/71030548QXD511394.HTM,48QXD511394,XD511394,UH-1C,65-09492,710305,71 AHC
,,AR,WC42AA,,,TRUE,https://www.vhpa.org/KIA/incident/71030548QXD511394.HTM,48QXD511394,XD511394,UH-1C,66-15094,710305,174 AHC
1717,71030505.KIA,AR,WFJ4C0,,,TRUE,https://www.vhpa.org/KIA/incident/71030505KIA.HTM,48QXD425405,XD425405,UH-1H,67-17341,710305,C/158 AVN
,710305101ACD,AR,WC5LAA,,,TRUE,https://www.vhpa.org/KIA/incident/710305101ACD.HTM,49PBR928208,BR928208,CH-47C,67-18518,710305,180 ASHC
,,AR,WC42AA,,,TRUE,https://www.vhpa.org/KIA/incident/71030548QXD351411.HTM,48QXD351411,XD351411,UH-1H,68-15215,710305,174 AHC
,,AR,WC42AA,,,TRUE,https://www.vhpa.org/KIA/incident/71030548QXD457412.HTM,48QXD457412,XD457412,UH-1H,69-15783,710305,174 AHC
,,AR,WDX9AA,,,TRUE,https://www.vhpa.org/KIA/incident/71030648QXD493375.HTM,48QXD493375,XD493375,UH-1C,66-15042,710306,238 AVN
1718,710306111ACD,AR,WGZ6B0,,,TRUE,https://www.vhpa.org/KIA/incident/710306111ACD.HTM,48QXD670470,XD670470,AH-1G,67-15464,710306,B/7/1 CAV
,,AR,WAZNC0,,,TRUE,https://www.vhpa.org/KIA/incident/71030648QXD528486.HTM,48QXD528486,XD528486,AH-1G,67-15832,710306,C/7/17 CAV
,,AR,WFJGAA,,,TRUE,https://www.vhpa.org/KIA/incident/71030648QXD333429.HTM,48QXD333429,XD333429,UH-1H,67-17529,710306,282 AHC
,,AR,WAZNB0,,,TRUE,https://www.vhpa.org/KIA/incident/71030648PYB873120.HTM,48PYB873120,YB873120,OH-6A,68-17361,710306,B/7/17 CAV
1719,71030725.KIA,AR,,,,TRUE,https://www.vhpa.org/KIA/incident/71030725KIA.HTM,48QXD653388,XD653388,OH-58A,68-16814,710307,HHC 1 BDE 5 INF
,,AR,WAGTA0,,,TRUE,https://www.vhpa.org/KIA/incident/71030748PXU505360.HTM,48PXU505360,XU505360,OH-6A,68-17364,710307,A/1/9 CAV
,710307091ACD,AR,WG20AA,,,TRUE,https://www.vhpa.org/KIA/incident/710307091ACD.HTM,48QXD191429,XD191429,AH-1G,69-16438,710307,F/8 CAV
1721,71030820.TXT,AR,WAB0B0,,,TRUE,https://www.vhpa.org/KIA/incident/71030820TXT.HTM,48QYD199129,YD199129,OH-6A,67-16645,710308,B/2/17 CAV
,,AR,WAB3A0,,,TRUE,https://www.vhpa.org/KIA/incident/71030848QXD636266.HTM,48QXD636266,XD636266,UH-1H,68-16350,710308,A/101 AVN
1720,,AR,WDPCAA,,,TRUE,https://www.vhpa.org/KIA/incident/71030848QYD170750.HTM,48QYD170750,YD170750,OH-6A,69-16037,710308,11 BDE
,,AR,WBM2AA,,,TRUE,https://www.vhpa.org/KIA/incident/71030948QXD351393.HTM,48QXD351393,XD351393,UH-1H,68-16249,710309,498 MED
1722,71031010.TXT,AR,WAGTA0,,,TRUE,https://www.vhpa.org/KIA/incident/71031010TXT.HTM,48PXU504545,XU504545,OH-6A,67-16412,710310,A/1/9 CAV
,,AR,WFJ4A0,,,TRUE,https://www.vhpa.org/KIA/incident/71031048QXD529375.HTM,48QXD529375,XD529375,UH-1H,67-17616,710310,A/158 AVN
,,AR,,,,TRUE,https://www.vhpa.org/KIA/incident/71031048QXD706395.HTM,48QXD706395,XD706395,UH-1H,69-16695,710310,
,,AR,WC3EAA,,,TRUE,https://www.vhpa.org/KIA/incident/71031148QXD493357.HTM,48QXD493357,XD493357,UH-1D,66-01206,710311,48 AHC
,71031122.KIA,AR,WC3EAA,,,TRUE,https://www.vhpa.org/KIA/incident/71031148QXD493357.HTM,48QXD493357,XD493357,UH-1C,66-15097,710311,48 AHC
,,AR,WC41AA,,,TRUE,https://www.vhpa.org/KIA/incident/71031148QXD493357.HTM,48QXD493357,XD493357,UH-1H,68-15776,710311,173 AVN
,,AR,WC41AA,,,TRUE,https://www.vhpa.org/KIA/incident/71031148QXD493357.HTM,48QXD493357,XD493357,UH-1H,68-16382,710311,173 AVN
,71031111.KIA,AR,WANLAA,,,TRUE,https://www.vhpa.org/KIA/incident/71031111KIA.HTM,48QXD670450,XD670450,UH-1H,69-16700,710311,5 MECH
,71031210.KIA,AR,WAGTC0,,The main rotor head was blown off by .51 cal fire.,TRUE,https://www.vhpa.org/KIA/incident/71031210KIA.HTM,48PWT891658,WT891658,AH-1G,68-15062,710312,C/1/9 CAV
,,AR,WC41AA,,,TRUE,https://www.vhpa.org/KIA/incident/71031348QXD498355.HTM,48QXD498355,XD498355,UH-1H,69-15380,710313,173 AVN
,,AR,WHZMAA,,,TRUE,https://www.vhpa.org/KIA/incident/71031448PVR817243.HTM,48PVR817243,VR817243,OH-6A,68-17183,710314,C/16 CAV
,,AR,WAGTA0,,,TRUE,https://www.vhpa.org/KIA/incident/71031448PXU486545.HTM,48PXU486545,XU486545,OH-6A,69-15967,710314,A/1/9 CAV
,,AR,,,,TRUE,https://www.vhpa.org/KIA/incident/71031548QXD440375.HTM,48QXD440375,XD440375,AH-1G,66-15337,710315,ARADMAC
,,AR,WDF2D0,,,TRUE,https://www.vhpa.org/KIA/incident/71031548QXD689377.HTM,48QXD689377,XD689377,OH-58A,68-16986,710315,D/3/5 CAV
,,AR,WFJ8A0,,,TRUE,https://www.vhpa.org/KIA/incident/71031548QXD440375.HTM,48QXD440375,XD440375,AH-1G,68-17073,710315,A/4/77 ARA 101 ABN
,710316341ACD,AR,WFJ8B0,,,TRUE,https://www.vhpa.org/KIA/incident/710316341ACD.HTM,48QYD357472,YD357472,AH-1G,66-15310,710316,B/4/77 ARA 101 ABN
,,AR,WAB0A0,,,TRUE,https://www.vhpa.org/KIA/incident/71031648QXD476301.HTM,48QXD476301,XD476301,AH-1G,67-15743,710316,A/2/17 CAV 101 ABN
,,AR,WC3EAA,,,TRUE,https://www.vhpa.org/KIA/incident/71031648QXD475375.HTM,48QXD475375,XD475375,UH-1H,68-16345,710316,48 AHC
,710317181ACD,AR,WHZMAA,,Mid-air with an Air America fixed wing that hit the Cobra from above and behind.,TRUE,https://www.vhpa.org/KIA/incident/710317181ACD.HTM,48PWS840091,WS840091,AH-1G,67-15676,710317,C/16 CAV
,,AR,WDX6AA,,,TRUE,https://www.vhpa.org/KIA/incident/71031748PXU487453.HTM,48PXU487453,XU487453,AH-1G,68-15035,710317,235 AVN
,710317101ACD,AR,,,,TRUE,https://www.vhpa.org/KIA/incident/710317101ACD.HTM,48QXD777433,XD777433,OH-58A,68-16884,710317,HHC 1 BDE 5 INF
1728,71031728.KIA,AR,WAGTA0,,,TRUE,https://www.vhpa.org/KIA/incident/71031728KIA.HTM,48PXU487457,XU487457,AH-1G,68-17035,710317,A/1/9 CAV
,,AR,WAGTC0,,,TRUE,https://www.vhpa.org/KIA/incident/71031748PXT965460.HTM,48PXT965460,XT965460,OH-6A,68-17220,710317,C/1/9 CAV
1727,71031726.KIA,AR,WC3HAA,,,TRUE,https://www.vhpa.org/KIA/incident/71031726KIA.HTM,48PXU470453,XU470453,UH-1H,69-15664,710317,128 AHC
,,AR,WFJ5C0,,,TRUE,https://www.vhpa.org/KIA/incident/71031848QXD635376.HTM,48QXD635376,XD635376,CH-47C,67-18502,710318,C/159 AVN
1729,71031810.KIA,AR,WAB3D0,,,TRUE,https://www.vhpa.org/KIA/incident/71031810KIA.HTM,48QXD469397,XD469397,AH-1G,68-15077,710318,D/101 AVN 101 ABN
,,AR,WC41AA,,,TRUE,https://www.vhpa.org/KIA/incident/71031848QXD635395.HTM,48QXD635395,XD635395,UH-1H,69-15088,710318,173 AVN
1730,71031910.KIA,AR,WC3EAA,,,TRUE,https://www.vhpa.org/KIA/incident/71031910KIA.HTM,48QXD585428,XD585428,UH-1C,65-09489,710319,48 AHC
,,AR,WC41AA,,,TRUE,https://www.vhpa.org/KIA/incident/71031948QXD582431.HTM,48QXD582431,XD582431,UH-1H,68-16130,710319,173 AVN
1731,71032010.TXT,AR,,,,TRUE,https://www.vhpa.org/KIA/incident/71032010TXT.HTM,48QXD515352,XD515352,UH-1D,66-16185,710320,B/101 AHB 101 ABN
,,AR,WG1RAA,,,TRUE,https://www.vhpa.org/KIA/incident/71032048PYB998221.HTM,48PYB998221,YB998221,AH-1G,67-15597,710320,361 AWC
,,AR,WGZ6B0,,,TRUE,https://www.vhpa.org/KIA/incident/71032048QXD742359.HTM,48QXD742359,XD742359,UH-1H,67-17708,710320,B/7/1 CAV
,,AR,WFJ4C0,,,TRUE,https://www.vhpa.org/KIA/incident/71032048QXD582394.HTM,48QXD582394,XD582394,UH-1H,68-16389,710320,C/158 AVN
,,AR,,,,TRUE,https://www.vhpa.org/KIA/incident/71032048QXD511357.HTM,48QXD511357,XD511357,UH-1H,68-16492,710320,B/101 AHB 101 ABN
,,AR,WAB3B0,,,TRUE,https://www.vhpa.org/KIA/incident/71032048QXD511357.HTM,48QXD511357,XD511357,UH-1H,69-15505,710320,B/101 AVN
,,AR,WFJ4B0,,,TRUE,https://www.vhpa.org/KIA/incident/71032048QXD582413.HTM,48QXD582413,XD582413,UH-1H,69-15718,710320,B/158 AVN
,,AR,,,,TRUE,https://www.vhpa.org/KIA/incident/71032048QXD511357.HTM,48QXD511357,XD511357,UH-1H,69-16654,710320,
,,AR,WHZMAA,,,TRUE,https://www.vhpa.org/KIA/incident/71032148PWR055519.HTM,48PWR055519,WR055519,AH-1G,67-15798,710321,C/16 CAV
,,AR,,,,TRUE,https://www.vhpa.org/KIA/incident/71032148QXD706451.HTM,48QXD706451,XD706451,UH-1H,67-17642,710321,326 MED 101 CAV
,71032111.KIA,AR,WAZNC0,,,TRUE,https://www.vhpa.org/KIA/incident/71032111KIA.HTM,48QXD635358,XD635358,AH-1G,68-15019,710321,C/7/17 CAV
,,AR,WAAMC0,,,TRUE,https://www.vhpa.org/KIA/incident/71032148PWR037556.HTM,48PWR037556,WR037556,AH-1G,68-15029,710321,C/3/17 CAV
1733,71032210.KIA,AR,WC44AA,,,TRUE,https://www.vhpa.org/KIA/incident/71032210KIA.HTM,48QXD666365,XD666365,UH-1H,68-15759,710322,176 AHC
,,AR,WFELAA,,,TRUE,https://www.vhpa.org/KIA/incident/71032248PWR055537.HTM,48PWR055537,WR055537,UH-1H,68-15766,710322,162 AHC
,,AR,WGLEB0,,,TRUE,https://www.vhpa.org/KIA/incident/71032249PBT039689.HTM,49PBT039689,BT039689,OH-6A,68-17306,710322,B/123 AVN 23 INF
,,AR,WFELAA,,,TRUE,https://www.vhpa.org/KIA/incident/71032248PWR055537.HTM,48PWR055537,WR055537,UH-1H,69-15381,710322,162 AHC
,71032221.KIA,AR,WAB0T0,,,TRUE,https://www.vhpa.org/KIA/incident/71032221KIA.HTM,48QXD850194,XD850194,UH-1H,69-15403,710322,HHT/2/17 CAV
,,AR,WDUYAA,,,TRUE,https://www.vhpa.org/KIA/incident/71032349PAQ862144.HTM,49PAQ862144,AQ862144,UH-1C,66-00556,710323,192 AHC
,,AR,WDX9AA,,,TRUE,https://www.vhpa.org/KIA/incident/71032348QXD848415.HTM,48QXD848415,XD848415,UH-1C,66-15206,710323,238 AVN
,,AR,WGPQAA,,,TRUE,https://www.vhpa.org/KIA/incident/71032348PXS260037.HTM,48PXS260037,XS260037,UH-1H,67-17361,710323,335 AHC
,71032333.KIA,AR,WAGTA0,,,TRUE,https://www.vhpa.org/KIA/incident/71032333KIA.HTM,48PXU542342,XU542342,AH-1G,68-15111,710323,A/1/9 CAV
,,AR,WFJ8A0,,,TRUE,https://www.vhpa.org/KIA/incident/71032348QXD848415.HTM,48QXD848415,XD848415,AH-1G,68-15150,710323,A/4/77 ARA 101 ABN
,,VF,,,,TRUE,https://www.vhpa.org/KIA/incident/71032349PBP646882.HTM,49PBP646882,BP646882,UH-1H,68-15602,710323,
,,AR,WDF2D0,,,TRUE,https://www.vhpa.org/KIA/incident/71032448QXD670543.HTM,48QXD670543,XD670543,UH-1D,66-16627,710324,D/3/5 CAV
,71032438.KIA,AR,WDF2D0,,,TRUE,https://www.vhpa.org/KIA/incident/71032438KIA.HTM,48QXD670543,XD670543,OH-58A,68-16955,710324,D/3/5 CAV 5 INF
,,AR,WG20AA,,,TRUE,https://www.vhpa.org/KIA/incident/71032448QYD062343.HTM,48QYD062343,YD062343,UH-1H,69-15379,710324,F/8 CAV
1735,71032437.KIA,AR,WDF2D0,,,TRUE,https://www.vhpa.org/KIA/incident/71032437KIA.HTM,48QXD668543,XD668543,OH-58A,69-16136,710324,D/3/5 CAV
,,AR,WAYPAA,,,TRUE,https://www.vhpa.org/KIA/incident/71032549PAQ816222.HTM,49PAQ816222,AQ816222,UH-1D,66-16630,710325,61 AHC
,,AR,WC41AA,,,TRUE,https://www.vhpa.org/KIA/incident/71032548QXD796359.HTM,48QXD796359,XD796359,UH-1H,67-17689,710325,173 AVN
,,AR,WAGTC0,,,TRUE,https://www.vhpa.org/KIA/incident/71032648PWT818676.HTM,48PWT818676,WT818676,OH-6A,69-15996,710326,C/1/9 CAV
,,AR,WGPQAA,,,TRUE,https://www.vhpa.org/KIA/incident/71032748PVR835206.HTM,48PVR835206,VR835206,UH-1C,64-14112,710327,335 AHC
,,AR,WC42AA,,,TRUE,https://www.vhpa.org/KIA/incident/71032748QXD813359.HTM,48QXD813359,XD813359,UH-1H,67-17410,710327,174 AHC
,,AR,WAZNB0,,,TRUE,https://www.vhpa.org/KIA/incident/71032748PYB851470.HTM,48PYB851470,YB851470,OH-6A,68-17248,710327,B/7/17 CAV
,,AR,WAB0A0,,,TRUE,https://www.vhpa.org/KIA/incident/71032848QXD957231.HTM,48QXD957231,XD957231,OH-6A,67-16642,710328,A/2/17 CAV
,,AR,WAG3B0,,,TRUE,https://www.vhpa.org/KIA/incident/71032848QYD026472.HTM,48QYD026472,YD026472,AH-1G,68-15199,710328,B/2/20 ARA 1 CAV
,,AR,WC41AA,,,TRUE,https://www.vhpa.org/KIA/incident/71032848QXD955453.HTM,48QXD955453,XD955453,UH-1H,68-15666,710328,173 AVN
,71032999.KIA,AR,WC43AA,,,TRUE,https://www.vhpa.org/KIA/incident/71032999KIA.HTM,48PXR170871,XR170871,AH-1G,67-15820,710329,175 AHC
,,AR,WDF2D0,,,TRUE,https://www.vhpa.org/KIA/incident/71032948PXS388037.HTM,48PXS388037,XS388037,OH-6A,67-16058,710329,D/3/5 CAV
,,AR,WAX5AA,,,TRUE,https://www.vhpa.org/KIA/incident/71032948PYB818248.HTM,48PYB818248,YB818248,UH-1H,68-15408,710329,57 AHC
,,AR,WG2BAA,,,TRUE,https://www.vhpa.org/KIA/incident/71032948PWU690173.HTM,48PWU690173,WU690173,UH-1H,69-15189,710329,ACT/11 ACR
,,AR,,,,TRUE,https://www.vhpa.org/KIA/incident/71033048QYD026472.HTM,48QYD026472,YD026472,OH-6A,67-16433,710330,DIR FOR MAINT
,,AR,WFJ6AA,,,TRUE,https://www.vhpa.org/KIA/incident/71033048QXD953600.HTM,48QXD953600,XD953600,OH-6A,69-16036,710330,163 AVN 101 ABN
,,AR,WC3GAA,,,TRUE,https://www.vhpa.org/KIA/incident/71033149PBS368781.HTM,49PBS368781,BS368781,UH-1C,65-09443,710331,116 AHC
,71033131.KIA,AR,WAZNC0,,,TRUE,https://www.vhpa.org/KIA/incident/71033131KIA.HTM,48QYD012011,YD012011,AH-1G,67-15807,710331,C/7/17 CAV
,,AR,WAGFAA,,,TRUE,https://www.vhpa.org/KIA/incident/71033148PYB926194.HTM,48PYB926194,YB926194,UH-1H,68-16367,710331,1 BDE 1 CAV
,71033143.KIA,AR,WAAVA0,,,TRUE,https://www.vhpa.org/KIA/incident/71033143KIA.HTM,48PYB028185,YB028185,UH-1H,69-15277,710331,A/227 AVN
,,VF,,,,TRUE,https://www.vhpa.org/KIA/incident/71040048PXT861530.HTM,48PXT861530,XT861530,UH-1D,,710400,
,,VF,,,,TRUE,https://www.vhpa.org/KIA/incident/71040048QYD825157.HTM,48QYD825157,YD825157,UH-1,62-02807,710400,
,,VF,,,,TRUE,https://www.vhpa.org/KIA/incident/71040048PXT105695.HTM,48PXT105695,XT105695,UH-1D,66-16359,710400,
,,VF,,,,TRUE,https://www.vhpa.org/KIA/incident/71040048PWS650970.HTM,48PWS650970,WS650970,UH-1D,66-16645,710400,
,,VF,,,,TRUE,https://www.vhpa.org/KIA/incident/71040048QYD019513.HTM,48QYD019513,YD019513,UH-1H,67-17741,710400,
,,VF,WAZNA0,,,TRUE,https://www.vhpa.org/KIA/incident/71040048PXT085770.HTM,48PXT085770,XT085770,UH-1H,67-17752,710400,A/7/17 CAV
,,VF,,,,TRUE,https://www.vhpa.org/KIA/incident/71040048PYA550530.HTM,48PYA550530,YA550530,UH-1H,68-16364,710400,
,,VF,,,,TRUE,https://www.vhpa.org/KIA/incident/71040048PYS130830.HTM,48PYS130830,YS130830,UH-1H,68-16388,710400,
,,VF,,,,TRUE,https://www.vhpa.org/KIA/incident/71040048PXU570000.HTM,48PXU570000,XU570000,UH-1H,68-16420,710400,
,,VF,WDUYAA,,,TRUE,https://www.vhpa.org/KIA/incident/71040048PWS768144.HTM,48PWS768144,WS768144,UH-1H,68-16445,710400,192 AHC
,,VF,,,,TRUE,https://www.vhpa.org/KIA/incident/71040049QAU840000.HTM,49QAU840000,AU840000,UH-1,68-17792,710400,
,71040411.KIA,AR,WDYDAA,,,TRUE,https://www.vhpa.org/KIA/incident/71040411KIA.HTM,48PXT857109,XT857109,CH-47A,66-19075,710404,242 ASHC
,,AR,WAB3B0,,,TRUE,https://www.vhpa.org/KIA/incident/71040448QYD547016.HTM,48QYD547016,YD547016,UH-1H,68-16438,710404,B/101 AVN
,,AR,WFBEAA,,,TRUE,https://www.vhpa.org/KIA/incident/71040449PBT215502.HTM,49PBT215502,BT215502,OH-6A,68-17288,710404,196 BDE
,,AR,WFJ4C0,,,TRUE,https://www.vhpa.org/KIA/incident/71040648QXD775672.HTM,48QXD775672,XD775672,UH-1H,69-15662,710406,C/158 AVN
,,AR,WGZ6C0,,,TRUE,https://www.vhpa.org/KIA/incident/71040748PVR854666.HTM,48PVR854666,VR854666,OH-6A,67-16360,710407,C/7/1 CAV
,,AR,WAB3A0,,,TRUE,https://www.vhpa.org/KIA/incident/71040748QYC800742.HTM,48QYC800742,YC800742,UH-1H,67-17261,710407,A/101 AVN
,71040734.KIA,AR,WGZ6C0,,,TRUE,https://www.vhpa.org/KIA/incident/71040734KIA.HTM,48PVR872666,VR872666,UH-1H,69-15824,710407,C/7/1 CAV
,71040847.KIA,AR,WG1JAA,,,TRUE,https://www.vhpa.org/KIA/incident/71040847KIA.HTM,48PYT003220,YT003220,UH-1H,68-15763,710408,358 AVN DET
,,AR,WAGTC0,,,TRUE,https://www.vhpa.org/KIA/incident/71040848PWT818639.HTM,48PWT818639,WT818639,OH-6A,69-15991,710408,C/1/9 CAV
,,AR,WAB3A0,,,TRUE,https://www.vhpa.org/KIA/incident/71040848QYC835761.HTM,48QYC835761,YC835761,UH-1H,69-16702,710408,A/101 AVN
,,NA,WEAWLF,,,TRUE,https://www.vhpa.org/KIA/incident/71040948QWK201150.HTM,48QWK201150,WK201150,UH-1B,63-12944,710409,HA(L)-3
,710410021ACD,AR,WBHEAA,,,TRUE,https://www.vhpa.org/KIA/incident/710410021ACD.HTM,49PBT479167,BT479167,UH-1H,67-17628,710410,68 MED DET
,71041131.KIA,AR,WC42AA,,,TRUE,https://www.vhpa.org/KIA/incident/71041131KIA.HTM,49PBS616520,BS616520,UH-1H,67-17191,710411,174 AHC
,,AR,WAB0A0,,,TRUE,https://www.vhpa.org/KIA/incident/71041148QYD135159.HTM,48QYD135159,YD135159,AH-1G,68-15108,710411,A/2/17 CAV
,,AR,WACYD0,,,TRUE,https://www.vhpa.org/KIA/incident/71041149PBT069283.HTM,49PBT069283,BT069283,OH-6A,68-17291,710411,D/1/1 CAV
,,AR,WAAMB0,,,TRUE,https://www.vhpa.org/KIA/incident/71041148PXU523397.HTM,48PXU523397,XU523397,OH-58A,69-16107,710411,B/3/17 CAV
,,AR,WAGTA0,,,TRUE,https://www.vhpa.org/KIA/incident/71041548PWU853137.HTM,48PWU853137,WU853137,OH-6A,69-16016,710415,A/1/9 CAV
,,AR,WAB5AA,,,TRUE,https://www.vhpa.org/KIA/incident/71041748QYD547016.HTM,48QYD547016,YD547016,UH-1H,68-16534,710417,2 BDE 101 ABN
1741,71041717.KIA,RA,,,,TRUE,https://www.vhpa.org/KIA/incident/71041717KIA.HTM,48PYS476507,YS476507,UH-1D,A2-767,710417,
,,AR,WDYBAA,,,TRUE,https://www.vhpa.org/KIA/incident/71041948PXT656274.HTM,48PXT656274,XT656274,UH-1H,68-16257,710419,240 AHC
,,AR,WDF2D0,,,TRUE,https://www.vhpa.org/KIA/incident/71042048QYD204418.HTM,48QYD204418,YD204418,OH-58A,69-16308,710420,D/3/5 CAV
,,AR,WC5DAA,,,TRUE,https://www.vhpa.org/KIA/incident/71042248QXD975232.HTM,48QXD975232,XD975232,UH-1H,67-18565,710422,605 TC CO
,,AR,WAX7AA,,,TRUE,https://www.vhpa.org/KIA/incident/71042248PVR927832.HTM,48PVR927832,VR927832,AH-1G,69-16418,710422,114 AHC
,,AR,WC3EAA,,,TRUE,https://www.vhpa.org/KIA/incident/71042348QYD219677.HTM,48QYD219677,YD219677,UH-1C,66-00743,710423,48 AHC
,,AR,WC43AA,,,TRUE,https://www.vhpa.org/KIA/incident/71042348PVQ927966.HTM,48PVQ927966,VQ927966,UH-1D,66-16509,710423,175 AHC
,71042310.KIA,AR,WAB0B0,,Believed to be the B/2/17th Cav Huey shot down in a ridge in the A Shau Valley in which CPTs Collum and Speidel died.,TRUE,https://www.vhpa.org/KIA/incident/71042310KIA.HTM,48QYC476923,YC476923,UH-1H,68-16199,710423,B/2/17 CAV 101 ABN
,,AR,WAX6AA,,,TRUE,https://www.vhpa.org/KIA/incident/71042549PBP970585.HTM,49PBP970585,BP970585,UH-1H,66-17083,710425,92 AHC
,,AR,WC3GAA,,,TRUE,https://www.vhpa.org/KIA/incident/71042649PBS617612.HTM,49PBS617612,BS617612,UH-1C,66-00732,710426,116 AHC
,71042626.KIA,AR,WACYD0,,,TRUE,https://www.vhpa.org/KIA/incident/71042626KIA.HTM,49PBS548871,BS548871,OH-6A,68-17299,710426,D/1/1 CAV
,,AR,WC42AA,,,TRUE,https://www.vhpa.org/KIA/incident/71042749PBS370984.HTM,49PBS370984,BS370984,UH-1H,69-15767,710427,174 AHC
,71042949.KIA,AR,WAZNB0,,Lead Cobra of the Stand-by gun team at Camp Holloway. Shot down about 2130 hours while searching for survivors from two VNAF aircraft.,TRUE,https://www.vhpa.org/KIA/incident/71042949KIA.HTM,48PZA150569,ZA150569,AH-1G,67-15468,710429,B/7/17 CAV
,71042988.KIA,AR,WAAMA0,,,TRUE,https://www.vhpa.org/KIA/incident/71042988KIA.HTM,48PXU380065,XU380065,OH-58A,68-16946,710429,A/3/17 CAV
,,AR,WAGHAA,,,TRUE,https://www.vhpa.org/KIA/incident/71043048PXT090824.HTM,48PXT090824,XT090824,OH-6A,66-14414,710430,3 BDE 1 CAV
,,AR,WDF2D0,,,TRUE,https://www.vhpa.org/KIA/incident/71043048QXD670506.HTM,48QXD670506,XD670506,AH-1G,67-15625,710430,D/3/5 CAV
,71043045.KIA,AR,WAB3B0,,,TRUE,https://www.vhpa.org/KIA/incident/71043045KIA.HTM,48QYD332106,YD332106,UH-1H,68-16303,710430,B/101 AVN 101 ABN
,,AR,WG20AA,,,TRUE,https://www.vhpa.org/KIA/incident/71043049PAT984542.HTM,49PAT984542,AT984542,OH-6A,68-17254,710430,F/8 CAV
,,AR,,,,TRUE,https://www.vhpa.org/KIA/incident/71043048QYD350106.HTM,48QYD350106,YD350106,UH-1H,70-15785,710430,AVSCOM FLT DET
,,VF,,,,TRUE,https://www.vhpa.org/KIA/incident/71050048PXU795114.HTM,48PXU795114,XU795114,UH-1H,67-17418,710500,
,,VF,,,,TRUE,https://www.vhpa.org/KIA/incident/71050049PAT955530.HTM,49PAT955530,AT955530,UH-1H,68-15703,710500,
,,VF,,,,TRUE,https://www.vhpa.org/KIA/incident/71050048PWT229233.HTM,48PWT229233,WT229233,UH-1H,68-16173,710500,
,,VF,,,,TRUE,https://www.vhpa.org/KIA/incident/71050048PWR400820.HTM,48PWR400820,WR400820,UH-1H,69-15020,710500,
,,VF,,,,TRUE,https://www.vhpa.org/KIA/incident/71050048PXT025510.HTM,48PXT025510,XT025510,UH-1H,69-15023,710500,
,,VF,,,,TRUE,https://www.vhpa.org/KIA/incident/71050048PXU620110.HTM,48PXU620110,XU620110,UH-1H,69-15688,710500,
,,AR,WAB3B0,,,TRUE,https://www.vhpa.org/KIA/incident/71050148QYD350069.HTM,48QYD350069,YD350069,UH-1H,67-17630,710501,B/101 AVN
,71050303.KIA,AR,,,,TRUE,https://www.vhpa.org/KIA/incident/71050303KIA.HTM,48QXD759525,XD759525,OH-58A,68-16782,710503,HHC 165 CAG
,,AR,WDF2D0,,,TRUE,https://www.vhpa.org/KIA/incident/71050348QXD919489.HTM,48QXD919489,XD919489,OH-58A,68-16860,710503,D/3/5 CAV
,,AR,WAB3B0,,,TRUE,https://www.vhpa.org/KIA/incident/71050448QYD350069.HTM,48QYD350069,YD350069,UH-1H,68-16232,710504,B/101 AVN
,,AR,WHZMAA,,,TRUE,https://www.vhpa.org/KIA/incident/71050548PWR420703.HTM,48PWR420703,WR420703,OH-6A,67-16519,710505,C/16 CAV
,71050710.HEL,AR,WAGTA0,,,TRUE,https://www.vhpa.org/KIA/incident/71050710HEL.HTM,48PWU599118,WU599118,OH-6A,67-16679,710507,A/1/9 CAV
,,AR,WC41AA,,,TRUE,https://www.vhpa.org/KIA/incident/71050948QYD257437.HTM,48QYD257437,YD257437,UH-1C,66-00696,710509,173 AVN
,710510041ACD,AR,WAZNC0,,Pilot lost control of the aircraft in a crosswind condition and crashed into tall trees.,TRUE,https://www.vhpa.org/KIA/incident/710510041ACD.HTM,49PBS629003,BS629003,OH-6A,67-16339,710510,C/7/17 CAV
,71051046.KIA,AR,WAB0C0,,,TRUE,https://www.vhpa.org/KIA/incident/71051046KIA.HTM,48QYD759148,YD759148,OH-6A,67-16543,710510,C/2/17 CAV 101 ABN
,,AR,WDX6AA,,,TRUE,https://www.vhpa.org/KIA/incident/71051248PWS840146.HTM,48PWS840146,WS840146,AH-1G,69-16421,710512,235 AVN
,,AR,WGZ6A0,,,TRUE,https://www.vhpa.org/KIA/incident/71051348PXS204498.HTM,48PXS204498,XS204498,OH-6A,67-16388,710513,A/7/1 CAV
1746,71051610.TXT,AR,WAB3A0,,,TRUE,https://www.vhpa.org/KIA/incident/71051610TXT.HTM,48QYC499987,YC499987,UH-1H,68-15491,710516,A/101 AVN
,71051616.KIA,AR,WGMJAA,,These three men were killed by an enemy rocket while working on this helicopter on the ground.,TRUE,https://www.vhpa.org/KIA/incident/71051616KIA.HTM,48PXT765385,XT765385,UH-1H,69-15272,710516,F/4 CAV
,,AR,,,,TRUE,https://www.vhpa.org/KIA/incident/71051748QXD920397.HTM,48QXD920397,XD920397,AH-1G,67-15847,710517,
1747,71051710.KIA,AR,WFJ4C0,,,TRUE,https://www.vhpa.org/KIA/incident/71051710KIA.HTM,48QYD048268,YD048268,UH-1H,67-17607,710517,C/158 AVN
,,VF,WHZMAA,,,TRUE,https://www.vhpa.org/KIA/incident/71051749PAR777496.HTM,49PAR777496,AR777496,UH-1H,69-15751,710517,C/16 CAV
,,VF,,,,TRUE,https://www.vhpa.org/KIA/incident/71051748PYS132926.HTM,48PYS132926,YS132926,UH-1,69-16388,710517,
,,AR,,,,FALSE,https://www.vhpa.org/KIA/incident/71051848PWS073938.HTM,48PWS073938,WS073938,UH-1H,67-18570,710518,
,71052010.KIA,AR,WAZNA0,,,TRUE,https://www.vhpa.org/KIA/incident/71052010KIA.HTM,48PZA206367,ZA206367,OH-6A,68-17247,710520,A/7/17 CAV
,,AR,WDF2D0,,,TRUE,https://www.vhpa.org/KIA/incident/71052148QYD165750.HTM,48QYD165750,YD165750,OH-58A,68-16774,710521,D/3/5 CAV
,,AR,WACYD0,,,TRUE,https://www.vhpa.org/KIA/incident/71052249PBT353076.HTM,49PBT353076,BT353076,OH-6A,69-16047,710522,D/1/1 CAV
,71052323.KIA,AR,WAGTB0,,,TRUE,https://www.vhpa.org/KIA/incident/71052323KIA.HTM,48PYS223890,YS223890,OH-6A,67-16486,710523,B/1/9 CAV
,71052335.KIA,AR,WGZ6B0,,,TRUE,https://www.vhpa.org/KIA/incident/71052335KIA.HTM,48PVR890501,VR890501,OH-6A,68-17207,710523,B/7/1 CAV
,71052424.KIA,AR,WCLSAA,,,TRUE,https://www.vhpa.org/KIA/incident/71052424KIA.HTM,48PYB980158,YB980158,UH-1H,67-17760,710524,388 TC CO
,,AR,WAAWB0,,,TRUE,https://www.vhpa.org/KIA/incident/71052548PVT148037.HTM,48PVT148037,VT148037,CH-47A,66-00111,710525,B/228 AVN
,71052543.KIA,AR,WAAVA0,,,TRUE,https://www.vhpa.org/KIA/incident/71052543KIA.HTM,48PYB998176,YB998176,UH-1H,69-15704,710525,A/227 AVN
,71052744.KIA,AR,WDF2D0,,Ship crashed possibly due to hostile fire or pulling out of a gun run too low to clear the trees.,TRUE,https://www.vhpa.org/KIA/incident/71052744KIA.HTM,48QYD186455,YD186455,AH-1G,68-15168,710527,D/3/5 CAV 5 INF
1749,71052755.KIA,AR,WAAMA0,,,TRUE,https://www.vhpa.org/KIA/incident/71052755KIA.HTM,48PXU661289,XU661289,OH-58A,68-16888,710527,A/3/17 CAV
1750,71052821.KIA,AR,WAB0B0,,,TRUE,https://www.vhpa.org/KIA/incident/71052821KIA.HTM,48QYD284087,YD284087,OH-6A,67-16670,710528,B/2/17 CAV 101 ABN
,,AR,WC41AA,,"Helicopter was hit by an RPG round at a 50 foot hover, crashed and burned.",TRUE,https://www.vhpa.org/KIA/incident/71052849PAT981376.HTM,49PAT981376,AT981376,UH-1H,69-15695,710528,173 AVN
,,VF,,,,TRUE,https://www.vhpa.org/KIA/incident/71052948PXU580320.HTM,48PXU580320,XU580320,CH-47A,66-00112,710529,237 VNAF
,,AR,WAAMB0,,,TRUE,https://www.vhpa.org/KIA/incident/71052948PXU597297.HTM,48PXU597297,XU597297,AH-1G,68-17094,710529,B/3/17 CAV
,,AR,WBM2AA,,,TRUE,https://www.vhpa.org/KIA/incident/71053048PWU689184.HTM,48PWU689184,WU689184,OH-6A,68-17189,710530,498 MED
,710531061ACD,AR,WDYEAA,,,TRUE,https://www.vhpa.org/KIA/incident/710531061ACD.HTM,49PCQ247339,CQ247339,CH-47A,64-13116,710531,243 ASHC
,,AR,WAAXC0,,,TRUE,https://www.vhpa.org/KIA/incident/71053148PYB988153.HTM,48PYB988153,YB988153,OH-6A,67-16529,710531,C/229 AVN
,,VF,,,,TRUE,https://www.vhpa.org/KIA/incident/71053149PAS924866.HTM,49PAS924866,AS924866,UH-1H,67-17748,710531,
,,VF,,,,TRUE,https://www.vhpa.org/KIA/incident/71060048PWS488005.HTM,48PWS488005,WS488005,UH-1H,68-15552,710600,RED RIVER AD
,,VF,,,,TRUE,https://www.vhpa.org/KIA/incident/71060048PYU900750.HTM,48PYU900750,YU900750,UH-1H,68-15613,710600,
,,VF,,,,TRUE,https://www.vhpa.org/KIA/incident/71060049PBQ015078.HTM,49PBQ015078,BQ015078,UH-1H,68-15617,710600,
,,VF,,,,TRUE,https://www.vhpa.org/KIA/incident/71060048PVR820600.HTM,48PVR820600,VR820600,UH-1H,68-15786,710600,
,,VF,,,,TRUE,https://www.vhpa.org/KIA/incident/71060048PWR080020.HTM,48PWR080020,WR080020,UH-1H,68-15788,710600,
,,AR,WGZ6B0,,,TRUE,https://www.vhpa.org/KIA/incident/71060148PVR854611.HTM,48PVR854611,VR854611,OH-6A,67-16577,710601,B/7/1 CAV
1752,71060110.KIA,AR,WFJ4D0,,,TRUE,https://www.vhpa.org/KIA/incident/71060110KIA.HTM,48QXD855454,XD855454,AH-1G,68-15002,710601,D/158 AVN 101 ABN
,71060141.KIA,AR,WC3HAA,,,TRUE,https://www.vhpa.org/KIA/incident/71060141KIA.HTM,48PXT547199,XT547199,UH-1H,68-16313,710601,128 AHC
,,AR,WAGTB0,,,TRUE,https://www.vhpa.org/KIA/incident/71060248PYT313112.HTM,48PYT313112,YT313112,OH-6A,66-07905,710602,B/1/9 CAV
,,AR,WAY6T0,,,TRUE,https://www.vhpa.org/KIA/incident/71060448PWT709786.HTM,48PWT709786,WT709786,OH-6A,68-17203,710604,HHT/11 ACR
,,AR,WD65AA,https://www.vhpa.org/pictures/6916656.jpg,,TRUE,https://www.vhpa.org/KIA/incident/71060448QXD850418.HTM,48QXD850418,XD850418,UH-1H,69-16656,710604,237 MED DET
,71061027.KIA,AR,WDUYAA,,,TRUE,https://www.vhpa.org/KIA/incident/71061027KIA.HTM,49PAQ785666,AQ785666,UH-1C,66-00597,710610,192 AHC
,,AR,WFJGAA,,,TRUE,https://www.vhpa.org/KIA/incident/71061049PAT788637.HTM,49PAT788637,AT788637,UH-1D,66-00788,710610,282 AHC
,,AR,WAGTA0,,,TRUE,https://www.vhpa.org/KIA/incident/71061448PWT691473.HTM,48PWT691473,WT691473,OH-6A,68-17294,710614,A/1/9 CAV
,71061523.KIA,AR,WEAEAA,,,TRUE,https://www.vhpa.org/KIA/incident/71061523KIA.HTM,48QYD027380,YD027380,UH-1H,68-15364,710615,571 MED DET
,,AR,WG20AA,,,TRUE,https://www.vhpa.org/KIA/incident/71061649QBT058744.HTM,49QBT058744,BT058744,AH-1G,69-16414,710616,F/8 CAV
,,AR,WAAMB0,,,TRUE,https://www.vhpa.org/KIA/incident/71061849QBT057726.HTM,49QBT057726,BT057726,OH-58A,68-16975,710618,B/3/17 CAV
,,AR,WAGTA0,,,TRUE,https://www.vhpa.org/KIA/incident/71062048PWR366611.HTM,48PWR366611,WR366611,OH-6A,68-17363,710620,A/1/9 CAV
,,AR,WACYD0,,,TRUE,https://www.vhpa.org/KIA/incident/71062149PBS549964.HTM,49PBS549964,BS549964,OH-6A,68-17328,710621,D/1/1 CAV
,,AR,WGZ6B0,,,TRUE,https://www.vhpa.org/KIA/incident/71062348PXS058350.HTM,48PXS058350,XS058350,OH-6A,67-16187,710623,B/7/1 CAV
,71062810.KIA,AR,WFBEAA,,,TRUE,https://www.vhpa.org/KIA/incident/71062810KIA.HTM,49PAT859544,AT859544,OH-6A,67-16417,710628,196 BDE
,,AR,WAGHAA,,,TRUE,https://www.vhpa.org/KIA/incident/71062848PYT769078.HTM,48PYT769078,YT769078,UH-1H,69-15632,710628,3 BDE 1 CAV
,,VF,,,,TRUE,https://www.vhpa.org/KIA/incident/71070048PZV110690.HTM,48PZV110690,ZV110690,UH-1H,68-15321,710700,
,,VF,,,,TRUE,https://www.vhpa.org/KIA/incident/71070049PBQ525110.HTM,49PBQ525110,BQ525110,UH-1H,68-16159,710700,
,,VF,,,,TRUE,https://www.vhpa.org/KIA/incident/71070048PXS460670.HTM,48PXS460670,XS460670,UH-1H,69-15281,710700,
,,VF,,,,TRUE,https://www.vhpa.org/KIA/incident/71070048PZA150569.HTM,48PZA150569,ZA150569,UH-1H,69-15747,710700,
,710703012ACD,AR,WFJ8A0,,,TRUE,https://www.vhpa.org/KIA/incident/710703012ACD.HTM,48QYD875014,YD875014,AH-1G,67-15760,710703,A/4/77 ARA 101 ABN
,,AR,WAGTB0,,,TRUE,https://www.vhpa.org/KIA/incident/71070348PYT605040.HTM,48PYT605040,YT605040,OH-6A,67-16522,710703,B/1/9 CAV
,710703011ACD,AR,WFJ8A0,,,TRUE,https://www.vhpa.org/KIA/incident/710703011ACD.HTM,48QYD874005,YD874005,AH-1G,68-15185,710703,A/4/77 ARA 101 ABN
,,AR,WAB0C0,,,TRUE,https://www.vhpa.org/KIA/incident/71070448QYC490857.HTM,48QYC490857,YC490857,AH-1G,67-15748,710704,C/2/17 CAV
,,AR,WAB0C0,,,TRUE,https://www.vhpa.org/KIA/incident/71070448QYC495831.HTM,48QYC495831,YC495831,OH-6A,67-16325,710704,C/2/17 CAV
,71070505.KIA,AR,WGMJAA,,,TRUE,https://www.vhpa.org/KIA/incident/71070505KIA.HTM,48PXT602292,XT602292,OH-6A,69-16043,710705,F/4 CAV
,,AR,WGLEB0,,,TRUE,https://www.vhpa.org/KIA/incident/71071149PBS319539.HTM,49PBS319539,BS319539,AH-1G,67-15644,710711,B/123 AVN 23 INF
,71071114.KIA,AR,WHZMAA,,,TRUE,https://www.vhpa.org/KIA/incident/71071114KIA.HTM,48PWR220353,WR220353,OH-6A,68-17148,710711,C/16 CAV
,,AR,WGZ6C0,,,TRUE,https://www.vhpa.org/KIA/incident/71071348PWT273085.HTM,48PWT273085,WT273085,OH-6A,67-16289,710713,C/7/1 CAV
,,AR,WGZ6C0,,,TRUE,https://www.vhpa.org/KIA/incident/71071548PWS748441.HTM,48PWS748441,WS748441,AH-1G,67-15735,710715,C/7/1 CAV
,,AR,WGZ6C0,,,TRUE,https://www.vhpa.org/KIA/incident/71071548PWT219085.HTM,48PWT219085,WT219085,OH-6A,67-16322,710715,C/7/1 CAV
,,AR,WAB6AA,,,TRUE,https://www.vhpa.org/KIA/incident/71071548QYD205363.HTM,48QYD205363,YD205363,OH-6A,67-16621,710715,3 BDE 101 ABN
,,AR,WAB0B0,,,TRUE,https://www.vhpa.org/KIA/incident/71071648QYD341046.HTM,48QYD341046,YD341046,OH-6A,67-16141,710716,B/2/17 CAV
,71071734.KIA,AR,WGZ6A0,,,TRUE,https://www.vhpa.org/KIA/incident/71071734KIA.HTM,48PVQ945911,VQ945911,OH-6A,67-16523,710717,A/7/1 CAV
1761,71071824.KIA,AR,WAB3C0,,,TRUE,https://www.vhpa.org/KIA/incident/71071824KIA.HTM,48PYC697557,YC697557,UH-1H,68-15671,710718,C/101 AVN
,,AR,WG20AA,,,TRUE,https://www.vhpa.org/KIA/incident/71071848PZC017487.HTM,48PZC017487,ZC017487,OH-6A,69-16012,710718,F/8 CAV
,,AF,,,,TRUE,https://www.vhpa.org/KIA/incident/71072148QTG260968.HTM,48QTG260968,TG260968,HH-53C,68-8285,710721,
1762,71072439.KIA,AR,WAAMA0,,,TRUE,https://www.vhpa.org/KIA/incident/71072439KIA.HTM,48PXU730333,XU730333,OH-6A,68-17257,710724,A/3/17 CAV
,,AR,WAAMA0,,,TRUE,https://www.vhpa.org/KIA/incident/71072748PXT765366.HTM,48PXT765366,XT765366,AH-1G,67-15636,710727,A/3/17 CAV
,,AR,WAAMA0,,,TRUE,https://www.vhpa.org/KIA/incident/71072748PXT765366.HTM,48PXT765366,XT765366,AH-1G,67-15730,710727,A/3/17 CAV
,,AR,,,,TRUE,https://www.vhpa.org/KIA/incident/71072748PXT765366.HTM,48PXT765366,XT765366,OH-6A,67-16128,710727,108TH DIV TNG
,,AR,WAGTA0,,,TRUE,https://www.vhpa.org/KIA/incident/71072748PXT765366.HTM,48PXT765366,XT765366,OH-6A,68-17163,710727,A/1/9 CAV
,,AR,WC5CAA,,,TRUE,https://www.vhpa.org/KIA/incident/71072849PAT839458.HTM,49PAT839458,AT839458,AH-1G,67-15575,710728,604 TC CO
,,AR,WGZ6B0,,,TRUE,https://www.vhpa.org/KIA/incident/71072848PXS497167.HTM,48PXS497167,XS497167,OH-6A,67-16685,710728,B/7/1 CAV
,,AR,WHZMAA,,,TRUE,https://www.vhpa.org/KIA/incident/71072848PVR945869.HTM,48PVR945869,VR945869,OH-6A,68-17195,710728,C/16 CAV
,,AR,WC3EAA,,,TRUE,https://www.vhpa.org/KIA/incident/71072949PAT928377.HTM,49PAT928377,AT928377,UH-1H,68-16259,710729,48 AHC
,,AR,WHZMAA,,,TRUE,https://www.vhpa.org/KIA/incident/71073148PWR970640.HTM,48PWR970640,WR970640,OH-6A,67-16582,710731,C/16 CAV
,,VF,,,,TRUE,https://www.vhpa.org/KIA/incident/71080048QXD565520.HTM,48QXD565520,XD565520,UH-1,15528,710800,
,,VF,,,,TRUE,https://www.vhpa.org/KIA/incident/71080048PXS264427.HTM,48PXS264427,XS264427,UH-1H,68-15538,710800,
,,VF,,,,TRUE,https://www.vhpa.org/KIA/incident/71080048PXU057006.HTM,48PXU057006,XU057006,UH-1H,68-16543,710800,
,,VF,,,,TRUE,https://www.vhpa.org/KIA/incident/71080049PAR950280.HTM,49PAR950280,AR950280,UH-1H,69-15561,710800,
,,VF,,,,TRUE,https://www.vhpa.org/KIA/incident/71080049PBP218209.HTM,49PBP218209,BP218209,UH-1H,69-15567,710800,
,,VF,,,,TRUE,https://www.vhpa.org/KIA/incident/71080048PVR960496.HTM,48PVR960496,VR960496,UH-1,758370,710800,
,,VF,,,,TRUE,https://www.vhpa.org/KIA/incident/71080048PXS555254.HTM,48PXS555254,XS555254,UH-1,881578,710800,
,71080143.KIA,AR,WAB5AA,,,TRUE,https://www.vhpa.org/KIA/incident/71080143KIA.HTM,48QYC993930,YC993930,OH-6A,68-17176,710801,2 BDE 101 ABN
,,AR,WGZ6C0,,,TRUE,https://www.vhpa.org/KIA/incident/71080548PVQ945966.HTM,48PVQ945966,VQ945966,OH-6A,69-16025,710805,C/7/1 CAV
,71081210.KIA,AR,WDF2D0,,"Returning from mission flying at altitude along the DMZ, A/C flew thru GT line of 122 rocket.  A/C exploded.",TRUE,https://www.vhpa.org/KIA/incident/71081210KIA.HTM,48QYD073672,YD073672,UH-1H,67-17791,710812,D/3/5 CAV
,,NA,,,,TRUE,https://www.vhpa.org/KIA/incident/71081248PXS623573.HTM,48PXS623573,XS623573,UH-1H,69-15178,710812,HA(L)-3
,,AR,WAB0A0,,,TRUE,https://www.vhpa.org/KIA/incident/71081648QYD970503.HTM,48QYD970503,YD970503,AH-1G,67-15793,710816,A/2/17 CAV
,,AR,WAB3C0,,,TRUE,https://www.vhpa.org/KIA/incident/71081748QYC800706.HTM,48QYC800706,YC800706,UH-1D,66-16315,710817,C/101 AVN
,,AR,,,,TRUE,https://www.vhpa.org/KIA/incident/71082048QXD989637.HTM,48QXD989637,XD989637,OH-6A,68-17250,710820,108TH DIV TNG
,,AR,WDX9AA,,,TRUE,https://www.vhpa.org/KIA/incident/71082448PXT857146.HTM,48PXT857146,XT857146,UH-1C,66-00617,710824,238 AVN
,,AR,WAAMC0,,,TRUE,https://www.vhpa.org/KIA/incident/71082548PUS851442.HTM,48PUS851442,US851442,OH-6A,67-16203,710825,C/3/17 CAV
,,AR,WE4HAA,,,TRUE,https://www.vhpa.org/KIA/incident/71082649PBS333874.HTM,49PBS333874,BS333874,UH-1C,66-00545,710826,142 TC CO
,,VF,,,,TRUE,https://www.vhpa.org/KIA/incident/71082648PWS607315.HTM,48PWS607315,WS607315,UH-1H,68-15517,710826,
,,AR,,,,TRUE,https://www.vhpa.org/KIA/incident/71082648PWR420832.HTM,48PWR420832,WR420832,OH-6A,68-17170,710826,108TH DIV TNG
,71082727.KIA,AR,WH0JAA,,,TRUE,https://www.vhpa.org/KIA/incident/71082727KIA.HTM,48PYS077981,YS077981,OH-6A,69-15989,710827,H/16 CAV
,,AR,WC5EAA,,,TRUE,https://www.vhpa.org/KIA/incident/71083048PXR700744.HTM,48PXR700744,XR700744,UH-1C,66-00610,710830,608 TC CO
,,AR,WAAGAA,,,TRUE,https://www.vhpa.org/KIA/incident/71083048PYT422131.HTM,48PYT422131,YT422131,OH-6A,69-16034,710830,11 GS 1 CAV
,,AR,WGLEB0,,,TRUE,https://www.vhpa.org/KIA/incident/71083149PBS240616.HTM,49PBS240616,BS240616,OH-6A,68-17353,710831,B/123 AVN 23 INF
,,VF,,,,TRUE,https://www.vhpa.org/KIA/incident/71090049PCP018495.HTM,49PCP018495,CP018495,UH-1H,68-15015,710900,8TH SQ AIR CAV
,,VF,,,,TRUE,https://www.vhpa.org/KIA/incident/71090048PZC143408.HTM,48PZC143408,ZC143408,UH-1H,68-15427,710900,
,,VF,,,,TRUE,https://www.vhpa.org/KIA/incident/71090048PXU540330.HTM,48PXU540330,XU540330,UH-1H,68-16233,710900,
,,VF,,,,TRUE,https://www.vhpa.org/KIA/incident/71090048PWU805250.HTM,48PWU805250,WU805250,UH-1H,68-16277,710900,
,,VF,,,,TRUE,https://www.vhpa.org/KIA/incident/71090048PXS430773.HTM,48PXS430773,XS430773,UH-1H,68-16306,710900,
,71090110.KIA,AR,WH0JAA,,,TRUE,https://www.vhpa.org/KIA/incident/71090110KIA.HTM,48PYS606966,YS606966,AH-1G,68-15041,710901,H/16 CAV
,,NA,WEAWLF,,,TRUE,https://www.vhpa.org/KIA/incident/71090248PWS146809.HTM,48PWS146809,WS146809,UH-1B,64-14083,710902,HA(L)-3
,,AA,,,,TRUE,https://www.vhpa.org/KIA/incident/71090348PXC110190.HTM,48PXC110190,XC110190,UH-34D,153126,710903,Air America
,71090404.KIA,AR,WDF2D0,,,TRUE,https://www.vhpa.org/KIA/incident/71090404KIA.HTM,48QYD289733,YD289733,OH-6A,66-07781,710904,D/3/5 CAV
,,AR,WAZNC0,,,TRUE,https://www.vhpa.org/KIA/incident/71090449PBS649188.HTM,49PBS649188,BS649188,OH-6A,67-16027,710904,C/7/17 CAV
,,AR,WGZ6A0,,,TRUE,https://www.vhpa.org/KIA/incident/71090648PXS899243.HTM,48PXS899243,XS899243,OH-6A,67-16118,710906,A/7/1 CAV
,,AR,WGZ6C0,,,TRUE,https://www.vhpa.org/KIA/incident/71090648PVR927740.HTM,48PVR927740,VR927740,OH-6A,67-16551,710906,C/7/1 CAV
,,AR,,,,TRUE,https://www.vhpa.org/KIA/incident/71090748PXT801367.HTM,48PXT801367,XT801367,OH-6A,67-16516,710907,605 TC DS
,71090740.KIA,AR,WAAMC0,,,TRUE,https://www.vhpa.org/KIA/incident/71090740KIA.HTM,48PXS422720,XS422720,OH-6A,67-16651,710907,C/3/17 CAV
,710911071ACD,AR,WG1RAA,,,TRUE,https://www.vhpa.org/KIA/incident/710911071ACD.HTM,49PBR165430,BR165430,AH-1G,67-15816,710911,361 AWC
,,AR,WCLNAA,,,TRUE,https://www.vhpa.org/KIA/incident/71091348QYC512887.HTM,48QYC512887,YC512887,OH-6A,68-17335,710913,79 TC CO
,,AR,WDYBAA,,,TRUE,https://www.vhpa.org/KIA/incident/71091348PYT241037.HTM,48PYT241037,YT241037,UH-1H,69-16731,710913,240 AHC
,,AR,WACYD0,,,TRUE,https://www.vhpa.org/KIA/incident/71091649PAT999394.HTM,49PAT999394,AT999394,OH-6A,69-16020,710916,D/1/1 CAV
,,AR,,,,TRUE,https://www.vhpa.org/KIA/incident/71091648QZC156784.HTM,48QZC156784,ZC156784,UH-1,70-16712,710916,
,71091777.KIA,AR,WAYPAA,,,TRUE,https://www.vhpa.org/KIA/incident/71091777KIA.HTM,49PBS629022,BS629022,UH-1H,67-17318,710917,61 AHC
,71091935.KIA,AR,WGPQAA,,,TRUE,https://www.vhpa.org/KIA/incident/71091935KIA.HTM,48PVR872722,VR872722,UH-1C,65-09493,710919,335 AHC
,,AR,WAZNC0,,,TRUE,https://www.vhpa.org/KIA/incident/71092049PBR842743.HTM,49PBR842743,BR842743,OH-6A,68-17141,710920,C/7/17 CAV
,71092020.KIA,NA,WEAWLF,,Believed to be a main rotor blade separate during a ferry flight.,TRUE,https://www.vhpa.org/KIA/incident/71092020KIA.HTM,48PXS470910,XS470910,UH-1B,62-04602,710923,HA(L)-3
,71092424.KIA,AR,,,,FALSE,https://www.vhpa.org/KIA/incident/71092424KIA.HTM,48QYD253456,YD253456,OH-6A,,710924,D/3/5 CAV 101 ABN
,,AR,WAB0A0,,,TRUE,https://www.vhpa.org/KIA/incident/71092448QYD189160.HTM,48QYD189160,YD189160,OH-6A,67-16624,710924,A/2/17 CAV
,,AR,WC07AA,,,TRUE,https://www.vhpa.org/KIA/incident/71092549PCQ125985.HTM,49PCQ125985,CQ125985,UH-1C,65-09557,710925,134 AHC
,710925011ACD,AR,WAX8AA,,,TRUE,https://www.vhpa.org/KIA/incident/710925011ACD.HTM,48PYT039128,YT039128,UH-1D,66-01079,710925,117 AHC
,,AR,WC08AA,,,TRUE,https://www.vhpa.org/KIA/incident/71092648PXT090750.HTM,48PXT090750,XT090750,UH-1C,65-09459,710926,135 AHC
,,AR,WBSXAA,,,TRUE,https://www.vhpa.org/KIA/incident/71092648PXT054806.HTM,48PXT054806,XT054806,UH-1H,69-15898,710926,159 MED
,710927171ACD,AR,WGZ6B0,,,TRUE,https://www.vhpa.org/KIA/incident/710927171ACD.HTM,48PWS584533,WS584533,AH-1G,67-15478,710927,B/7/1 CAV
,71092713.KIA,AR,WAAMC0,,,TRUE,https://www.vhpa.org/KIA/incident/71092713KIA.HTM,48PVR835353,VR835353,OH-6A,67-16629,710927,C/3/17 CAV
,71093010.KIA,AR,WAX8AA,,,TRUE,https://www.vhpa.org/KIA/incident/71093010KIA.HTM,48PXT080836,XT080836,UH-1C,65-09458,710930,117 AHC
,,AR,WAY6AA,,Shot down in flames while doing a recon in Cambodia.  Pilots picked up by the C&C Huey 70-15737 flown by CPT Campbell.,TRUE,https://www.vhpa.org/KIA/incident/71093048PXU053008.HTM,48PXU053008,XU053008,AH-1G,67-15501,710930,11 ACR
,,VF,,,,TRUE,https://www.vhpa.org/KIA/incident/71100048PYA605819.HTM,48PYA605819,YA605819,UH-1H,67-17161,711000,
,,VF,,,,TRUE,https://www.vhpa.org/KIA/incident/71100048PXS390067.HTM,48PXS390067,XS390067,UH-1H,68-16490,711000,
,,AR,WFBFAA,,,TRUE,https://www.vhpa.org/KIA/incident/71100148PZC178471.HTM,48PZC178471,ZC178471,OH-6A,66-07930,711001,198 BDE
,,AR,WFELAA,,,TRUE,https://www.vhpa.org/KIA/incident/71100348PWR055445.HTM,48PWR055445,WR055445,UH-1H,69-15540,711003,162 AHC
,,AR,WDYBAA,,,TRUE,https://www.vhpa.org/KIA/incident/71100548PXU099023.HTM,48PXU099023,XU099023,UH-1C,66-15039,711005,240 AHC
,,AR,WAZNB0,,,TRUE,https://www.vhpa.org/KIA/incident/71100549PAS785087.HTM,49PAS785087,AS785087,OH-6A,67-16373,711005,B/7/17 CAV
,711007101ACD,AR,WC07AA,,,TRUE,https://www.vhpa.org/KIA/incident/711007101ACD.HTM,49PCQ211358,CQ211358,UH-1C,66-00636,711007,134 AHC
,711010041ACD,AR,WACFAA,,,TRUE,https://www.vhpa.org/KIA/incident/711010041ACD.HTM,48QZD027059,ZD027059,UH-1H,68-16460,711010,326 MED 101 ABN
,,AR,WHN0AA,,,TRUE,https://www.vhpa.org/KIA/incident/71101248PXT072879.HTM,48PXT072879,XT072879,AH-1G,67-15637,711012,F/79 ARA 1 CAV
,,AR,WDUTAA,,,TRUE,https://www.vhpa.org/KIA/incident/71101348PXT894054.HTM,48PXT894054,XT894054,UH-1H,67-17790,711013,187 AHC
,,AR,WDUTAA,,,TRUE,https://www.vhpa.org/KIA/incident/71101348PXT894054.HTM,48PXT894054,XT894054,UH-1H,69-15135,711013,187 AHC
,,AR,WAB0A0,,,TRUE,https://www.vhpa.org/KIA/incident/71101548QXD904212.HTM,48QXD904212,XD904212,OH-6A,67-16534,711015,A/2/17 CAV
,711022151ACD,AR,WC3GAA,,,TRUE,https://www.vhpa.org/KIA/incident/711022151ACD.HTM,49PBS358982,BS358982,UH-1H,66-16917,711022,116 AHC
1774,711022031ACD,AR,WAB0A0,,,TRUE,https://www.vhpa.org/KIA/incident/711022031ACD.HTM,48QYD033383,YD033383,AH-1G,67-15752,711022,A/2/17 CAV 101 ABN
,,AR,,,,TRUE,https://www.vhpa.org/KIA/incident/71102249PBS369892.HTM,49PBS369892,BS369892,UH-1H,69-15000,711022,
,,AR,WGZ6C0,,,TRUE,https://www.vhpa.org/KIA/incident/71102349PBT532037.HTM,49PBT532037,BT532037,AH-1G,66-15341,711023,C/7/1 CAV
,,AR,WG20AA,,,TRUE,https://www.vhpa.org/KIA/incident/71102349PBT532056.HTM,49PBT532056,BT532056,OH-6A,67-16094,711023,F/8 CAV
,,AR,WGLEA0,,,TRUE,https://www.vhpa.org/KIA/incident/71102349PBT532056.HTM,49PBT532056,BT532056,UH-1H,67-17231,711023,A/123 AVN 23 INF
,,AR,WC44AA,,,TRUE,https://www.vhpa.org/KIA/incident/71102349PBT141620.HTM,49PBT141620,BT141620,UH-1H,68-15341,711023,176 AHC
,,AR,WC42AA,,,TRUE,https://www.vhpa.org/KIA/incident/71102349PBT532056.HTM,49PBT532056,BT532056,UH-1H,69-15763,711023,174 AHC
,,AR,WDF2D0,,,TRUE,https://www.vhpa.org/KIA/incident/71102448QYD310512.HTM,48QYD310512,YD310512,OH-6A,68-17360,711024,D/3/5 CAV
1775,711026111ACD,AR,WC3FAA,,,TRUE,https://www.vhpa.org/KIA/incident/711026111ACD.HTM,49PCP144628,CP144628,CH-47B,66-19143,711026,68 AVN
,,AR,WDUYAA,,,TRUE,https://www.vhpa.org/KIA/incident/71102949PAQ800038.HTM,49PAQ800038,AQ800038,UH-1H,68-15397,711029,192 AHC
,,AR,WAAXD0,,,TRUE,https://www.vhpa.org/KIA/incident/71102948PYT002239.HTM,48PYT002239,YT002239,OH-6A,68-17198,711029,D/229 AVN
,71103030.KIA,AR,WH0JAA,,,TRUE,https://www.vhpa.org/KIA/incident/71103030KIA.HTM,48PYS587966,YS587966,OH-6A,67-16604,711030,H/16 CAV
,71103010.KIA,AR,WG2BAA,,,TRUE,https://www.vhpa.org/KIA/incident/71103048PXT633304.HTM,48PXT633304,XT633304,OH-6A,69-16007,711030,ACT/11 ACR
,,VF,,,,TRUE,https://www.vhpa.org/KIA/incident/71110048PVR840060.HTM,48PVR840060,VR840060,UH-1H,68-16071,711100,
,,AR,WAX5AA,,,TRUE,https://www.vhpa.org/KIA/incident/71110148PYB812691.HTM,48PYB812691,YB812691,UH-1H,68-16323,711101,57 AHC
,,AR,WAZNB0,,,TRUE,https://www.vhpa.org/KIA/incident/71110148PYA971475.HTM,48PYA971475,YA971475,OH-6A,68-17233,711101,B/7/17 CAV
,,AR,WDUTAA,,,TRUE,https://www.vhpa.org/KIA/incident/71110248PWT945639.HTM,48PWT945639,WT945639,UH-1H,67-17625,711102,187 AHC
,71110606.KIA,AR,WC43AA,,,TRUE,https://www.vhpa.org/KIA/incident/71110606KIA.HTM,48PVR854795,VR854795,AH-1G,67-15770,711106,175 AHC
,,AR,WAB4AA,,,TRUE,https://www.vhpa.org/KIA/incident/71110748QYD154067.HTM,48QYD154067,YD154067,OH-6A,66-07891,711107,1 BDE 101 ABN
,,AR,WFJ8B0,,,TRUE,https://www.vhpa.org/KIA/incident/71111048QXD903231.HTM,48QXD903231,XD903231,AH-1G,66-15260,711110,B/4/77 ARA 101 ABN
,,AR,WGZ6B0,,,TRUE,https://www.vhpa.org/KIA/incident/71111148PVR854464.HTM,48PVR854464,VR854464,OH-6A,68-17362,711111,B/7/1 CAV
,711115021ACD,AR,WDUTAA,,,TRUE,https://www.vhpa.org/KIA/incident/711115021ACD.HTM,48PXT109677,XT109677,UH-1D,66-00995,711115,187 AHC
,,AR,WGMJAA,,,TRUE,https://www.vhpa.org/KIA/incident/71111748PXT601384.HTM,48PXT601384,XT601384,OH-6A,69-16032,711117,F/4 CAV
,,AR,WAB0A0,,,TRUE,https://www.vhpa.org/KIA/incident/71111848QYD615257.HTM,48QYD615257,YD615257,OH-6A,68-17236,711118,A/2/17 CAV
,,AR,WAAMB0,,,TRUE,https://www.vhpa.org/KIA/incident/71111848PXT110419.HTM,48PXT110419,XT110419,OH-6A,69-16000,711118,B/3/17 CAV
,,AR,,,,TRUE,https://www.vhpa.org/KIA/incident/71112048PYB838045.HTM,48PYB838045,YB838045,OH-6A,67-16583,711120,
,,VF,,,,TRUE,https://www.vhpa.org/KIA/incident/71112048PXT930060.HTM,48PXT930060,XT930060,UH-1H,68-15355,711120,
,,AR,WAX6AA,,,TRUE,https://www.vhpa.org/KIA/incident/71112348QYD007582.HTM,48QYD007582,YD007582,UH-1H,69-15114,711123,92 AHC
1780,71112555.KIA,AF,,,,TRUE,https://www.vhpa.org/KIA/incident/71112555KIA.HTM,48PXS953730,XS953730,HH-53C,68-10366,711125,37 ARRS
,,AR,WAZNB0,,,TRUE,https://www.vhpa.org/KIA/incident/71112748PYB837156.HTM,48PYB837156,YB837156,OH-6A,66-07842,711127,B/7/17 CAV
,,AR,WAZNB0,,,TRUE,https://www.vhpa.org/KIA/incident/71112848QXD921231.HTM,48QXD921231,XD921231,OH-6A,66-07938,711128,B/7/17 CAV
,,AR,WAZNB0,,,TRUE,https://www.vhpa.org/KIA/incident/71112848PYB838045.HTM,48PYB838045,YB838045,OH-6A,66-17833,711128,B/7/17 CAV
,711128081ACD,AR,WFJ5C0,,,TRUE,https://www.vhpa.org/KIA/incident/711128081ACD.HTM,48QZC010985,ZC010985,CH-47C,68-15866,711128,C/159 AVN
,,VF,,,,TRUE,https://www.vhpa.org/KIA/incident/71120048PYS135940.HTM,48PYS135940,YS135940,UH-1H,67-17321,711200,
,,VF,,,,TRUE,https://www.vhpa.org/KIA/incident/71120048QXD677447.HTM,48QXD677447,XD677447,UH-1H,68-15715,711200,
,,AR,WAGTB0,,,TRUE,https://www.vhpa.org/KIA/incident/71120248PYS533984.HTM,48PYS533984,YS533984,OH-6A,69-15995,711202,B/1/9 CAV
,,AR,,,,TRUE,https://www.vhpa.org/KIA/incident/71120349PCR035129.HTM,49PCR035129,CR035129,UH-1H,67-17319,711203,
,,AR,WHZMAA,,Damaged by small arms fire.,FALSE,https://www.vhpa.org/KIA/incident/71120948PVR890777.HTM,48PVR890777,VR890777,UH-1H,,711209,C/16 CAV
,,AR,WHZMAA,,,TRUE,https://www.vhpa.org/KIA/incident/71120948PVR890777.HTM,48PVR890777,VR890777,OH-6A,67-16013,711209,C/16 CAV
,71120935.KIA,AR,WHZMAA,,,TRUE,https://www.vhpa.org/KIA/incident/71120935KIA.HTM,48PVR890777,VR890777,OH-6A,67-16268,711209,C/16 CAV
,,AR,WDQLAA,,,TRUE,https://www.vhpa.org/KIA/incident/71120948PWU925247.HTM,48PWU925247,WU925247,CH-47C,68-16000,711209,213 ASHC
,,AR,WHZMAA,,Damaged by small arms fire.,FALSE,https://www.vhpa.org/KIA/incident/71120948PVR890777.HTM,48PVR890777,VR890777,UH-1H,68-16286,711209,C/16 CAV
,,AR,WAGTB0,,,TRUE,https://www.vhpa.org/KIA/incident/71120948PYT605095.HTM,48PYT605095,YT605095,UH-1H,69-15106,711209,B/1/9 CAV
,,AR,WH0JAA,,,TRUE,https://www.vhpa.org/KIA/incident/71120948PYT605095.HTM,48PYT605095,YT605095,UH-1H,69-15106,711209,H/16 CAV
,,AR,WCWVAA,,,TRUE,https://www.vhpa.org/KIA/incident/71121048PWU925229.HTM,48PWU925229,WU925229,UH-1H,67-19503,711210,35 ENG GRP
,71121212.KIA,AR,WGMJAA,,,TRUE,https://www.vhpa.org/KIA/incident/71121212KIA.HTM,48PWU943248,WU943248,OH-6A,68-17229,711212,F/4 CAV
,,AR,WAB0C0,,,TRUE,https://www.vhpa.org/KIA/incident/71121549PBR928263.HTM,49PBR928263,BR928263,OH-6A,66-07811,711215,C/2/17 CAV
,,AR,WFELAA,,,TRUE,https://www.vhpa.org/KIA/incident/71121948PWR165132.HTM,48PWR165132,WR165132,UH-1C,66-15037,711219,162 AHC
1787,71121910.KIA,AR,WAY6AA,,,TRUE,https://www.vhpa.org/KIA/incident/71121910KIA.HTM,48PXU026248,XU026248,OH-6A,67-16347,711219,11 ACR
,,AR,WAB0C0,,,TRUE,https://www.vhpa.org/KIA/incident/71122048PWU998248.HTM,48PWU998248,WU998248,OH-6A,67-16609,711220,C/2/17 CAV
,,AR,WAX8AA,,,TRUE,https://www.vhpa.org/KIA/incident/71122148PWU708155.HTM,48PWU708155,WU708155,UH-1C,65-09554,711221,117 AHC
,,AR,WAZNB0,,,TRUE,https://www.vhpa.org/KIA/incident/71122749PAR922592.HTM,49PAR922592,AR922592,OH-6A,67-16386,711227,B/7/17 CAV
,,AR,WEAEAA,,,FALSE,https://www.vhpa.org/KIA/incident/71122748PXT402070.HTM,48PXT402070,XT402070,UH-1H,68-16330,711227,571 MED DET
,,AR,WC7DAA,,,TRUE,https://www.vhpa.org/KIA/incident/71122949PCQ188521.HTM,49PCQ188521,CQ188521,UH-1H,68-15483,711229,21 SIG GRP
,,VF,WAAWA0,,,TRUE,https://www.vhpa.org/KIA/incident/72010048PWR287965.HTM,48PWR287965,WR287965,CH-47A,66-00066,720100,A/228 AVN
,,VF,WGZ6B0,,,TRUE,https://www.vhpa.org/KIA/incident/72010048PXS400532.HTM,48PXS400532,XS400532,UH-1H,66-17065,720100,B/7/1 CAV
,,VF,WCLNAA,,,TRUE,https://www.vhpa.org/KIA/incident/72010048PXT892394.HTM,48PXT892394,XT892394,UH-1H,66-17124,720100,79 TC CO
,,VF,,,,TRUE,https://www.vhpa.org/KIA/incident/72010049PBR857945.HTM,49PBR857945,BR857945,UH-1H,66-17134,720100,
,,VF,,,,TRUE,https://www.vhpa.org/KIA/incident/72010049QBT006765.HTM,49QBT006765,BT006765,UH-1H,67-17190,720100,
,,VF,,,,TRUE,https://www.vhpa.org/KIA/incident/72010048PXU345482.HTM,48PXU345482,XU345482,UH-1,68-15134,720100,
,,VF,,,,TRUE,https://www.vhpa.org/KIA/incident/72010048QYD598039.HTM,48QYD598039,YD598039,UH-1H,68-15717,720100,
,,VF,,,,TRUE,https://www.vhpa.org/KIA/incident/72010049PBR863984.HTM,49PBR863984,BR863984,UH-1H,68-16127,720100,
,,VF,,,,TRUE,https://www.vhpa.org/KIA/incident/72010048PZA228452.HTM,48PZA228452,ZA228452,UH-1H,69-15731,720100,
,,VF,,,,TRUE,https://www.vhpa.org/KIA/incident/72010049PAR792493.HTM,49PAR792493,AR792493,UH-1H,69-15743,720100,
,,VF,WFJ3T0,,,TRUE,https://www.vhpa.org/KIA/incident/72010048PWT285355.HTM,48PWT285355,WT285355,UH-1H,69-16718,720100,HHC 5 TC
,,VF,,,,TRUE,https://www.vhpa.org/KIA/incident/72010048PXT790850.HTM,48PXT790850,XT790850,UH-1,69-17116,720100,
,,VF,WC3GAA,,,TRUE,https://www.vhpa.org/KIA/incident/72010049PBS570860.HTM,49PBS570860,BS570860,UH-1H,70-15719,720100,116 AHC
,,VF,,,,TRUE,https://www.vhpa.org/KIA/incident/72010048PXT072880.HTM,48PXT072880,XT072880,UH-1H,70-15737,720100,
,,AR,WAB4AA,,,TRUE,https://www.vhpa.org/KIA/incident/72010448QYC478812.HTM,48QYC478812,YC478812,OH-6A,66-07911,720104,1 BDE 101 ABN
,,AR,WHZMAA,,,TRUE,https://www.vhpa.org/KIA/incident/72010548PVR840460.HTM,48PVR840460,VR840460,OH-6A,67-16310,720105,C/16 CAV
,,AR,WAAVA0,,,TRUE,https://www.vhpa.org/KIA/incident/72010649PAS823252.HTM,49PAS823252,AS823252,UH-1D,66-16064,720106,A/227 AVN
,72011110.KIA,AR,WFELAA,,,TRUE,https://www.vhpa.org/KIA/incident/72011110KIA.HTM,48PWR190000,WR190000,UH-1C,65-09543,720111,162 AHC
,,AR,WDF2D0,,,TRUE,https://www.vhpa.org/KIA/incident/72011148QXD849396.HTM,48QXD849396,XD849396,AH-1G,68-17110,720111,D/3/5 CAV
,,VF,,,,TRUE,https://www.vhpa.org/KIA/incident/72011548QYD810170.HTM,48QYD810170,YD810170,UH-1H,66-17063,720115,
,,AR,WAYPAA,,,TRUE,https://www.vhpa.org/KIA/incident/72011649PBP718753.HTM,49PBP718753,BP718753,UH-1D,66-16266,720116,61 AHC
,,AR,WAZNC0,,Shot down by 51-cal that destroyed the tail rotor.,TRUE,https://www.vhpa.org/KIA/incident/72011749PBR788652.HTM,49PBR788652,BR788652,AH-1G,68-17081,720117,C/7/17 CAV
,,AR,WAB0A0,,,TRUE,https://www.vhpa.org/KIA/incident/72012048PYC729705.HTM,48PYC729705,YC729705,OH-6A,67-16508,720120,A/2/17 CAV
1795,72012038.KIA,AR,WDF2D0,,,TRUE,https://www.vhpa.org/KIA/incident/72012038KIA.HTM,48QXD883408,XD883408,UH-1H,69-16717,720120,D/3/5 CAV 101 ABN
,,AR,WC3GAA,,,TRUE,https://www.vhpa.org/KIA/incident/72012148PYC963560.HTM,48PYC963560,YC963560,UH-1H,69-15083,720121,116 AHC
,72012121.KIA,AR,WAZNB0,,,TRUE,https://www.vhpa.org/KIA/incident/72012121KIA.HTM,48PYA972491,YA972491,OH-6A,69-16051,720121,B/7/17 CAV
,,AR,WGZ6A0,,,TRUE,https://www.vhpa.org/KIA/incident/72012348PWR481665.HTM,48PWR481665,WR481665,OH-6A,66-14413,720123,A/7/1 CAV
,,AR,WAX5AA,,,TRUE,https://www.vhpa.org/KIA/incident/72012549PAR907808.HTM,49PAR907808,AR907808,UH-1H,64-13546,720125,57 AHC
,72012525.KIA,AR,WGZ6B0,,,TRUE,https://www.vhpa.org/KIA/incident/72012525KIA.HTM,48PWQ293819,WQ293819,OH-6A,66-07881,720125,B/7/1 CAV
,,VF,,,,TRUE,https://www.vhpa.org/KIA/incident/72012749PCP110635.HTM,49PCP110635,CP110635,UH-1H,67-17360,720127,
,,AR,WDF2D0,,,TRUE,https://www.vhpa.org/KIA/incident/72013048QYC797945.HTM,48QYC797945,YC797945,AH-1G,67-15802,720130,D/3/5 CAV
,,VF,,,,TRUE,https://www.vhpa.org/KIA/incident/72020048PZV250805.HTM,48PZV250805,ZV250805,UH-1D,66-16452,720200,
,,VF,,,,TRUE,https://www.vhpa.org/KIA/incident/72020048PXT753865.HTM,48PXT753865,XT753865,UH-1D,66-16730,720200,
,,VF,,,,TRUE,https://www.vhpa.org/KIA/incident/72020048PVS437653.HTM,48PVS437653,VS437653,UH-1D,66-16796,720200,
,,VF,,,,TRUE,https://www.vhpa.org/KIA/incident/72020048PXT740870.HTM,48PXT740870,XT740870,UH-1,67-15242,720200,
,,VF,,,,TRUE,https://www.vhpa.org/KIA/incident/72020049PBR827850.HTM,49PBR827850,BR827850,UH-1H,67-17509,720200,
,,VF,,,,TRUE,https://www.vhpa.org/KIA/incident/72020048PXS350527.HTM,48PXS350527,XS350527,UH-1H,67-17564,720200,
,,VF,,,,TRUE,https://www.vhpa.org/KIA/incident/72020048PWR275965.HTM,48PWR275965,WR275965,UH-1H,68-15218,720200,
,,VF,,,,TRUE,https://www.vhpa.org/KIA/incident/72020049QAT885973.HTM,49QAT885973,AT885973,UH-1H,68-15247,720200,
,,VF,,,,TRUE,https://www.vhpa.org/KIA/incident/72020048PWR390820.HTM,48PWR390820,WR390820,UH-1H,68-16287,720200,
,,VF,WC5DAA,,,TRUE,https://www.vhpa.org/KIA/incident/72020048PYS005775.HTM,48PYS005775,YS005775,UH-1H,68-16464,720200,605 TC CO
,,VF,,,,TRUE,https://www.vhpa.org/KIA/incident/72020048PXT020090.HTM,48PXT020090,XT020090,UH-1,68-18393,720200,
,,VF,,,,TRUE,https://www.vhpa.org/KIA/incident/72020048PYT138788.HTM,48PYT138788,YT138788,UH-1,68-18535,720200,
,,VF,,,,TRUE,https://www.vhpa.org/KIA/incident/72020048PWT965150.HTM,48PWT965150,WT965150,UH-1H,69-15168,720200,
,,VF,WE4HAA,,,TRUE,https://www.vhpa.org/KIA/incident/72020049PBT037642.HTM,49PBT037642,BT037642,UH-1H,69-15169,720200,142 TC CO
,,VF,,,,TRUE,https://www.vhpa.org/KIA/incident/72020048PXT750865.HTM,48PXT750865,XT750865,UH-1H,69-15214,720200,
,,VF,,,,TRUE,https://www.vhpa.org/KIA/incident/72020048QYD390350.HTM,48QYD390350,YD390350,UH-1H,69-15222,720200,
,,VF,,,,TRUE,https://www.vhpa.org/KIA/incident/72020048PXT785730.HTM,48PXT785730,XT785730,UH-1H,69-15451,720200,
,,VF,WAYPAA,,,TRUE,https://www.vhpa.org/KIA/incident/72020048PZA185645.HTM,48PZA185645,ZA185645,UH-1H,69-15465,720200,61 AHC
,,VF,WFQ8AA,,,TRUE,https://www.vhpa.org/KIA/incident/72020049PBT025341.HTM,49PBT025341,BT025341,UH-1H,69-15468,720200,165 TC CO
,,VF,,,,TRUE,https://www.vhpa.org/KIA/incident/72020048PZB080240.HTM,48PZB080240,ZB080240,UH-1H,69-15470,720200,
,,VF,WCLSAA,,,TRUE,https://www.vhpa.org/KIA/incident/72020049PAT881462.HTM,49PAT881462,AT881462,UH-1H,69-15832,720200,388 TC CO
,,VF,WCLSAA,,,TRUE,https://www.vhpa.org/KIA/incident/72020048QYD622091.HTM,48QYD622091,YD622091,UH-1H,69-16721,720200,388 TC CO
,,VF,,,,TRUE,https://www.vhpa.org/KIA/incident/72020048PWS079332.HTM,48PWS079332,WS079332,UH-1H,69-16725,720200,
,,VF,,,,TRUE,https://www.vhpa.org/KIA/incident/72020048PWR480640.HTM,48PWR480640,WR480640,UH-1,69-19429,720200,
,,VF,WAB3B0,,,TRUE,https://www.vhpa.org/KIA/incident/72020049PBS550328.HTM,49PBS550328,BS550328,UH-1H,70-15830,720200,B/101 AVN
,,VF,,,,TRUE,https://www.vhpa.org/KIA/incident/72020048PXS962903.HTM,48PXS962903,XS962903,UH-1H,70-15840,720200,
,,VF,WCLSAA,,,TRUE,https://www.vhpa.org/KIA/incident/72020149PBT118625.HTM,49PBT118625,BT118625,UH-1H,67-17508,720201,388 TC CO
,,AR,WAAMC0,,,TRUE,https://www.vhpa.org/KIA/incident/72020448PWS907461.HTM,48PWS907461,WS907461,OH-6A,68-17273,720204,C/3/17 CAV
,,AR,WAZNB0,,,TRUE,https://www.vhpa.org/KIA/incident/72020549PAS805149.HTM,49PAS805149,AS805149,OH-6A,66-07783,720205,B/7/17 CAV
,72021313.KIA,AR,WH0JAA,,,TRUE,https://www.vhpa.org/KIA/incident/72021313KIA.HTM,48PYS235886,YS235886,OH-6A,67-16138,720213,H/16 CAV
,,AR,WC68AA,,,TRUE,https://www.vhpa.org/KIA/incident/72021749PAR777459.HTM,49PAR777459,AR777459,UH-1H,65-10083,720217,3 AVN
,,AR,WHZMAA,,,TRUE,https://www.vhpa.org/KIA/incident/72022048PWR922952.HTM,48PWR922952,WR922952,OH-6A,67-16580,720220,C/16 CAV
,72022041.KIA,AR,WGMJF0,,,TRUE,https://www.vhpa.org/KIA/incident/72022041KIA.HTM,48PXT565273,XT565273,OH-6A,67-16632,720220,F/4 CAV
,720225101ACD,AR,WAZNC0,,Crashed and burst into flames after experiencing an engine failure at low level while starting a Night Hawk mission over Cam Ranh Bay.,TRUE,https://www.vhpa.org/KIA/incident/720225101ACD.HTM,49PCP066261,CP066261,UH-1D,66-16840,720225,C/7/17 CAV
1799,720225051ACD,AR,WHARAA,,,TRUE,https://www.vhpa.org/KIA/incident/720225051ACD.HTM,49QBT008901,BT008901,UH-1H,68-15391,720225,62 AHC
,,AR,WAAMB0,,,TRUE,https://www.vhpa.org/KIA/incident/72022748PXT656237.HTM,48PXT656237,XT656237,OH-6A,67-16408,720227,B/3/17 CAV
,,VF,,,,TRUE,https://www.vhpa.org/KIA/incident/72030049QBT056710.HTM,49QBT056710,BT056710,UH-1H,67-17276,720300,
,,VF,WFQ8AA,,,TRUE,https://www.vhpa.org/KIA/incident/72030048PXT781729.HTM,48PXT781729,XT781729,UH-1H,67-17278,720300,165 TC CO
,,VF,,,,TRUE,https://www.vhpa.org/KIA/incident/72030049PBT078668.HTM,49PBT078668,BT078668,UH-1H,67-17383,720300,
,,VF,,,,TRUE,https://www.vhpa.org/KIA/incident/72030048PYA863250.HTM,48PYA863250,YA863250,UH-1H,67-17385,720300,
,,VF,WC3EAA,,,TRUE,https://www.vhpa.org/KIA/incident/72030048QYD327552.HTM,48QYD327552,YD327552,UH-1H,67-17851,720300,48 AHC
,,VF,,,,TRUE,https://www.vhpa.org/KIA/incident/72030048PZA070380.HTM,48PZA070380,ZA070380,UH-1H,68-16188,720300,
,,VF,,,,TRUE,https://www.vhpa.org/KIA/incident/72030048PZB028058.HTM,48PZB028058,ZB028058,UH-1,69-12206,720300,
,,VF,WCLSAA,,,TRUE,https://www.vhpa.org/KIA/incident/72030048PWR190480.HTM,48PWR190480,WR190480,UH-1H,69-15274,720300,388 TC CO
,,VF,,,,TRUE,https://www.vhpa.org/KIA/incident/72030048PXS230580.HTM,48PXS230580,XS230580,UH-1H,69-15373,720300,
,,VF,,,,TRUE,https://www.vhpa.org/KIA/incident/72030048PYA363242.HTM,48PYA363242,YA363242,UH-1H,69-15644,720300,
,,VF,,,,TRUE,https://www.vhpa.org/KIA/incident/72030048PYB803224.HTM,48PYB803224,YB803224,UH-1H,69-15651,720300,
,,VF,,,,TRUE,https://www.vhpa.org/KIA/incident/72030049PAT832212.HTM,49PAT832212,AT832212,UH-1H,69-15667,720300,
,,VF,WAYPAA,,,TRUE,https://www.vhpa.org/KIA/incident/72030048PYA837220.HTM,48PYA837220,YA837220,UH-1H,69-15685,720300,61 AHC
,,VF,,,,TRUE,https://www.vhpa.org/KIA/incident/72030049QBT043753.HTM,49QBT043753,BT043753,UH-1H,69-15761,720300,
,,VF,,,,TRUE,https://www.vhpa.org/KIA/incident/72030048PYA845255.HTM,48PYA845255,YA845255,UH-1H,69-15768,720300,
,,VF,,,,TRUE,https://www.vhpa.org/KIA/incident/72030048PXT760730.HTM,48PXT760730,XT760730,UH-1,70-15907,720300,
,,AR,WAAXD0,,,TRUE,https://www.vhpa.org/KIA/incident/72032448PYT038368.HTM,48PYT038368,YT038368,OH-6A,65-12938,720324,D/229 AVN
1806,72032701.TXT,AR,WAX5AA,,,TRUE,https://www.vhpa.org/KIA/incident/72032701TXT.HTM,48PYB985104,YB985104,UH-1H,67-17841,720327,57 AHC
1805,72032777.TXT,AF,,,,TRUE,https://www.vhpa.org/KIA/incident/72032777TXT.HTM,48PXA682585,XA682585,HH-53C,68-10359,720327,40 ARRS
,,AR,WAAXD0,,,TRUE,https://www.vhpa.org/KIA/incident/72032748PYT002290.HTM,48PYT002290,YT002290,OH-6A,69-16017,720327,D/229 AVN
,,AR,WAAXD0,,,TRUE,https://www.vhpa.org/KIA/incident/72032948PXV360043.HTM,48PXV360043,XV360043,OH-6A,67-16555,720329,D/229 AVN
,,AR,WACYD0,,,TRUE,https://www.vhpa.org/KIA/incident/72032948QYD460200.HTM,48QYD460200,YD460200,UH-1H,69-15441,720329,D/1/1 CAV
1809,72033025.KIA,AR,WAZNB0,,,TRUE,https://www.vhpa.org/KIA/incident/72033025KIA.HTM,48PZA045798,ZA045798,OH-6A,68-17200,720330,B/7/17 CAV
,,AR,WAZNB0,,,TRUE,https://www.vhpa.org/KIA/incident/72033148PZA057798.HTM,48PZA057798,ZA057798,OH-6A,65-12998,720331,B/7/17 CAV
,72033122.KIA,AR,WAAXD0,,,TRUE,https://www.vhpa.org/KIA/incident/72033148PYT003128.HTM,48PYT003128,YT003128,OH-6A,67-16559,720331,D/229 AVN
,,AR,WC5LAA,,,TRUE,https://www.vhpa.org/KIA/incident/72033148PZB000047.HTM,48PZB000047,ZB000047,CH-47C,67-18519,720331,180 ASHC
,,VF,,,,TRUE,https://www.vhpa.org/KIA/incident/72040048PWT510150.HTM,48PWT510150,WT510150,UH-1D,66-16366,720400,AVN SEC
,,VF,,,,TRUE,https://www.vhpa.org/KIA/incident/72040048PZB162030.HTM,48PZB162030,ZB162030,UH-1D,66-16371,720400,
,,VF,,,,TRUE,https://www.vhpa.org/KIA/incident/72040048PYU138086.HTM,48PYU138086,YU138086,UH-1D,66-16438,720400,
,,VF,,,,TRUE,https://www.vhpa.org/KIA/incident/72040049PBR822896.HTM,49PBR822896,BR822896,UH-1D,66-16608,720400,OS TO CONUS
,,VF,WDU1AA,,,TRUE,https://www.vhpa.org/KIA/incident/72040049PBR880850.HTM,49PBR880850,BR880850,CH-47A,66-19079,720400,196 ASHC
,,VF,,,,TRUE,https://www.vhpa.org/KIA/incident/72040048QYD705057.HTM,48QYD705057,YD705057,UH-1H,67-17444,720400,
,,VF,,,,TRUE,https://www.vhpa.org/KIA/incident/72040049PBR857945.HTM,49PBR857945,BR857945,UH-1H,67-17688,720400,
,,VF,,,,TRUE,https://www.vhpa.org/KIA/incident/72040048QYD402353.HTM,48QYD402353,YD402353,UH-1H,67-17730,720400,
,,VF,,,,TRUE,https://www.vhpa.org/KIA/incident/72040048PXT780810.HTM,48PXT780810,XT780810,UH-1H,67-17731,720400,
,,VF,,,,TRUE,https://www.vhpa.org/KIA/incident/72040049PBP143134.HTM,49PBP143134,BP143134,UH-1H,67-17771,720400,
,,VF,,,,TRUE,https://www.vhpa.org/KIA/incident/72040048PWB390645.HTM,48PWB390645,WB390645,UH-1H,67-17829,720400,
,,VF,,,,TRUE,https://www.vhpa.org/KIA/incident/72040048PZA180490.HTM,48PZA180490,ZA180490,UH-1H,68-15353,720400,
,,VF,,,,TRUE,https://www.vhpa.org/KIA/incident/72040048PVR990124.HTM,48PVR990124,VR990124,UH-1H,68-16207,720400,
,,VF,,,,TRUE,https://www.vhpa.org/KIA/incident/72040048PZB015175.HTM,48PZB015175,ZB015175,UH-1H,68-16379,720400,
,,VF,,,,TRUE,https://www.vhpa.org/KIA/incident/72040048PYA439172.HTM,48PYA439172,YA439172,UH-1H,68-16390,720400,
,,VF,,,,TRUE,https://www.vhpa.org/KIA/incident/72040048PYB899410.HTM,48PYB899410,YB899410,UH-1H,68-16424,720400,
,,VF,,,,TRUE,https://www.vhpa.org/KIA/incident/72040048PXS050585.HTM,48PXS050585,XS050585,UH-1H,68-16428,720400,
,,VF,,,,TRUE,https://www.vhpa.org/KIA/incident/72040048PWR210835.HTM,48PWR210835,WB390645,UH-1H,69-15351,720400,
,,VF,,,,TRUE,https://www.vhpa.org/KIA/incident/72040049QAT910830.HTM,49QAT910830,AT910830,UH-1H,69-15430,720400,OS TO CONUS
,,VF,,,,TRUE,https://www.vhpa.org/KIA/incident/72040049PBR880645.HTM,49PBR880645,BR880645,UH-1H,69-16650,720400,
,,AR,WC3EAA,,,TRUE,https://www.vhpa.org/KIA/incident/72040148QYD285675.HTM,48QYD285675,YD285675,UH-1D,66-16292,720401,48 AHC
,72040110.KIA,AR,WAAXD0,,Shot down 2 KM South-southeast of Thien Ngon Air Field.,TRUE,https://www.vhpa.org/KIA/incident/72040110KIA.HTM,48PXT088797,XT088797,OH-6A,69-16075,720401,D/229 AVN
1812,72040220.KIA,AR,WG20AA,,,TRUE,https://www.vhpa.org/KIA/incident/72040220KIA.HTM,48QYD218628,YD218628,UH-1H,67-17801,720402,F/8 CAV
,,AR,WG20AA,,,TRUE,https://www.vhpa.org/KIA/incident/72040248QYD202603.HTM,48QYD202603,YD202603,AH-1G,68-17033,720402,F/8 CAV
,,AR,WG20AA,,,TRUE,https://www.vhpa.org/KIA/incident/72040348QYD167565.HTM,48QYD167565,YD167565,UH-1D,66-16254,720403,F/8 CAV
1814,720403031ACD,AR,,https://www.vhpa.org/pictures/6816330.jpg,,TRUE,https://www.vhpa.org/KIA/incident/720403031ACD.HTM,48QYD330530,YD330530,UH-1H,68-16330,720403,37 SIG BN 1 SIG BDE
1815,72040510.KIA,AR,WHN0AA,,Hit by enemy fire during gun run near Loc Ninh. Tail boom separated while attempting to land.,TRUE,https://www.vhpa.org/KIA/incident/72040510KIA.HTM,48PXU746054,XU746054,AH-1G,67-15594,720405,F/79 AFA
1817,72040610.KIA,AF,,,,TRUE,https://www.vhpa.org/KIA/incident/72040610KIA.HTM,48QYD170595,YD170595,HH-53C,68-10365,720406,37 ARRS
,,VF,,,,TRUE,https://www.vhpa.org/KIA/incident/72040748PXT030785.HTM,48PXT030785,XT030785,CH-47A,66-19094,720407,237 VNAF
,72040843.KIA,AR,WH0JAA,,,TRUE,https://www.vhpa.org/KIA/incident/72040843KIA.HTM,48PXT975270,XT975270,OH-6A,67-16078,720408,H/16 CAV
,,AR,WG1JAA,,,TRUE,https://www.vhpa.org/KIA/incident/72040848PXT602292.HTM,48PXT602292,XT602292,UH-1H,67-17335,720408,358 AVN DET
,,AR,WHN0AA,,,TRUE,https://www.vhpa.org/KIA/incident/72041148PXT752365.HTM,48PXT752365,XT752365,AH-1G,67-15869,720411,F/79 ARA 1 CAV
,,AR,WCLUAA,,,TRUE,https://www.vhpa.org/KIA/incident/72041148QYD776120.HTM,48QYD776120,YD776120,UH-1H,68-16286,720411,611 TC CO
,,VF,,,,TRUE,https://www.vhpa.org/KIA/incident/72041248PXT740850.HTM,48PXT740850,XT740850,CH-47A,66-00110,720412,237 VNAF
,,AR,WCLBAA,,,TRUE,https://www.vhpa.org/KIA/incident/72041649PBT016320.HTM,49PBT016320,BT016320,UH-1H,68-16557,720416,330 TC CO
,,AR,WBSZAA,,,TRUE,https://www.vhpa.org/KIA/incident/72041648PXT780846.HTM,48PXT780846,XT780846,UH-1H,69-15194,720416,283 MED DET
,,AR,WGPPAA,,,TRUE,https://www.vhpa.org/KIA/incident/72041948PYT509498.HTM,48PYT509498,YT509498,AH-1G,66-15342,720419,334 AHC
,72041910.KIA,AR,WAAXD0,,Shot down by enemy fire.  Crew was killed in cockpit by enemy fire before they could get out.,TRUE,https://www.vhpa.org/KIA/incident/72041910KIA.HTM,48PXT510494,XT510494,AH-1G,66-15343,720419,D/229 AVN
,72041928.KIA,AR,WHNFAA,,"Recon mission southwest of Pleiku against reported NVA brigade. 8 mm arms fire, crashed & burned. Last words ""taking fire, taking fire!""",TRUE,https://www.vhpa.org/KIA/incident/72041928KIA.HTM,49PAR974346,AR974346,OH-6A,67-16499,720419,H/10 CAV
,,AR,WC3EAA,,,TRUE,https://www.vhpa.org/KIA/incident/72042149PBT025285.HTM,49PBT025285,BT025285,AH-1G,67-15510,720421,48 AHC
,,AR,WAZNB0,,,TRUE,https://www.vhpa.org/KIA/incident/72042248PZA184662.HTM,48PZA184662,ZA184662,OH-6A,66-07916,720422,B/7/17 CAV
,,AR,,,,TRUE,https://www.vhpa.org/KIA/incident/72042248PZA185670.HTM,48PZA185670,ZA185670,OH-6,66-17916,720422,
,,AR,WG20AA,,,TRUE,https://www.vhpa.org/KIA/incident/72042248QYD850020.HTM,48QYD850020,YD850020,OH-6A,68-17309,720422,F/8 CAV
,,AR,WC5CAA,,,TRUE,https://www.vhpa.org/KIA/incident/72042448PZB002200.HTM,48PZB002200,ZB002200,AH-1G,66-15336,720424,B/7/17 CAV
,,AR,WDU5AA,,,TRUE,https://www.vhpa.org/KIA/incident/72042448PZB101217.HTM,48PZB101217,ZB101217,OH-58A,68-16874,720424,201 AVN
,,AR,WAZNB0,,,TRUE,https://www.vhpa.org/KIA/incident/72042448PZB095175.HTM,48PZB095175,ZB095175,AH-1G,68-17020,720424,B/7/17 CAV
1833,72042410.KIA,AR,WAX5AA,,Shot down during extraction of MACV Team from Tanh Canh.,TRUE,https://www.vhpa.org/KIA/incident/72042410KIA.HTM,48PZB001219,ZB001219,UH-1H,69-15715,720424,57 AHC
,,VF,,,,TRUE,https://www.vhpa.org/KIA/incident/72042648PXT765730.HTM,48PXT765730,XT765730,CH-47A,66-00099,720426,237 VNAF
,72042705.KIA,VF,,,VNAFHuey flown by COL Sowers and VNAF BGen to retrieve a FAC aircraft.  Cable broke flying into rotors causing crash.  Need to verify.,TRUE,https://www.vhpa.org/KIA/incident/72042748PWS789148.HTM,48PWS789148,WS789148,UH-1H,,720427,VNAF
,,AR,WAZNB0,,,TRUE,https://www.vhpa.org/KIA/incident/72042748PZB087270.HTM,48PZB087270,ZB087270,UH-1D,66-16469,720427,B/7/17 CAV
,,AR,WGMJAA,,,TRUE,https://www.vhpa.org/KIA/incident/72042848QYD363549.HTM,48QYD363549,YD363549,AH-1G,68-15201,720428,F/4 CAV
,,AR,WAYZAA,,,TRUE,https://www.vhpa.org/KIA/incident/72042948QYD454366.HTM,48QYD454366,YD454366,UH-1H,69-15164,720429,5 AVN
,,AR,WC41AA,,,TRUE,https://www.vhpa.org/KIA/incident/72042948QYD417439.HTM,48QYD417439,YD417439,UH-1H,69-15527,720429,173 AVN
,,VF,,,,TRUE,https://www.vhpa.org/KIA/incident/72050048QZC096969.HTM,48QZC096969,ZC096969,UH-1D,66-16841,720500,OS TO CONUS
,,VF,,,,TRUE,https://www.vhpa.org/KIA/incident/72050048PXS160740.HTM,48PXS160740,XS160740,UH-1D,66-16852,720500,
,,VF,,,,TRUE,https://www.vhpa.org/KIA/incident/72050048PXS365460.HTM,48PXS365460,XS365460,UH-1H,67-17403,720500,
,,VF,,,,TRUE,https://www.vhpa.org/KIA/incident/72050048PZB018091.HTM,48PZB018091,ZB018091,UH-1H,68-16317,720500,OS TO CONUS
,,VF,,,,TRUE,https://www.vhpa.org/KIA/incident/72050048PYA990290.HTM,48PYA990290,YA990290,UH-1H,69-15028,720500,
,,VF,,,,TRUE,https://www.vhpa.org/KIA/incident/72050048PXT530370.HTM,48PXT530370,XT530370,UH-1H,69-15032,720500,
,,VF,,,,TRUE,https://www.vhpa.org/KIA/incident/72050049PBT132203.HTM,49PBT132203,BT132203,UH-1H,69-15049,720500,
,,VF,,,,TRUE,https://www.vhpa.org/KIA/incident/72050048PXT020090.HTM,48PXT020090,XT020090,UH-1H,69-15052,720500,
,,VF,,,,TRUE,https://www.vhpa.org/KIA/incident/72050049PBS650330.HTM,49PBS650330,BS650330,UH-1H,69-15696,720500,
,,VF,,,,TRUE,https://www.vhpa.org/KIA/incident/72050049PBT020548.HTM,49PBT020548,BT020548,UH-1H,69-15698,720500,
,,VF,,,,TRUE,https://www.vhpa.org/KIA/incident/72050048PYB985103.HTM,48PYB985103,YB985103,UH-1H,69-16664,720500,
,,AR,WAAMB0,,,TRUE,https://www.vhpa.org/KIA/incident/72050148QYD363531.HTM,48QYD363531,YD363531,OH-6A,67-16403,720501,B/3/17 CAV
,,AR,WAZNB0,,"Took one hit, the engine quit resulting in a forced landing in an NVA controlled area. Aircraft abandoned for days then destroyed.",TRUE,https://www.vhpa.org/KIA/incident/72050148PZA175995.HTM,48PZA175995,ZA175995,OH-6A,67-16607,720501,B/7/17 CAV
,,AR,WGMJAA,,,TRUE,https://www.vhpa.org/KIA/incident/72050148QYD363531.HTM,48QYD363531,YD363531,OH-6A,69-16003,720501,F/4 CAV
,,AR,WGMJAA,,,TRUE,https://www.vhpa.org/KIA/incident/72050248QYD435458.HTM,48QYD435458,YD435458,UH-1H,69-15108,720502,F/4 CAV
1839,72050210.TXT,AR,WGMJAA,,"Destroyed by SA-7 while assisting elements of F/4 rescue two AF pilots and one AF FAC.  During the mission, a second Huey was shot down",TRUE,https://www.vhpa.org/KIA/incident/72050210TXT.HTM,48QYD370428,YD370428,UH-1H,70-15863,720502,F/4 CAV
,,AR,WAZNA0,,,TRUE,https://www.vhpa.org/KIA/incident/72050648PZB053186.HTM,48PZB053186,ZB053186,AH-1G,67-15747,720506,A/7/17 CAV
1846,72050850.KIA,NA,,,,TRUE,https://www.vhpa.org/KIA/incident/72050850KIA.HTM,49PAL170315,AL170315,HH-3,149699,720508,
,,AR,,,,TRUE,https://www.vhpa.org/KIA/incident/72050848PZA115999.HTM,48PZA115999,ZA115999,OH-6,66-17837,720508,
1847,72050943.KIA,AR,WG1RAA,,,TRUE,https://www.vhpa.org/KIA/incident/72050943KIA.HTM,48PYB872252,YB872252,AH-1G,68-17053,720509,361 AWC
,720510031ACD,AR,WGJNAA,,Material failure of a blade retaining pin. 5 crewmen and 27 soldiers were lost.,TRUE,https://www.vhpa.org/KIA/incident/720510031ACD.HTM,48PYT168032,YT168032,CH-47A,64-13157,720510,362 ASHC
,,AR,WG1RAA,,,TRUE,https://www.vhpa.org/KIA/incident/72051148PZA785888.HTM,48PZA785888,ZA785888,AH-1G,67-15674,720511,361 AWC
1855,72051110.KIA,AR,,,Shot down by an SA-7 missile at 1233 hours over An Loc.,TRUE,https://www.vhpa.org/KIA/incident/72051110KIA.HTM,48PXT755872,XT755872,AH-1G,68-15009,720511,F/79 ARA 1 CAV
,,AR,WDF2D0,,,TRUE,https://www.vhpa.org/KIA/incident/72051248PZB180049.HTM,48PZB180049,ZB180049,OH-6A,67-16148,720512,D/3/5 CAV
,,MC,,,,TRUE,https://www.vhpa.org/KIA/incident/72051348QYD470477.HTM,48QYD470477,YD470477,CH-53,157147,720513,
,,AR,WAYZAA,,,TRUE,https://www.vhpa.org/KIA/incident/72051849PAT984579.HTM,49PAT984579,AT984579,OH-6A,67-16379,720518,5 AVN
,,AR,WC5LAA,,,TRUE,https://www.vhpa.org/KIA/incident/72051948PZA172182.HTM,48PZA172182,ZA172182,CH-47C,68-15999,720519,180 ASHC
1865,72052430.KIA,AR,WHN0AA,,Shot down with SA-7 over An Loc,TRUE,https://www.vhpa.org/KIA/incident/72052430KIA.HTM,48PXT768786,XT768786,AH-1G,67-15836,720524,F/79 ARA 1 CAV
,72052444.KIA,AR,WCLMAA,,,TRUE,https://www.vhpa.org/KIA/incident/72052444KIA.HTM,48QYD559441,YD559441,UH-1H,68-15381,720524,56 TC CO
,72052410.KIA,AR,,,,TRUE,https://www.vhpa.org/KIA/incident/72052410KIA.HTM,48QYD516219,YD516219,CH-47C,68-15854,720524,62 ASHC
,72052525.KIA,AR,WAX5AA,,,TRUE,https://www.vhpa.org/KIA/incident/72052525KIA.HTM,48PZA237896,ZA237896,UH-1D,64-13554,720525,57 AHC
,72052510.KIA,AR,WHNFAA,,,TRUE,https://www.vhpa.org/KIA/incident/72052510KIA.HTM,49PAR764866,AR764866,OH-6A,66-07935,720525,H/10 CAV
1868,72052928.KIA,AR,WFAPAA,,,TRUE,https://www.vhpa.org/KIA/incident/72052928KIA.HTM,48PZA194964,ZA194964,OH-6A,66-17771,720529,H/17 CAV
,,VF,,,,TRUE,https://www.vhpa.org/KIA/incident/72053048PXT636716.HTM,48PXT636716,XT636716,UH-1,,720530,
,,VF,,,,TRUE,https://www.vhpa.org/KIA/incident/72060048QYD490190.HTM,48QYD490190,YD490190,UH-1A,60-15182,720600,
,,VF,,,,TRUE,https://www.vhpa.org/KIA/incident/72060048PYA805230.HTM,48PYA805230,YA805230,UH-1D,66-16698,720600,
,,VF,,,,TRUE,https://www.vhpa.org/KIA/incident/72060048QYD761213.HTM,48QYD761213,YD761213,UH-1H,68-15546,720600,
,,VF,,,,TRUE,https://www.vhpa.org/KIA/incident/72060048PXT739859.HTM,48PXT739859,XT739859,UH-1H,68-15551,720600,
,,VF,,,,TRUE,https://www.vhpa.org/KIA/incident/72060048PZB026073.HTM,48PZB026073,ZB026073,UH-1H,68-15603,720600,
,,VF,,,,TRUE,https://www.vhpa.org/KIA/incident/72060048PZA222900.HTM,48PZA222900,ZA222900,UH-1H,68-15604,720600,
,,VF,,,,TRUE,https://www.vhpa.org/KIA/incident/72060048QYD763110.HTM,48QYD763110,YD763110,UH-1H,68-15705,720600,
,,VF,,,,TRUE,https://www.vhpa.org/KIA/incident/72060048PXS080800.HTM,48PXS080800,XS080800,UH-1H,68-15783,720600,
,,VF,,,,TRUE,https://www.vhpa.org/KIA/incident/72060049QBT075710.HTM,49QBT075710,BT075710,UH-1H,69-15546,720600,
,,VF,,,,TRUE,https://www.vhpa.org/KIA/incident/72060049PAS795160.HTM,49PAS795160,AS795160,UH-1H,69-15554,720600,
,,VF,,,,TRUE,https://www.vhpa.org/KIA/incident/72060048PZB090135.HTM,48PZB090135,ZB090135,UH-1H,69-15555,720600,
,,VF,,,,TRUE,https://www.vhpa.org/KIA/incident/72060048PXT800720.HTM,48PXT800720,XT800720,UH-1H,69-15786,720600,
,,VF,,,,TRUE,https://www.vhpa.org/KIA/incident/72060048QYD706348.HTM,48QYD706348,YD706348,UH-1H,69-1666,720600,
,,VF,,,,TRUE,https://www.vhpa.org/KIA/incident/72060049PBT082390.HTM,49PBT082390,BT082390,UH-1H,69-16704,720600,
,72060257.KIA,AR,WAX5AA,,Cyclic controls shot out near Kontum on an ARVN resupply mission. Aircraft landed hard and burned.,TRUE,https://www.vhpa.org/KIA/incident/72060257KIA.HTM,48PZA184680,ZA184680,UH-1H,67-17446,720602,57 AHC
,72060217.KIA,AR,WHNFAA,,,TRUE,https://www.vhpa.org/KIA/incident/72060217KIA.HTM,49PBR877651,BR877651,UH-1H,67-19489,720602,H/10 CAV
,,AR,WG2BAA,,,TRUE,https://www.vhpa.org/KIA/incident/72060448PXT932374.HTM,48PXT932374,XT932374,OH-6A,67-16307,720604,ACT/11 ACR
,72060510.BAT,AR,WHNFAA,,"Was C&C for a VR around Phu My-LZ Crystal, shot down while taking off during rescue of LOH crew. All were rescued.",TRUE,https://www.vhpa.org/KIA/incident/72060510BAT.HTM,49PBR914669,BR914669,UH-1H,68-15485,720605,H/10 CAV
,72060510.BAT,AR,WHNFAA,,"During a VR around Phu My-LZ Crystal, shot down by an SA-7. Tail boom destroyed. Crew rescued.",TRUE,https://www.vhpa.org/KIA/incident/72060510BAT.HTM,49PBR920672,BR920672,OH-6A,69-16049,720605,H/10 CAV
,,VF,,,,TRUE,https://www.vhpa.org/KIA/incident/72060848PWR570590.HTM,48PWR570590,WR570590,UH-1H,68-15504,720608,
,,AR,WAAXA0,,,TRUE,https://www.vhpa.org/KIA/incident/72060848PXT763790.HTM,48PXT763790,XT763790,UH-1H,69-15575,720608,A/229 AVN
,,AR,WACYD0,,,TRUE,https://www.vhpa.org/KIA/incident/72060849PAT984598.HTM,49PAT984598,AT984598,OH-6A,69-15994,720608,D/1/1 CAV
1873,72061102.TXT,AR,WG20AA,,,TRUE,https://www.vhpa.org/KIA/incident/72061102TXT.HTM,48QYD562138,YD562138,OH-6A,67-16275,720611,F/8 CAV
1874,72061101.TXT,AR,WG20AA,,,TRUE,https://www.vhpa.org/KIA/incident/72061101TXT.HTM,48QYD565135,YD565135,OH-6A,68-17344,720611,F/8 CAV
,,AR,WG20AA,,,TRUE,https://www.vhpa.org/KIA/incident/72061248QYD527145.HTM,48QYD527145,YD527145,OH-6A,67-16338,720612,F/8 CAV
,,VF,,,,TRUE,https://www.vhpa.org/KIA/incident/72061248PXT770800.HTM,48PXT770800,XT770800,UH-1H,67-17561,720612,
,,AR,WGZ6B0,,,TRUE,https://www.vhpa.org/KIA/incident/72061248PXS032903.HTM,48PXS032903,XS032903,OH-6A,68-17277,720612,B/7/1 CAV
1875,72061222.TXT,AR,WG20AA,,,TRUE,https://www.vhpa.org/KIA/incident/72061222TXT.HTM,48QYD544152,YD544152,OH-6A,68-17338,720612,F/8 CAV
,,VF,,,,TRUE,https://www.vhpa.org/KIA/incident/72061348PXT860760.HTM,48PXT860760,XT860760,CH-47A,66-19065,720613,237 VNAF
,,AR,WAAXA0,,Shot down leaving LZ. Crew rescued. Aircraft abandoned due to tactica situation.,TRUE,https://www.vhpa.org/KIA/incident/72061348PXT763790.HTM,48PXT763790,XT763790,UH-1H,69-15095,720613,A/229 AVN
,,VF,,,,TRUE,https://www.vhpa.org/KIA/incident/72061548QYD490190.HTM,48QYD490190,YD490190,UH-1,70-15182,720615,
,,AR,WAYHAA,,,TRUE,https://www.vhpa.org/KIA/incident/72061849PBR877585.HTM,49PBR877585,BR877585,AH-1G,66-15258,720618,60 AVN
,72062020.KIA,AR,WHN0AA,,Shot down with .51 cal.,TRUE,https://www.vhpa.org/KIA/incident/72062020KIA.HTM,48PXT776768,XT776768,AH-1G,67-15670,720620,F/79 ARA 1 CAV
,72062010.KIA,AR,WH0JAA,,Shot down by an SA-7 missile over An Loc.,TRUE,https://www.vhpa.org/KIA/incident/72062010KIA.HTM,48PXT769770,XT769770,AH-1G,67-15718,720620,H/16 CAV
,,AR,WFAPAA,,Shot down on the 19th east of the highway running north out of Kontum. Crew was rescued even though both were serviously wounded.,TRUE,https://www.vhpa.org/KIA/incident/72062048PZB088177.HTM,48PZB088177,ZB088177,OH-6A,67-16622,720620,H/17 CAV
,,AR,WFJ8A0,,,TRUE,https://www.vhpa.org/KIA/incident/72062148PXT761769.HTM,48PXT761769,XT761769,AH-1G,67-15725,720621,A/4/77 ARA 101 ABN
,,AR,WG20AA,,,TRUE,https://www.vhpa.org/KIA/incident/72062648QYD400347.HTM,48QYD400347,YD400347,AH-1G,69-16447,720626,F/8 CAV
,,VF,,,,TRUE,https://www.vhpa.org/KIA/incident/72070048QYD347390.HTM,48QYD347390,YD347390,UH-1H,68-15298,720700,
,,VF,,,,TRUE,https://www.vhpa.org/KIA/incident/72070048PVS423647.HTM,48PVS423647,VS423647,UH-1H,68-15315,720700,
,,AR,WGMJAA,,,TRUE,https://www.vhpa.org/KIA/incident/72070148QYD419585.HTM,48QYD419585,YD419585,OH-6A,67-16515,720701,F/4 CAV
,,AR,WC41AA,,,TRUE,https://www.vhpa.org/KIA/incident/72070148QYD685350.HTM,48QYD685350,YD685350,UH-1H,67-17722,720701,173 AVN
,,AR,WFELAA,,,TRUE,https://www.vhpa.org/KIA/incident/72070148PXT034262.HTM,48PXT034262,XT034262,UH-1H,69-15823,720701,162 AHC
,,AR,WAYBAA,,,TRUE,https://www.vhpa.org/KIA/incident/72070248PYU142069.HTM,48PYU142069,YU142069,UH-1D,66-16724,720702,120 CAC
,,AR,WG20AA,,,TRUE,https://www.vhpa.org/KIA/incident/72070248QYD385424.HTM,48QYD385424,YD385424,OH-6A,68-17211,720702,F/8 CAV
,,AR,WAYNAA,,,TRUE,https://www.vhpa.org/KIA/incident/72070548PXT010150.HTM,48PXT010150,XT010150,UH-1H,69-16699,720705,18 CAC
,,AR,WC3EAA,,,TRUE,https://www.vhpa.org/KIA/incident/72070848QYD395445.HTM,48QYD395445,YD395445,AH-1G,67-15606,720708,48 AHC
,,AR,WHZMAA,,,TRUE,https://www.vhpa.org/KIA/incident/72070848PXS052461.HTM,48PXS052461,XS052461,OH-6A,68-17295,720708,C/16 CAV
,,AR,WH0JAA,,,TRUE,https://www.vhpa.org/KIA/incident/72071048PXT744864.HTM,48PXT744864,XT744864,UH-1H,68-16360,720710,H/16 CAV
1999,72071110.KIA,MC,,,,TRUE,https://www.vhpa.org/KIA/incident/72071110KIA.HTM,48QYD348552,YD348552,CH-53D,156658,720711,HMM-165
,,AR,WE4HAA,,,TRUE,https://www.vhpa.org/KIA/incident/72071248QYD362552.HTM,48QYD362552,YD362552,AH-1G,68-15163,720712,142 TC CO
,,AR,WC5DAA,,,TRUE,https://www.vhpa.org/KIA/incident/72071248QYD705097.HTM,48QYD705097,YD705097,UH-1H,68-16165,720712,605 TC CO
,,AR,WFQ8AA,,,TRUE,https://www.vhpa.org/KIA/incident/72071248QYD635054.HTM,48QYD635054,YD635054,UH-1H,69-15165,720712,165 TC CO
,,AR,WC5DAA,,,TRUE,https://www.vhpa.org/KIA/incident/72071348QYD360405.HTM,48QYD360405,YD360405,UH-1D,66-16181,720713,605 TC CO
,72071333.KIA,AR,WC3EAA,,,TRUE,https://www.vhpa.org/KIA/incident/72071333KIA.HTM,48QYD345549,YD345549,UH-1H,68-15742,720713,48 AHC
,,AR,WHNFAA,,Brand-new '20' ship shot down near Bong Son.,TRUE,https://www.vhpa.org/KIA/incident/72071649PBR844965.HTM,49PBR844965,BR844965,AH-1G,70-16036,720716,H/10 CAV
,,AR,WC41AA,,,TRUE,https://www.vhpa.org/KIA/incident/72071848QYD464357.HTM,48QYD464357,YD464357,AH-1G,68-17068,720718,173 AVN
,,VF,,,,TRUE,https://www.vhpa.org/KIA/incident/72071949PBR838909.HTM,49PBR838909,BR838909,UH-1,66-19085,720719,
,,AR,WACYD0,,,TRUE,https://www.vhpa.org/KIA/incident/72071948QYD472347.HTM,48QYD472347,YD472347,AH-1G,68-15189,720719,D/1/1 CAV
,,AR,WACYD0,,,TRUE,https://www.vhpa.org/KIA/incident/72071948QYD465368.HTM,48QYD465368,YD465368,OH-6A,68-17368,720719,D/1/1 CAV
,,AR,WG20AA,,,TRUE,https://www.vhpa.org/KIA/incident/72072049QBT040726.HTM,49QBT040726,BT040726,AH-1G,67-15648,720720,F/8 CAV
,,AR,WAX5AA,,,TRUE,https://www.vhpa.org/KIA/incident/72072149PBQ869544.HTM,49PBQ869544,BQ869544,UH-1H,65-09669,720721,57 AHC
,72072210.KIA,AR,WC3JAA,,,TRUE,https://www.vhpa.org/KIA/incident/72072210KIA.HTM,49PBS899019,BS899019,AH-1G,66-15304,720722,129 AHC
,,AR,WAZNC0,,,TRUE,https://www.vhpa.org/KIA/incident/72072649PBR806933.HTM,49PBR806933,BR806933,AH-1G,68-15103,720726,C/7/17 CAV
,,VF,,,,TRUE,https://www.vhpa.org/KIA/incident/72080048QYD190516.HTM,48QYD190516,YD190516,UH-1H,67-17222,720800,
,,VF,,,,TRUE,https://www.vhpa.org/KIA/incident/72080048PVS410667.HTM,48PVS410667,VS410667,UH-1H,68-15507,720800,
,,VF,,,,TRUE,https://www.vhpa.org/KIA/incident/72080048QZC108962.HTM,48QZC108962,ZC108962,UH-1H,68-15509,720800,
,,VF,,,,TRUE,https://www.vhpa.org/KIA/incident/72080048PYT388263.HTM,48PYT388263,YT388263,UH-1H,68-15535,720800,
,,VF,,,,TRUE,https://www.vhpa.org/KIA/incident/72080048PWT765277.HTM,48PWT765277,WT765277,UH-1H,68-15542,720800,
,,VF,,,,TRUE,https://www.vhpa.org/KIA/incident/72080049PBT132203.HTM,49PBT132203,BT132203,UH-1H,68-15575,720800,ARADMAC
,,VF,,,,TRUE,https://www.vhpa.org/KIA/incident/72080048QYD473533.HTM,48QYD473533,YD473533,UH-1H,68-16533,720800,
,,VF,WAYBAA,,,TRUE,https://www.vhpa.org/KIA/incident/72080048PXS245430.HTM,48PXS245430,XS245430,UH-1H,68-16541,720800,120 CAC
,,VF,,,,TRUE,https://www.vhpa.org/KIA/incident/72080048PXT752822.HTM,48PXT752822,XT752822,UH-1H,68-16566,720800,
,,VF,,,,TRUE,https://www.vhpa.org/KIA/incident/72080048QYD910150.HTM,48QYD910150,YD910150,UH-1,68-3580,720800,
,,VF,,,,TRUE,https://www.vhpa.org/KIA/incident/72080048PXS298548.HTM,48PXS298548,XS298548,UH-1H,69-15377,720800,
,,VF,,,,TRUE,https://www.vhpa.org/KIA/incident/72080048PYA482629.HTM,48PYA482629,YA482629,UH-1H,69-15382,720800,
,,VF,,,,TRUE,https://www.vhpa.org/KIA/incident/72080048PXS260424.HTM,48PXS260424,XS260424,UH-1H,69-15522,720800,ARADMAC
,,VF,,,,TRUE,https://www.vhpa.org/KIA/incident/72080048PZB055092.HTM,48PZB055092,ZB055092,UH-1H,69-15535,720800,
,,VF,,,,TRUE,https://www.vhpa.org/KIA/incident/72080048PXT800750.HTM,48PXT800750,XT800750,UH-1H,69-15563,720800,
,,VF,,,,TRUE,https://www.vhpa.org/KIA/incident/72080048QYD480150.HTM,48QYD480150,YD480150,UH-1H,69-15569,720800,
,,VF,,,,TRUE,https://www.vhpa.org/KIA/incident/72080048PZA058925.HTM,48PZA058925,ZA058925,UH-1H,69-15574,720800,
,,VF,,,,TRUE,https://www.vhpa.org/KIA/incident/72080049QAU805078.HTM,49QAU805078,AU805078,UH-1H,69-15806,720800,
,,VF,,,,TRUE,https://www.vhpa.org/KIA/incident/72080049PBR800860.HTM,49PBR800860,BR800860,UH-1H,70-15793,720800,
,,AR,WAYPAA,,,TRUE,https://www.vhpa.org/KIA/incident/72081248PYB854248.HTM,48PYB854248,YB854248,UH-1H,67-17283,720812,61 AHC
,,AR,,,,TRUE,https://www.vhpa.org/KIA/incident/72081348PZA009291.HTM,48PZA009291,ZA009291,OH-6,69-16274,720813,
,,AR,WAAXD0,,,TRUE,https://www.vhpa.org/KIA/incident/72081549PBP027611.HTM,49PBP027611,BP027611,AH-1G,67-15531,720815,D/229 AVN
,,AR,,,,TRUE,https://www.vhpa.org/KIA/incident/72081649PBR754984.HTM,49PBR754984,BR754984,AH-1G,68-15074,720816,ARADMAC
,,VF,,,,TRUE,https://www.vhpa.org/KIA/incident/72090048PZB190050.HTM,48PZB190050,ZB190050,UH-1D,66-16231,720900,
,,VF,,,,TRUE,https://www.vhpa.org/KIA/incident/72090048QYD588117.HTM,48QYD588117,YD588117,UH-1H,68-15428,720900,
,,VF,,,,TRUE,https://www.vhpa.org/KIA/incident/72090048PZA212537.HTM,48PZA212537,ZA212537,UH-1H,68-16260,720900,
,,VF,,,,TRUE,https://www.vhpa.org/KIA/incident/72090049PCR140380.HTM,49PCR140380,CR140380,UH-1H,69-15393,720900,
,,VF,,,,TRUE,https://www.vhpa.org/KIA/incident/72090048PXT695468.HTM,48PXT695468,XT695468,UH-1H,69-15426,720900,
,,VF,,,,TRUE,https://www.vhpa.org/KIA/incident/72090048QYD205565.HTM,48QYD205565,YD205565,UH-1H,69-15774,720900,
,,VF,,,,TRUE,https://www.vhpa.org/KIA/incident/72090049PBT084706.HTM,49PBT084706,BT084706,UH-1H,69-15776,720900,
,,VF,,,,TRUE,https://www.vhpa.org/KIA/incident/72090048QYD620124.HTM,48QYD620124,YD620124,UH-1H,69-15813,720900,421ST MED CO
,,VF,,,,TRUE,https://www.vhpa.org/KIA/incident/72090048QYD675075.HTM,48QYD675075,YD675075,UH-1H,69-15817,720900,
,,AR,WFAPAA,,,TRUE,https://www.vhpa.org/KIA/incident/72090348PZA099310.HTM,48PZA099310,ZA099310,UH-1H,69-15665,720903,H/17 CAV
,,VF,,,,TRUE,https://www.vhpa.org/KIA/incident/72090649PAT871156.HTM,49PAT871156,AT871156,UH-1,,720906,
,,AR,WFAPAA,,,TRUE,https://www.vhpa.org/KIA/incident/72090648PZA143249.HTM,48PZA143249,ZA143249,OH-6A,68-17300,720906,H/17 CAV
,72090707.KIA,AR,WH0JAA,,,TRUE,https://www.vhpa.org/KIA/incident/72090707KIA.HTM,48PYT133323,YT133323,OH-6A,69-15972,720907,F/9 CAV
,,VF,,,,TRUE,https://www.vhpa.org/KIA/incident/72090849PBT135134.HTM,49PBT135134,BT135134,UH-1H,68-15505,720908,
,,AR,WG20AA,,,TRUE,https://www.vhpa.org/KIA/incident/72091749PBS724537.HTM,49PBS724537,BS724537,OH-6A,69-16013,720917,F/8 CAV
,,VF,,,,TRUE,https://www.vhpa.org/KIA/incident/72092949PBS755543.HTM,49PBS755543,BS755543,UH-1H,67-17608,720929,
,,AR,,,,TRUE,https://www.vhpa.org/KIA/incident/72093049PBS688519.HTM,49PBS688519,BS688519,OH-6,,720930,
,,VF,,,,TRUE,https://www.vhpa.org/KIA/incident/72100048PWS782143.HTM,48PWS782143,WS782143,UH-1,68-00000,721000,
,,VF,,,,TRUE,https://www.vhpa.org/KIA/incident/72100048PZA147725.HTM,48PZA147725,ZA147725,UH-1H,68-16493,721000,
,,VF,,,,TRUE,https://www.vhpa.org/KIA/incident/72100048QYD810170.HTM,48QYD810170,YD810170,UH-1H,68-16496,721000,
,,VF,,,,TRUE,https://www.vhpa.org/KIA/incident/72100048PYA870215.HTM,48PYA870215,YA870215,UH-1H,68-16506,721000,
,,VF,,,,TRUE,https://www.vhpa.org/KIA/incident/72100048PYA140180.HTM,48PYA140180,YA140180,UH-1H,69-15109,721000,
,,VF,,,,TRUE,https://www.vhpa.org/KIA/incident/72100049PBR857945.HTM,49PBR857945,BR857945,UH-1H,69-15116,721000,
,,AR,WCLSAA,,,TRUE,https://www.vhpa.org/KIA/incident/72100248PXT617288.HTM,48PXT617288,XT617288,OH-6A,66-07863,721002,388 TC CO
,,AR,,,,TRUE,https://www.vhpa.org/KIA/incident/72100648PZA163939.HTM,48PZA163939,ZA163939,AH-1,,721006,
,,AR,,,,TRUE,https://www.vhpa.org/KIA/incident/72101249PBT035357.HTM,49PBT035357,BT035357,AH-1,,721012,
,,AR,WE4HAA,,,TRUE,https://www.vhpa.org/KIA/incident/72101549PCR102427.HTM,49PCR102427,CR102427,OH-6A,67-16668,721015,142 TC CO
,,AA,,,,TRUE,https://www.vhpa.org/KIA/incident/72101948PXC520370.HTM,48PXC520370,XC520370,UH-34D,154892,721019,Air America
,,AR,,,,TRUE,https://www.vhpa.org/KIA/incident/72102349PBR335453.HTM,49PBR335453,BR335453,OH-6,,721023,
,,AR,,,,TRUE,https://www.vhpa.org/KIA/incident/72102649PBS583816.HTM,49PBS583816,BS583816,OH-6,,721026,
,72102629.KIA,AR,WFAMAA,,,TRUE,https://www.vhpa.org/KIA/incident/72102629KIA.HTM,49PBS576814,BS576814,OH-6A,68-17329,721026,D/17 CAV
,,AR,WHZMAA,,,TRUE,https://www.vhpa.org/KIA/incident/72102848PWS653001.HTM,48PWS653001,WS653001,OH-6A,67-16589,721028,C/16 CAV
,,AR,,,,TRUE,https://www.vhpa.org/KIA/incident/72103049QBT040781.HTM,49QBT040781,BT040781,UH-1,,721030,
,,AR,,,,TRUE,https://www.vhpa.org/KIA/incident/72103048PWS658035.HTM,48PWS658035,WS658035,OH-6,,721030,
,72103110.KIA,AR,WAYNAA,,,TRUE,https://www.vhpa.org/KIA/incident/72103110KIA.HTM,48PXS321413,XS321413,CH-47C,69-17119,721031,18 CAC
,,VF,,,,TRUE,https://www.vhpa.org/KIA/incident/72110048PXS974837.HTM,48PXS974837,XS974837,UH-1,,721100,
,,VF,,,,TRUE,https://www.vhpa.org/KIA/incident/72110048PZB228192.HTM,48PZB228192,ZB228192,UH-1H,69-15958,721100,
,,VF,,,,TRUE,https://www.vhpa.org/KIA/incident/72110048PWS764154.HTM,48PWS764154,WS764154,UH-1H,70-15921,721100,
,,VF,,,,TRUE,https://www.vhpa.org/KIA/incident/72110048PZB085240.HTM,48PZB085240,ZB085240,UH-1H,70-15924,721100,
,72110532.KIA,AR,,,,TRUE,https://www.vhpa.org/KIA/incident/72110532KIA.HTM,49PBT109596,BT109596,OH-6A,,721105,D/17 CAV
,,AR,WHARAA,,Forced down by bad weather in NVA territory.  Last air crew rescured by 37 ARRS out of Danang.  Helicopter never recovered.,TRUE,https://www.vhpa.org/KIA/incident/72110649PBS345610.HTM,49PBS345610,BS345610,UH-1H,69-15159,721106,62 AVN
,,VF,,,,TRUE,https://www.vhpa.org/KIA/incident/72111848PXT880280.HTM,48PXT880280,XT880280,UH-1,,721118,
,,AR,WHZMAA,,,TRUE,https://www.vhpa.org/KIA/incident/72112448PWS766349.HTM,48PWS766349,WS766349,AH-1G,70-16030,721124,C/16 CAV
,,VF,,,,TRUE,https://www.vhpa.org/KIA/incident/72120048PXT807847.HTM,48PXT807847,XT807847,UH-1,67-15712,721200,
,,VF,,,,TRUE,https://www.vhpa.org/KIA/incident/72120049PAT988250.HTM,49PAT988250,AT988250,UH-1H,67-17314,721200,
,,VF,,,,TRUE,https://www.vhpa.org/KIA/incident/72120048QYD420440.HTM,48QYD420440,YD420440,UH-1H,68-15711,721200,
,,AR,WH0JAA,,,TRUE,https://www.vhpa.org/KIA/incident/72120348PXT565655.HTM,48PXT565655,XT565655,AH-1G,68-17107,721203,F/9 CAV
,,AR,WG20AA,,,TRUE,https://www.vhpa.org/KIA/incident/72120748PXS657844.HTM,48PXS657844,XS657844,OH-6A,68-17209,721207,F/8 CAV
,,AR,WHNFAA,,,TRUE,https://www.vhpa.org/KIA/incident/72121149PBR961273.HTM,49PBR961273,BR961273,OH-6A,67-16089,721211,H/10 CAV
,,AR,WHZMAA,,,TRUE,https://www.vhpa.org/KIA/incident/72121948PXS420550.HTM,48PXS420550,XS420550,OH-6A,68-17173,721219,C/16 CAV
,,AF,,,,TRUE,https://www.vhpa.org/KIA/incident/72122549QBT005800.HTM,49QBT005800,BT005800,OH-6,,721225,
,,AF,,,,TRUE,https://www.vhpa.org/KIA/incident/72122748QUH727062.HTM,48QUH727062,UH727062,CH-53,9605788,721227,
,72122828.KIA,AR,WHZMAA,,,TRUE,https://www.vhpa.org/KIA/incident/72122828KIA.HTM,48PVS699458,VS699458,OH-6A,69-16069,721228,C/16 CAV
,,VF,,,,TRUE,https://www.vhpa.org/KIA/incident/73010048PYS008705.HTM,48PYS008705,YS008705,UH-1,,730100,
,,VF,,,,TRUE,https://www.vhpa.org/KIA/incident/73010048QYD845045.HTM,48QYD845045,YD845045,UH-1H,70-15717,730100,
1978,73010810.KIA,AR,WHARAA,,,TRUE,https://www.vhpa.org/KIA/incident/73010810KIA.HTM,48QYD324528,YD324528,UH-1H,69-15619,730108,62 AHC
,,AR,WG20AA,,,TRUE,https://www.vhpa.org/KIA/incident/73011548PXT623521.HTM,48PXT623521,XT623521,AH-1G,68-15055,730115,F/8 CAV
,,AR,WFAPAA,,,TRUE,https://www.vhpa.org/KIA/incident/73011649PAR782889.HTM,49PAR782889,AR782889,AH-1G,67-15626,730116,H/17 CAV
,,VF,,,,TRUE,https://www.vhpa.org/KIA/incident/73011948PZB135050.HTM,48PZB135050,ZB135050,UH-1,,730119,
,,VF,,,,TRUE,https://www.vhpa.org/KIA/incident/73011948PZB017121.HTM,48PZB017121,ZB017121,UH-1,,730119,
,,VF,,,,TRUE,https://www.vhpa.org/KIA/incident/73012549PBS917137.HTM,49PBS917137,BS917137,UH-1H,66-16955,730125,
,73012650.KIA,AR,WHNFAA,,,TRUE,https://www.vhpa.org/KIA/incident/73012650KIA.HTM,48PZT183209,ZT183209,OH-6A,66-07918,730126,H/10 CAV
,,AR,WAX5AA,,,TRUE,https://www.vhpa.org/KIA/incident/73012648PZA233492.HTM,48PZA233492,ZA233492,UH-1H,68-16278,730126,57 AHC
,73012828.KIA,AR,,,Aircraft hit by small arms fire wounding the pilot who died the next day.,FALSE,https://www.vhpa.org/KIA/incident/73012848PWS733003.HTM,48PWS733003,WS733003,UH-1H,,730128,16 AVN
,,VF,,,,TRUE,https://www.vhpa.org/KIA/incident/73013148PXC653213.HTM,48PXC653213,XC653213,UH-1H,69-15120,730131,
,,VF,,,,TRUE,https://www.vhpa.org/KIA/incident/73013149PBS573305.HTM,49PBS573305,BS573305,UH-1H,69-15741,730131,
,,VF,,,,TRUE,https://www.vhpa.org/KIA/incident/73013148PWR065407.HTM,48PWR065407,WR065407,UH-1,69-16098,730131,
,,VF,,,,TRUE,https://www.vhpa.org/KIA/incident/73020049PBR882430.HTM,49PBR882430,BR882430,UH-1H,69-15462,730200,
,,VF,,,,TRUE,https://www.vhpa.org/KIA/incident/73020048PWT210045.HTM,48PWT210045,WT210045,UH-1,69-19621,730200,
,,VF,,,,TRUE,https://www.vhpa.org/KIA/incident/73020349PAN797075.HTM,49PAN797075,AN797075,UH-1H,69-15163,730203,
,,VF,,,,TRUE,https://www.vhpa.org/KIA/incident/73020848QYD895158.HTM,48QYD895158,YD895158,UH-1H,68-16546,730208,
,,VF,,,,TRUE,https://www.vhpa.org/KIA/incident/73021548PXT030442.HTM,48PXT030442,XT030442,UH-1H,69-15789,730215,
,73022348.KIA,AR,WAYNAA,,,TRUE,https://www.vhpa.org/KIA/incident/73022348KIA.HTM,48PXT766754,XT766754,CH-47C,67-18529,730216,18 CAC
,,VF,,,,TRUE,https://www.vhpa.org/KIA/incident/73022048QYD572276.HTM,48QYD572276,YD572276,UH-1H,69-15857,730220,
,,VF,,,,TRUE,https://www.vhpa.org/KIA/incident/73022749PBT529120.HTM,49PBT529120,BT529120,UH-1H,69-15782,730227,
,,VF,,,,TRUE,https://www.vhpa.org/KIA/incident/73030348PXT310570.HTM,48PXT310570,XT310570,UH-1H,68-15407,730303,
,,VF,,,,TRUE,https://www.vhpa.org/KIA/incident/73030548PYS044676.HTM,48PYS044676,YS044676,UH-1H,69-15899,730305,
,,VF,,,,TRUE,https://www.vhpa.org/KIA/incident/73030849QBT069732.HTM,49QBT069732,BT069732,UH-1H,69-15366,730308,
,,VF,,,,TRUE,https://www.vhpa.org/KIA/incident/73030849QBT069732.HTM,49QBT069732,BT069732,UH-1H,69-15633,730308,
,,VF,,,,TRUE,https://www.vhpa.org/KIA/incident/73032549PBT221360.HTM,49PBT221360,BT221360,UH-1H,69-15881,730325,
,,VF,,,,TRUE,https://www.vhpa.org/KIA/incident/73040048PXT310570.HTM,48PXT310570,XT310570,UH-1,69-16407,730400,
,,VF,,,,TRUE,https://www.vhpa.org/KIA/incident/73040148PXS330380.HTM,48PXS330380,XS330380,UH-1H,67-17438,730401,
,,VF,,,,TRUE,https://www.vhpa.org/KIA/incident/73040748PWR480790.HTM,48PWR480790,WR480790,UH-1H,69-15348,730407,
,,VF,,,,TRUE,https://www.vhpa.org/KIA/incident/73041648PWR480640.HTM,48PWR480640,WR480640,UH-1H,68-15429,730416,
,,VF,,,,TRUE,https://www.vhpa.org/KIA/incident/73041649PBP245236.HTM,49PBP245236,BP245236,UH-1H,68-15621,730416,
,,VF,,,,TRUE,https://www.vhpa.org/KIA/incident/73051648PWR487790.HTM,48PWR487790,WR487790,UH-1D,66-16309,730516,
,,VF,,,,TRUE,https://www.vhpa.org/KIA/incident/73052449PCR105335.HTM,49PCR105335,CR105335,UH-1H,68-15686,730524,
,,VF,,,,TRUE,https://www.vhpa.org/KIA/incident/73060049PAN797075.HTM,49PAN797075,AN797075,UH-1,69-13163,730600,
,,VF,WACYD0,,,TRUE,https://www.vhpa.org/KIA/incident/73060048QZD083143.HTM,48QZD083143,ZD083143,UH-1H,69-15175,730600,D/1/1 CAV
,,VF,,,,TRUE,https://www.vhpa.org/KIA/incident/73060348PXT270560.HTM,48PXT270560,XT270560,CH-47A,66-00091,730603,
,,VF,,,,TRUE,https://www.vhpa.org/KIA/incident/73060848PXT643245.HTM,48PXT643245,XT643245,UH-1H,68-15544,730608,
1988,73061414.KIA,AF,,,"Aircraft had mechanical failure, lost tail rotor and crashed in Tonle Sap Lake 43 KM S-SE of Siem Reap, CB.",TRUE,https://www.vhpa.org/KIA/incident/73061414KIA.HTM,48PVV024427,VV024427,HH-53C,68-10362,730614,40 ARRS
,,VF,,,,TRUE,https://www.vhpa.org/KIA/incident/73061548PXS627724.HTM,48PXS627724,XS627724,UH-1H,70-15782,730615,
,,VF,,,,TRUE,https://www.vhpa.org/KIA/incident/73061648PZC201301.HTM,48PZC201301,ZC201301,UH-1H,70-15781,730616,
,,VF,,,,TRUE,https://www.vhpa.org/KIA/incident/73062649PBS922108.HTM,49PBS922108,BS922108,UH-1H,71-20091,730626,
,,VF,,,,TRUE,https://www.vhpa.org/KIA/incident/73062949PBR876904.HTM,49PBR876904,BR876904,UH-1H,69-15709,730629,
,,AR,,,,TRUE,https://www.vhpa.org/KIA/incident/73070048PWS841190.HTM,48PWS841190,WS841190,UH-1H,68-15675,730700,
,,VF,,,,TRUE,https://www.vhpa.org/KIA/incident/73070048QYD638276.HTM,48QYD638276,YD638276,UH-1H,69-16708,730700,
,,VF,,,,TRUE,https://www.vhpa.org/KIA/incident/73070548PYT100800.HTM,48PYT100800,YT100800,UH-1H,68-16146,730705,
,,VF,,,,TRUE,https://www.vhpa.org/KIA/incident/73070548PZQ821070.HTM,48PZQ821070,ZQ821070,UH-1H,69-15059,730705,
,,VF,,,,TRUE,https://www.vhpa.org/KIA/incident/73072749PAP820725.HTM,49PAP820725,AP820725,UH-1H,67-17478,730727,
,,VF,,,,TRUE,https://www.vhpa.org/KIA/incident/73081048PYT075080.HTM,48PYT075080,YT075080,UH-1H,69-15559,730810,
,,VF,,,,TRUE,https://www.vhpa.org/KIA/incident/73081249PBR985440.HTM,49PBR985440,BR985440,UH-1H,69-15516,730812,
,,VF,,,,TRUE,https://www.vhpa.org/KIA/incident/73090048PXS330380.HTM,48PXS330380,XS330380,UH-1H,69-15438,730900,
,,VF,,,,TRUE,https://www.vhpa.org/KIA/incident/73090048PYS330690.HTM,48PYS330690,YS330690,UH-1H,69-15810,730900,
,,VF,,,,TRUE,https://www.vhpa.org/KIA/incident/73091049PBT540060.HTM,49PBT540060,BT540060,UH-1H,69-15478,730910,
,,VF,,,,TRUE,https://www.vhpa.org/KIA/incident/73092648PXR035510.HTM,48PXR035510,XR035510,UH-1H,68-16472,730926,
,,VF,,,,TRUE,https://www.vhpa.org/KIA/incident/73092648PXS365890.HTM,48PXS365890,XS365890,UH-1H,70-15774,730926,
,,VF,,,,TRUE,https://www.vhpa.org/KIA/incident/73092849PAT808011.HTM,49PAT808011,AT808011,UH-1H,70-15775,730928,
,,VF,,,,TRUE,https://www.vhpa.org/KIA/incident/73092848QYD708244.HTM,48QYD708244,YD708244,UH-1H,71-20099,730928,
,,VF,,,,TRUE,https://www.vhpa.org/KIA/incident/73100049PBS922108.HTM,49PBS922108,BS922108,UH-1H,69-15091,731000,
,,VF,,,,TRUE,https://www.vhpa.org/KIA/incident/73101748PZT650600.HTM,48PZT650600,ZT650600,UH-1H,71-20185,731017,
,,VF,,,,TRUE,https://www.vhpa.org/KIA/incident/73101848PWR123423.HTM,48PWR123423,WR123423,UH-1H,67-17482,731018,
,,VF,,,,TRUE,https://www.vhpa.org/KIA/incident/73102048PZT168680.HTM,48PZT168680,ZT168680,UH-1H,68-16489,731020,
,,VF,,,,TRUE,https://www.vhpa.org/KIA/incident/73110049PBS608335.HTM,49PBS608335,BS608335,UH-1H,68-16068,731100,
,,VF,,,,TRUE,https://www.vhpa.org/KIA/incident/73111749PBS600674.HTM,49PBS600674,BS600674,CH-47A,66-00082,731117,
,,VF,,,,TRUE,https://www.vhpa.org/KIA/incident/73111748PXT986165.HTM,48PXT986165,XT986165,UH-1H,68-16479,731117,
,,VF,,,,TRUE,https://www.vhpa.org/KIA/incident/73112249PBT005050.HTM,49PBT005050,BT005050,UH-1H,67-17840,731122,
,,VF,,,,TRUE,https://www.vhpa.org/KIA/incident/73120049PBN648533.HTM,49PBN648533,BN648533,UH-1H,68-15712,731200,
,,VF,,,,TRUE,https://www.vhpa.org/KIA/incident/73120448PWR174314.HTM,48PWR174314,WR174314,UH-1H,68-15515,731204,
,,VF,,,,TRUE,https://www.vhpa.org/KIA/incident/73122648PXT550850.HTM,48PXT550850,XT550850,CH-47A,66-00084,731226,
,,VF,,,,TRUE,https://www.vhpa.org/KIA/incident/73123148PXT953249.HTM,48PXT953249,XT953249,UH-1H,66-17058,731231,
,,VF,,,,TRUE,https://www.vhpa.org/KIA/incident/74010149PAQ860850.HTM,49PAQ860850,AQ860850,CH-47A,66-19083,740101,
,,VF,,,,TRUE,https://www.vhpa.org/KIA/incident/74011249PAR770500.HTM,49PAR770500,AR770500,UH-1H,71-20140,740112,
,,VF,,,,TRUE,https://www.vhpa.org/KIA/incident/74020349PBS830420.HTM,49PBS830420,BS830420,UH-1H,66-16925,740203,
,,VF,,,,TRUE,https://www.vhpa.org/KIA/incident/74020348PXS420430.HTM,48PXS420430,XS420430,UH-1H,69-15211,740203,
,,VF,,,,TRUE,https://www.vhpa.org/KIA/incident/74021448PYT072053.HTM,48PYT072053,YT072053,CH-47A,66-19033,740214,
,,VF,,,,TRUE,https://www.vhpa.org/KIA/incident/74022448PWS925620.HTM,48PWS925620,WS925620,UH-1H,69-15819,740224,
,,VF,,,,TRUE,https://www.vhpa.org/KIA/incident/74032148PXT862158.HTM,48PXT862158,XT862158,UH-1H,69-15558,740321,
,,VF,,,,TRUE,https://www.vhpa.org/KIA/incident/74032948PVS630575.HTM,48PVS630575,VS630575,UH-1H,69-15160,740329,
,,VF,,,,TRUE,https://www.vhpa.org/KIA/incident/74050148PVS660940.HTM,48PVS660940,VS660940,UH-1H,69-15890,740501,
,,VF,,,,TRUE,https://www.vhpa.org/KIA/incident/74050148PVS660440.HTM,48PVS660440,VS660440,UH-1H,70-15808,740501,
,,VF,,,,TRUE,https://www.vhpa.org/KIA/incident/74051049PAR900000.HTM,49PAR900000,AR900000,UH-1D,66-16838,740510,
,,VF,,,,TRUE,https://www.vhpa.org/KIA/incident/74051149PBS482813.HTM,49PBS482813,BS482813,UH-1H,69-16661,740511,
,,VF,,,,TRUE,https://www.vhpa.org/KIA/incident/74052948PXS063644.HTM,48PXS063644,XS063644,CH-47A,64-13143,740529,
,,VF,,,,TRUE,https://www.vhpa.org/KIA/incident/74053048PXT758219.HTM,48PXT758219,XT758219,UH-1H,69-16659,740530,
,,VF,,,,TRUE,https://www.vhpa.org/KIA/incident/74061048PXS688877.HTM,48PXS688877,XS688877,UH-1H,70-15705,740610,
,,VF,,,,TRUE,https://www.vhpa.org/KIA/incident/74061149PBQ025390.HTM,49PBQ025390,BQ025390,UH-1H,70-15918,740611,
,,VF,,,,TRUE,https://www.vhpa.org/KIA/incident/74072648PYS607825.HTM,48PYS607825,YS607825,UH-1H,69-15808,740726,
,,VF,,,,TRUE,https://www.vhpa.org/KIA/incident/74081548PWS853083.HTM,48PWS853083,WS853083,UH-1,71-20837,740815,
,,VF,,,,TRUE,https://www.vhpa.org/KIA/incident/74090048PZV030270.HTM,48PZV030270,ZV030270,UH-1H,70-15810,740900,
2042,75042910.KIA,MC,,,Crashed into the sea on approach to USS HANCOCK after having flown a log and exhausting night SAR.,TRUE,https://www.vhpa.org/KIA/incident/75042910KIA.HTM,48PYR560980,YR560980,CH-46D,154042,750429,HMM-164
2003,75051555.TXT,AF,,,,TRUE,https://www.vhpa.org/KIA/incident/75051555TXT.HTM,48PTS965400,TS965400,CH-53A,68-10925,750515,21 SOS
2002,75051501.TXT,AF,,,,TRUE,https://www.vhpa.org/KIA/incident/75051501TXT.HTM,48PTS940400,TS940400,CH-53A,68-10926,750515,21 SOS
